#
# There is insufficient memory for the Java Runtime Environment to continue.
# Native memory allocation (malloc) failed to allocate 1410416 bytes. Error detail: Chunk::new
# Possible reasons:
#   The system is out of physical RAM or swap space
#   This process is running with CompressedOops enabled, and the Java Heap may be blocking the growth of the native heap
# Possible solutions:
#   Reduce memory load on the system
#   Increase physical memory or swap space
#   Check if swap backing store is full
#   Decrease Java heap size (-Xmx/-Xms)
#   Decrease number of Java threads
#   Decrease Java thread stack sizes (-Xss)
#   Set larger code cache with -XX:ReservedCodeCacheSize=
#   JVM is running with Unscaled Compressed Oops mode in which the Java heap is
#     placed in the first 4GB address space. The Java Heap base address is the
#     maximum limit for the native heap growth. Please use -XX:HeapBaseMinAddress
#     to set the Java Heap base and to place the Java Heap above 4GB virtual address.
# This output file may be truncated or incomplete.
#
#  Out of Memory Error (arena.cpp:168), pid=9972, tid=28812
#
# JRE version: OpenJDK Runtime Environment (21.0.10) (build 21.0.10+-14961533-b1163.108)
# Java VM: OpenJDK 64-Bit Server VM (21.0.10+-14961533-b1163.108, mixed mode, tiered, compressed oops, compressed class ptrs, g1 gc, windows-amd64)
# No core dump will be written. Minidumps are not enabled by default on client versions of Windows
#

---------------  S U M M A R Y ------------

Command Line: --add-opens=java.base/java.lang=ALL-UNNAMED --add-opens=java.base/java.lang.invoke=ALL-UNNAMED --add-opens=java.base/java.util=ALL-UNNAMED --add-opens=java.prefs/java.util.prefs=ALL-UNNAMED --add-exports=jdk.compiler/com.sun.tools.javac.api=ALL-UNNAMED --add-exports=jdk.compiler/com.sun.tools.javac.util=ALL-UNNAMED --add-opens=java.base/java.util=ALL-UNNAMED --add-opens=java.prefs/java.util.prefs=ALL-UNNAMED --add-opens=java.base/java.nio.charset=ALL-UNNAMED --add-opens=java.base/java.net=ALL-UNNAMED --add-opens=java.base/java.util.concurrent=ALL-UNNAMED --add-opens=java.base/java.util.concurrent.atomic=ALL-UNNAMED --add-opens=java.xml/javax.xml.namespace=ALL-UNNAMED --add-opens=java.base/java.time=ALL-UNNAMED -Xmx2048m -Dfile.encoding=UTF-8 -Duser.country=US -Duser.language=en -Duser.variant -javaagent:C:\Users\Kabo\.gradle\wrapper\dists\gradle-9.3.1-bin\23ovyewtku6u96viwx3xl3oks\gradle-9.3.1\lib\agents\gradle-instrumentation-agent-9.3.1.jar org.gradle.launcher.daemon.bootstrap.GradleDaemon 9.3.1

Host: AMD Ryzen 5 5500U with Radeon Graphics         , 12 cores, 7G,  Windows 11 , 64 bit Build 26100 (10.0.26100.8328)
Time: Fri Jun  5 03:53:26 2026 Egypt Daylight Time elapsed time: 143.501122 seconds (0d 0h 2m 23s)

---------------  T H R E A D  ---------------

Current thread (0x00000180b22a08e0):  JavaThread "C2 CompilerThread0" daemon [_thread_in_native, id=28812, stack(0x00000014df200000,0x00000014df300000) (1024K)]


Current CompileTask:
C2:143501 11055       4       org.gradle.internal.reflect.ClassInspector::inspectClass (179 bytes)

Stack: [0x00000014df200000,0x00000014df300000]
Native frames: (J=compiled Java code, j=interpreted, Vv=VM code, C=native code)
V  [jvm.dll+0x6d78a9]
V  [jvm.dll+0x8665b3]
V  [jvm.dll+0x868bde]
V  [jvm.dll+0x8692c3]
V  [jvm.dll+0x280ee6]
V  [jvm.dll+0xc07cd]
V  [jvm.dll+0xc0d03]
V  [jvm.dll+0x3ba091]
V  [jvm.dll+0x385df7]
V  [jvm.dll+0x38526a]
V  [jvm.dll+0x249bd2]
V  [jvm.dll+0x2491a1]
V  [jvm.dll+0x1c76e4]
V  [jvm.dll+0x25891e]
V  [jvm.dll+0x256e66]
V  [jvm.dll+0x3f513e]
V  [jvm.dll+0x80fd28]
V  [jvm.dll+0x6d60fd]
C  [ucrtbase.dll+0x37b0]
C  [KERNEL32.DLL+0x2e957]
C  [ntdll.dll+0x427c]


---------------  P R O C E S S  ---------------

Threads class SMR info:
_java_thread_list=0x00000180bb799040, length=93, elements={
0x00000180987a5d60, 0x00000180b228a190, 0x00000180b22b6e40, 0x00000180b22b78a0,
0x00000180b22b8300, 0x00000180b22b8d60, 0x00000180b22b97c0, 0x00000180b229fb50,
0x00000180b22a08e0, 0x00000180b22b9e30, 0x00000180b261e6b0, 0x00000180b8a49410,
0x00000180b2b0e800, 0x00000180b8d33460, 0x00000180b85f4910, 0x00000180b85f6350,
0x00000180b85f4fa0, 0x00000180b7c36330, 0x00000180b7c37d70, 0x00000180b7c348f0,
0x00000180b7c38a90, 0x00000180b7c38400, 0x00000180b7c35610, 0x00000180b7c39120,
0x00000180b7c35ca0, 0x00000180b7c397b0, 0x00000180b7c39e40, 0x00000180b7c369c0,
0x00000180b7c3a4d0, 0x00000180b7c37050, 0x00000180b7c3ab60, 0x00000180b7c3b880,
0x00000180bac1b690, 0x00000180bac1bd20, 0x00000180bac1a2e0, 0x00000180bac1a970,
0x00000180bac1b000, 0x00000180bac188a0, 0x00000180bac19c50, 0x00000180bac18f30,
0x00000180bac1ddf0, 0x00000180bac1ca40, 0x00000180bac1e480, 0x00000180bac1eb10,
0x00000180bac1fec0, 0x00000180bac1f1a0, 0x00000180bac1f830, 0x00000180ba8de9e0,
0x00000180ba8dfd90, 0x00000180ba8df070, 0x00000180ba8df700, 0x00000180ba8e0420,
0x00000180ba8dcfa0, 0x00000180ba8e0ab0, 0x00000180ba8e1140, 0x00000180ba8ddcc0,
0x00000180ba8e17d0, 0x00000180ba8de350, 0x00000180ba8e2b80, 0x00000180b85f5cc0,
0x00000180b85f4280, 0x00000180b85f3560, 0x00000180bb99e4c0, 0x00000180bb9a0590,
0x00000180bb9a1940, 0x00000180bb9a1fd0, 0x00000180bb99f1e0, 0x00000180bb99eb50,
0x00000180bb9a0c20, 0x00000180bb9a2660, 0x00000180bb9a12b0, 0x00000180bb9a2cf0,
0x00000180bb99f870, 0x00000180bb99ff00, 0x00000180bb9a4730, 0x00000180bb9a3380,
0x00000180bb9a4dc0, 0x00000180bb9a5450, 0x00000180bb9a5ae0, 0x00000180bb9a3a10,
0x00000180bb9a40a0, 0x00000180ba8e38a0, 0x00000180ba8e3f30, 0x00000180b7c376e0,
0x00000180b7c34f80, 0x00000180b7c3b1f0, 0x00000180b7c3bf10, 0x00000180bb672ee0,
0x00000180bb674920, 0x00000180bb674fb0, 0x00000180bb672850, 0x00000180bb673570,
0x00000180b9e3d2a0
}

Java Threads: ( => current thread )
  0x00000180987a5d60 JavaThread "main"                              [_thread_blocked, id=7688, stack(0x00000014de300000,0x00000014de400000) (1024K)]
  0x00000180b228a190 JavaThread "Common-Cleaner"             daemon [_thread_blocked, id=5788, stack(0x00000014deb00000,0x00000014dec00000) (1024K)]
  0x00000180b22b6e40 JavaThread "Reference Handler"          daemon [_thread_blocked, id=16956, stack(0x00000014dec00000,0x00000014ded00000) (1024K)]
  0x00000180b22b78a0 JavaThread "Finalizer"                  daemon [_thread_blocked, id=13456, stack(0x00000014ded00000,0x00000014dee00000) (1024K)]
  0x00000180b22b8300 JavaThread "Signal Dispatcher"          daemon [_thread_blocked, id=29920, stack(0x00000014dee00000,0x00000014def00000) (1024K)]
  0x00000180b22b8d60 JavaThread "Attach Listener"            daemon [_thread_blocked, id=12492, stack(0x00000014def00000,0x00000014df000000) (1024K)]
  0x00000180b22b97c0 JavaThread "Service Thread"             daemon [_thread_blocked, id=10428, stack(0x00000014df000000,0x00000014df100000) (1024K)]
  0x00000180b229fb50 JavaThread "Monitor Deflation Thread"   daemon [_thread_blocked, id=22252, stack(0x00000014df100000,0x00000014df200000) (1024K)]
=>0x00000180b22a08e0 JavaThread "C2 CompilerThread0"         daemon [_thread_in_native, id=28812, stack(0x00000014df200000,0x00000014df300000) (1024K)]
  0x00000180b22b9e30 JavaThread "C1 CompilerThread0"         daemon [_thread_blocked, id=27156, stack(0x00000014df300000,0x00000014df400000) (1024K)]
  0x00000180b261e6b0 JavaThread "Notification Thread"        daemon [_thread_blocked, id=30336, stack(0x00000014df400000,0x00000014df500000) (1024K)]
  0x00000180b8a49410 JavaThread "Daemon health stats"               [_thread_blocked, id=13044, stack(0x00000014dfb00000,0x00000014dfc00000) (1024K)]
  0x00000180b2b0e800 JavaThread "Incoming local TCP Connector on port 53777"        [_thread_in_native, id=21004, stack(0x00000014dfc00000,0x00000014dfd00000) (1024K)]
  0x00000180b8d33460 JavaThread "Daemon periodic checks"            [_thread_blocked, id=22804, stack(0x00000014dfd00000,0x00000014dfe00000) (1024K)]
  0x00000180b85f4910 JavaThread "Cache worker for journal cache (C:\Users\Kabo\.gradle\caches\journal-1)"        [_thread_blocked, id=27768, stack(0x00000014e0a00000,0x00000014e0b00000) (1024K)]
  0x00000180b85f6350 JavaThread "File lock request listener"        [_thread_in_native, id=10720, stack(0x00000014e0b00000,0x00000014e0c00000) (1024K)]
  0x00000180b85f4fa0 JavaThread "Cache worker for file hash cache (C:\Users\Kabo\.gradle\caches\9.3.1\fileHashes)"        [_thread_blocked, id=30664, stack(0x00000014e0c00000,0x00000014e0d00000) (1024K)]
  0x00000180b7c36330 JavaThread "File watcher server"        daemon [_thread_in_native, id=30608, stack(0x00000014e1000000,0x00000014e1100000) (1024K)]
  0x00000180b7c37d70 JavaThread "File watcher consumer"      daemon [_thread_blocked, id=25048, stack(0x00000014e1100000,0x00000014e1200000) (1024K)]
  0x00000180b7c348f0 JavaThread "jar transforms"                    [_thread_blocked, id=19228, stack(0x00000014e1200000,0x00000014e1300000) (1024K)]
  0x00000180b7c38a90 JavaThread "jar transforms Thread 2"           [_thread_blocked, id=26660, stack(0x00000014e1300000,0x00000014e1400000) (1024K)]
  0x00000180b7c38400 JavaThread "jar transforms Thread 3"           [_thread_blocked, id=31372, stack(0x00000014e1400000,0x00000014e1500000) (1024K)]
  0x00000180b7c35610 JavaThread "jar transforms Thread 4"           [_thread_blocked, id=5768, stack(0x00000014e1500000,0x00000014e1600000) (1024K)]
  0x00000180b7c39120 JavaThread "jar transforms Thread 5"           [_thread_blocked, id=15564, stack(0x00000014e1600000,0x00000014e1700000) (1024K)]
  0x00000180b7c35ca0 JavaThread "jar transforms Thread 6"           [_thread_blocked, id=10244, stack(0x00000014e1700000,0x00000014e1800000) (1024K)]
  0x00000180b7c397b0 JavaThread "jar transforms Thread 7"           [_thread_blocked, id=2860, stack(0x00000014e1800000,0x00000014e1900000) (1024K)]
  0x00000180b7c39e40 JavaThread "jar transforms Thread 8"           [_thread_blocked, id=25804, stack(0x00000014e1900000,0x00000014e1a00000) (1024K)]
  0x00000180b7c369c0 JavaThread "jar transforms Thread 9"           [_thread_blocked, id=24876, stack(0x00000014e1a00000,0x00000014e1b00000) (1024K)]
  0x00000180b7c3a4d0 JavaThread "jar transforms Thread 10"          [_thread_blocked, id=18288, stack(0x00000014e1b00000,0x00000014e1c00000) (1024K)]
  0x00000180b7c37050 JavaThread "jar transforms Thread 11"          [_thread_blocked, id=14676, stack(0x00000014e1c00000,0x00000014e1d00000) (1024K)]
  0x00000180b7c3ab60 JavaThread "jar transforms Thread 12"          [_thread_blocked, id=13780, stack(0x00000014e1d00000,0x00000014e1e00000) (1024K)]
  0x00000180b7c3b880 JavaThread "Cache worker for file content cache (C:\Users\Kabo\.gradle\caches\9.3.1\fileContent)"        [_thread_blocked, id=24288, stack(0x00000014e1e00000,0x00000014e1f00000) (1024K)]
  0x00000180bac1b690 JavaThread "Daemon Thread 2"                   [_thread_blocked, id=24108, stack(0x00000014de000000,0x00000014de100000) (1024K)]
  0x00000180bac1bd20 JavaThread "Handler for socket connection from /127.0.0.1:53777 to /127.0.0.1:62928"        [_thread_in_native, id=22208, stack(0x00000014de100000,0x00000014de200000) (1024K)]
  0x00000180bac1a2e0 JavaThread "Cancel handler"                    [_thread_blocked, id=20428, stack(0x00000014de200000,0x00000014de300000) (1024K)]
  0x00000180bac1a970 JavaThread "Daemon worker Thread 2"            [_thread_in_vm, id=1896, stack(0x00000014dfe00000,0x00000014dff00000) (1024K)]
  0x00000180bac1b000 JavaThread "Asynchronous log dispatcher for DefaultDaemonConnection: socket connection from /127.0.0.1:53777 to /127.0.0.1:62928"        [_thread_blocked, id=31292, stack(0x00000014dff00000,0x00000014e0000000) (1024K)]
  0x00000180bac188a0 JavaThread "Stdin handler"                     [_thread_blocked, id=16480, stack(0x00000014e0500000,0x00000014e0600000) (1024K)]
  0x00000180bac19c50 JavaThread "Daemon client event forwarder"        [_thread_blocked, id=14580, stack(0x00000014e0600000,0x00000014e0700000) (1024K)]
  0x00000180bac18f30 JavaThread "Cache worker for file hash cache (D:\android_projects\DEPI-Final-Project-BloodBank\.gradle\9.3.1\fileHashes)"        [_thread_blocked, id=25608, stack(0x00000014e0700000,0x00000014e0800000) (1024K)]
  0x00000180bac1ddf0 JavaThread "Cache worker for Build Output Cleanup Cache (D:\android_projects\DEPI-Final-Project-BloodBank\.gradle\buildOutputCleanup)"        [_thread_blocked, id=19652, stack(0x00000014e0800000,0x00000014e0900000) (1024K)]
  0x00000180bac1ca40 JavaThread "Cache worker for checksums cache (D:\android_projects\DEPI-Final-Project-BloodBank\.gradle\9.3.1\checksums)"        [_thread_blocked, id=19484, stack(0x00000014e0900000,0x00000014e0a00000) (1024K)]
  0x00000180bac1e480 JavaThread "Cache worker for cache directory md-supplier (C:\Users\Kabo\.gradle\caches\9.3.1\md-supplier)"        [_thread_blocked, id=7476, stack(0x00000014e0d00000,0x00000014e0e00000) (1024K)]
  0x00000180bac1eb10 JavaThread "Cache worker for cache directory md-rule (C:\Users\Kabo\.gradle\caches\9.3.1\md-rule)"        [_thread_blocked, id=31396, stack(0x00000014e0e00000,0x00000014e0f00000) (1024K)]
  0x00000180bac1fec0 JavaThread "Unconstrained build operations"        [_thread_blocked, id=8956, stack(0x00000014e0f00000,0x00000014e1000000) (1024K)]
  0x00000180bac1f1a0 JavaThread "Unconstrained build operations Thread 2"        [_thread_blocked, id=24384, stack(0x00000014e1f00000,0x00000014e2000000) (1024K)]
  0x00000180bac1f830 JavaThread "Unconstrained build operations Thread 3"        [_thread_blocked, id=12800, stack(0x00000014e2000000,0x00000014e2100000) (1024K)]
  0x00000180ba8de9e0 JavaThread "Unconstrained build operations Thread 4"        [_thread_blocked, id=29224, stack(0x00000014e2100000,0x00000014e2200000) (1024K)]
  0x00000180ba8dfd90 JavaThread "Unconstrained build operations Thread 5"        [_thread_blocked, id=19692, stack(0x00000014e2200000,0x00000014e2300000) (1024K)]
  0x00000180ba8df070 JavaThread "Unconstrained build operations Thread 6"        [_thread_blocked, id=27212, stack(0x00000014e2300000,0x00000014e2400000) (1024K)]
  0x00000180ba8df700 JavaThread "Unconstrained build operations Thread 7"        [_thread_blocked, id=10204, stack(0x00000014e2400000,0x00000014e2500000) (1024K)]
  0x00000180ba8e0420 JavaThread "Unconstrained build operations Thread 8"        [_thread_blocked, id=23472, stack(0x00000014e2500000,0x00000014e2600000) (1024K)]
  0x00000180ba8dcfa0 JavaThread "Unconstrained build operations Thread 9"        [_thread_blocked, id=4948, stack(0x00000014e2600000,0x00000014e2700000) (1024K)]
  0x00000180ba8e0ab0 JavaThread "Unconstrained build operations Thread 10"        [_thread_blocked, id=30772, stack(0x00000014e2700000,0x00000014e2800000) (1024K)]
  0x00000180ba8e1140 JavaThread "Unconstrained build operations Thread 11"        [_thread_blocked, id=7876, stack(0x00000014e2800000,0x00000014e2900000) (1024K)]
  0x00000180ba8ddcc0 JavaThread "Unconstrained build operations Thread 12"        [_thread_blocked, id=22348, stack(0x00000014e2900000,0x00000014e2a00000) (1024K)]
  0x00000180ba8e17d0 JavaThread "Unconstrained build operations Thread 13"        [_thread_blocked, id=11536, stack(0x00000014e2a00000,0x00000014e2b00000) (1024K)]
  0x00000180ba8de350 JavaThread "Unconstrained build operations Thread 14"        [_thread_blocked, id=3172, stack(0x00000014e2b00000,0x00000014e2c00000) (1024K)]
  0x00000180ba8e2b80 JavaThread "Unconstrained build operations Thread 15"        [_thread_blocked, id=28828, stack(0x00000014e2c00000,0x00000014e2d00000) (1024K)]
  0x00000180b85f5cc0 JavaThread "Unconstrained build operations Thread 16"        [_thread_blocked, id=14004, stack(0x00000014e2d00000,0x00000014e2e00000) (1024K)]
  0x00000180b85f4280 JavaThread "Unconstrained build operations Thread 17"        [_thread_blocked, id=21372, stack(0x00000014e2e00000,0x00000014e2f00000) (1024K)]
  0x00000180b85f3560 JavaThread "Unconstrained build operations Thread 18"        [_thread_blocked, id=20804, stack(0x00000014e2f00000,0x00000014e3000000) (1024K)]
  0x00000180bb99e4c0 JavaThread "Unconstrained build operations Thread 19"        [_thread_blocked, id=26076, stack(0x00000014e3000000,0x00000014e3100000) (1024K)]
  0x00000180bb9a0590 JavaThread "Unconstrained build operations Thread 20"        [_thread_blocked, id=31020, stack(0x00000014e3100000,0x00000014e3200000) (1024K)]
  0x00000180bb9a1940 JavaThread "Unconstrained build operations Thread 21"        [_thread_blocked, id=24544, stack(0x00000014e3200000,0x00000014e3300000) (1024K)]
  0x00000180bb9a1fd0 JavaThread "Unconstrained build operations Thread 22"        [_thread_blocked, id=24944, stack(0x00000014e3300000,0x00000014e3400000) (1024K)]
  0x00000180bb99f1e0 JavaThread "Unconstrained build operations Thread 23"        [_thread_blocked, id=20372, stack(0x00000014e3400000,0x00000014e3500000) (1024K)]
  0x00000180bb99eb50 JavaThread "Unconstrained build operations Thread 24"        [_thread_blocked, id=6268, stack(0x00000014e3500000,0x00000014e3600000) (1024K)]
  0x00000180bb9a0c20 JavaThread "Unconstrained build operations Thread 25"        [_thread_blocked, id=7432, stack(0x00000014e3600000,0x00000014e3700000) (1024K)]
  0x00000180bb9a2660 JavaThread "Unconstrained build operations Thread 26"        [_thread_blocked, id=15116, stack(0x00000014e3700000,0x00000014e3800000) (1024K)]
  0x00000180bb9a12b0 JavaThread "Unconstrained build operations Thread 27"        [_thread_blocked, id=6752, stack(0x00000014e3800000,0x00000014e3900000) (1024K)]
  0x00000180bb9a2cf0 JavaThread "Unconstrained build operations Thread 28"        [_thread_blocked, id=26276, stack(0x00000014e3900000,0x00000014e3a00000) (1024K)]
  0x00000180bb99f870 JavaThread "Unconstrained build operations Thread 29"        [_thread_blocked, id=18272, stack(0x00000014e3a00000,0x00000014e3b00000) (1024K)]
  0x00000180bb99ff00 JavaThread "Unconstrained build operations Thread 30"        [_thread_blocked, id=13320, stack(0x00000014e3b00000,0x00000014e3c00000) (1024K)]
  0x00000180bb9a4730 JavaThread "Unconstrained build operations Thread 31"        [_thread_blocked, id=28852, stack(0x00000014e3c00000,0x00000014e3d00000) (1024K)]
  0x00000180bb9a3380 JavaThread "Unconstrained build operations Thread 32"        [_thread_blocked, id=19764, stack(0x00000014e3d00000,0x00000014e3e00000) (1024K)]
  0x00000180bb9a4dc0 JavaThread "Unconstrained build operations Thread 33"        [_thread_blocked, id=20752, stack(0x00000014e3e00000,0x00000014e3f00000) (1024K)]
  0x00000180bb9a5450 JavaThread "Unconstrained build operations Thread 34"        [_thread_blocked, id=23744, stack(0x00000014e3f00000,0x00000014e4000000) (1024K)]
  0x00000180bb9a5ae0 JavaThread "Unconstrained build operations Thread 35"        [_thread_blocked, id=25836, stack(0x00000014e4000000,0x00000014e4100000) (1024K)]
  0x00000180bb9a3a10 JavaThread "Unconstrained build operations Thread 36"        [_thread_blocked, id=29412, stack(0x00000014e4100000,0x00000014e4200000) (1024K)]
  0x00000180bb9a40a0 JavaThread "Unconstrained build operations Thread 37"        [_thread_blocked, id=6056, stack(0x00000014e4200000,0x00000014e4300000) (1024K)]
  0x00000180ba8e38a0 JavaThread "Unconstrained build operations Thread 38"        [_thread_blocked, id=24696, stack(0x00000014e4300000,0x00000014e4400000) (1024K)]
  0x00000180ba8e3f30 JavaThread "Unconstrained build operations Thread 39"        [_thread_blocked, id=22164, stack(0x00000014e4400000,0x00000014e4500000) (1024K)]
  0x00000180b7c376e0 JavaThread "Unconstrained build operations Thread 40"        [_thread_blocked, id=27232, stack(0x00000014e4500000,0x00000014e4600000) (1024K)]
  0x00000180b7c34f80 JavaThread "Unconstrained build operations Thread 41"        [_thread_blocked, id=19760, stack(0x00000014e4600000,0x00000014e4700000) (1024K)]
  0x00000180b7c3b1f0 JavaThread "Unconstrained build operations Thread 42"        [_thread_blocked, id=8284, stack(0x00000014e4700000,0x00000014e4800000) (1024K)]
  0x00000180b7c3bf10 JavaThread "Unconstrained build operations Thread 43"        [_thread_blocked, id=5096, stack(0x00000014e4800000,0x00000014e4900000) (1024K)]
  0x00000180bb672ee0 JavaThread "Unconstrained build operations Thread 44"        [_thread_blocked, id=2380, stack(0x00000014e4900000,0x00000014e4a00000) (1024K)]
  0x00000180bb674920 JavaThread "Unconstrained build operations Thread 45"        [_thread_blocked, id=10856, stack(0x00000014e4a00000,0x00000014e4b00000) (1024K)]
  0x00000180bb674fb0 JavaThread "Unconstrained build operations Thread 46"        [_thread_blocked, id=14884, stack(0x00000014e4b00000,0x00000014e4c00000) (1024K)]
  0x00000180bb672850 JavaThread "Unconstrained build operations Thread 47"        [_thread_blocked, id=26164, stack(0x00000014e4c00000,0x00000014e4d00000) (1024K)]
  0x00000180bb673570 JavaThread "Unconstrained build operations Thread 48"        [_thread_blocked, id=30708, stack(0x00000014e4d00000,0x00000014e4e00000) (1024K)]
  0x00000180b9e3d2a0 JavaThread "Memory manager"                    [_thread_blocked, id=15384, stack(0x00000014e4f00000,0x00000014e5000000) (1024K)]
Total: 93

Other Threads:
  0x00000180b20bd480 VMThread "VM Thread"                           [id=26308, stack(0x00000014dea00000,0x00000014deb00000) (1024K)]
  0x00000180b2074a70 WatcherThread "VM Periodic Task Thread"        [id=25848, stack(0x00000014de900000,0x00000014dea00000) (1024K)]
  0x0000018098804ff0 WorkerThread "GC Thread#0"                     [id=6120, stack(0x00000014de400000,0x00000014de500000) (1024K)]
  0x00000180b2b5a4c0 WorkerThread "GC Thread#1"                     [id=20132, stack(0x00000014df600000,0x00000014df700000) (1024K)]
  0x00000180b2b4f690 WorkerThread "GC Thread#2"                     [id=21652, stack(0x00000014df700000,0x00000014df800000) (1024K)]
  0x00000180b71d5470 WorkerThread "GC Thread#3"                     [id=28808, stack(0x00000014df800000,0x00000014df900000) (1024K)]
  0x00000180b73e8a60 WorkerThread "GC Thread#4"                     [id=29904, stack(0x00000014df900000,0x00000014dfa00000) (1024K)]
  0x00000180b85d7700 WorkerThread "GC Thread#5"                     [id=16540, stack(0x00000014df500000,0x00000014df600000) (1024K)]
  0x00000180b85d7ab0 WorkerThread "GC Thread#6"                     [id=18828, stack(0x00000014dfa00000,0x00000014dfb00000) (1024K)]
  0x00000180b7b0d830 WorkerThread "GC Thread#7"                     [id=25712, stack(0x00000014e0000000,0x00000014e0100000) (1024K)]
  0x00000180b853cb70 WorkerThread "GC Thread#8"                     [id=29292, stack(0x00000014e0100000,0x00000014e0200000) (1024K)]
  0x00000180b853cf20 WorkerThread "GC Thread#9"                     [id=26396, stack(0x00000014e0200000,0x00000014e0300000) (1024K)]
  0x0000018098815ef0 ConcurrentGCThread "G1 Main Marker"            [id=10068, stack(0x00000014de500000,0x00000014de600000) (1024K)]
  0x0000018098816910 WorkerThread "G1 Conc#0"                       [id=26192, stack(0x00000014de600000,0x00000014de700000) (1024K)]
  0x00000180b8a902e0 WorkerThread "G1 Conc#1"                       [id=10924, stack(0x00000014e0300000,0x00000014e0400000) (1024K)]
  0x00000180b8a90a40 WorkerThread "G1 Conc#2"                       [id=30060, stack(0x00000014e0400000,0x00000014e0500000) (1024K)]
  0x000001809886dfd0 ConcurrentGCThread "G1 Refine#0"               [id=28032, stack(0x00000014de700000,0x00000014de800000) (1024K)]
  0x000001809886ea60 ConcurrentGCThread "G1 Service"                [id=21216, stack(0x00000014de800000,0x00000014de900000) (1024K)]
Total: 18

Threads with active compile tasks:
C2 CompilerThread0  143533 11055       4       org.gradle.internal.reflect.ClassInspector::inspectClass (179 bytes)
Total: 1

VM state: not at safepoint (normal execution)

VM Mutex/Monitor currently owned by a thread: None

Heap address: 0x0000000080000000, size: 2048 MB, Compressed Oops mode: 32-bit

CDS archive(s) not mapped
Compressed class space mapped at: 0x0000000100000000-0x0000000140000000, reserved size: 1073741824
Narrow klass base: 0x0000000000000000, Narrow klass shift: 3, Narrow klass range: 0x140000000

GC Precious Log:
 CardTable entry size: 512
 Card Set container configuration: InlinePtr #cards 5 size 8 Array Of Cards #cards 12 size 40 Howl #buckets 4 coarsen threshold 1843 Howl Bitmap #cards 512 size 80 coarsen threshold 460 Card regions per heap region 1 cards per card region 2048
 CPUs: 12 total, 12 available
 Memory: 7501M
 Large Page Support: Disabled
 NUMA Support: Disabled
 Compressed Oops: Enabled (32-bit)
 Heap Region Size: 1M
 Heap Min Capacity: 8M
 Heap Initial Capacity: 118M
 Heap Max Capacity: 2G
 Pre-touch: Disabled
 Parallel Workers: 10
 Concurrent Workers: 3
 Concurrent Refinement Workers: 10
 Periodic GC: Disabled

Heap:
 garbage-first heap   total 212992K, used 150510K [0x0000000080000000, 0x0000000100000000)
  region size 1024K, 37 young (37888K), 7 survivors (7168K)
 Metaspace       used 96092K, committed 98304K, reserved 1179648K
  class space    used 13538K, committed 14592K, reserved 1048576K

Heap Regions: E=young(eden), S=young(survivor), O=old, HS=humongous(starts), HC=humongous(continues), CS=collection set, F=free, TAMS=top-at-mark-start, PB=parsable bottom
|   0|0x0000000080000000, 0x0000000080100000, 0x0000000080100000|100%|HS|  |TAMS 0x0000000080000000| PB 0x0000000080000000| Complete 
|   1|0x0000000080100000, 0x0000000080200000, 0x0000000080200000|100%|HC|  |TAMS 0x0000000080100000| PB 0x0000000080100000| Complete 
|   2|0x0000000080200000, 0x0000000080300000, 0x0000000080300000|100%|HC|  |TAMS 0x0000000080200000| PB 0x0000000080200000| Complete 
|   3|0x0000000080300000, 0x0000000080400000, 0x0000000080400000|100%|HC|  |TAMS 0x0000000080300000| PB 0x0000000080300000| Complete 
|   4|0x0000000080400000, 0x0000000080500000, 0x0000000080500000|100%| O|  |TAMS 0x0000000080400000| PB 0x0000000080400000| Untracked 
|   5|0x0000000080500000, 0x0000000080600000, 0x0000000080600000|100%| O|  |TAMS 0x0000000080500000| PB 0x0000000080500000| Untracked 
|   6|0x0000000080600000, 0x0000000080700000, 0x0000000080700000|100%| O|  |TAMS 0x0000000080600000| PB 0x0000000080600000| Untracked 
|   7|0x0000000080700000, 0x0000000080800000, 0x0000000080800000|100%|HS|  |TAMS 0x0000000080700000| PB 0x0000000080700000| Complete 
|   8|0x0000000080800000, 0x0000000080900000, 0x0000000080900000|100%| O|  |TAMS 0x0000000080800000| PB 0x0000000080800000| Untracked 
|   9|0x0000000080900000, 0x0000000080a00000, 0x0000000080a00000|100%| O|  |TAMS 0x0000000080900000| PB 0x0000000080900000| Untracked 
|  10|0x0000000080a00000, 0x0000000080b00000, 0x0000000080b00000|100%| O|  |TAMS 0x0000000080a00000| PB 0x0000000080a00000| Untracked 
|  11|0x0000000080b00000, 0x0000000080c00000, 0x0000000080c00000|100%| O|  |TAMS 0x0000000080b00000| PB 0x0000000080b00000| Untracked 
|  12|0x0000000080c00000, 0x0000000080d00000, 0x0000000080d00000|100%| O|  |TAMS 0x0000000080c00000| PB 0x0000000080c00000| Untracked 
|  13|0x0000000080d00000, 0x0000000080e00000, 0x0000000080e00000|100%| O|  |TAMS 0x0000000080d00000| PB 0x0000000080d00000| Untracked 
|  14|0x0000000080e00000, 0x0000000080f00000, 0x0000000080f00000|100%| O|  |TAMS 0x0000000080e00000| PB 0x0000000080e00000| Untracked 
|  15|0x0000000080f00000, 0x0000000081000000, 0x0000000081000000|100%| O|  |TAMS 0x0000000080f00000| PB 0x0000000080f00000| Untracked 
|  16|0x0000000081000000, 0x0000000081100000, 0x0000000081100000|100%| O|  |TAMS 0x0000000081000000| PB 0x0000000081000000| Untracked 
|  17|0x0000000081100000, 0x0000000081200000, 0x0000000081200000|100%| O|  |TAMS 0x0000000081100000| PB 0x0000000081100000| Untracked 
|  18|0x0000000081200000, 0x0000000081300000, 0x0000000081300000|100%| O|  |TAMS 0x0000000081200000| PB 0x0000000081200000| Untracked 
|  19|0x0000000081300000, 0x0000000081400000, 0x0000000081400000|100%| O|  |TAMS 0x0000000081300000| PB 0x0000000081300000| Untracked 
|  20|0x0000000081400000, 0x0000000081500000, 0x0000000081500000|100%| O|  |TAMS 0x0000000081400000| PB 0x0000000081400000| Untracked 
|  21|0x0000000081500000, 0x0000000081600000, 0x0000000081600000|100%| O|  |TAMS 0x0000000081500000| PB 0x0000000081500000| Untracked 
|  22|0x0000000081600000, 0x0000000081700000, 0x0000000081700000|100%| O|  |TAMS 0x0000000081600000| PB 0x0000000081600000| Untracked 
|  23|0x0000000081700000, 0x0000000081800000, 0x0000000081800000|100%|HS|  |TAMS 0x0000000081700000| PB 0x0000000081700000| Complete 
|  24|0x0000000081800000, 0x0000000081900000, 0x0000000081900000|100%|HC|  |TAMS 0x0000000081800000| PB 0x0000000081800000| Complete 
|  25|0x0000000081900000, 0x0000000081a00000, 0x0000000081a00000|100%|HC|  |TAMS 0x0000000081900000| PB 0x0000000081900000| Complete 
|  26|0x0000000081a00000, 0x0000000081b00000, 0x0000000081b00000|100%|HC|  |TAMS 0x0000000081a00000| PB 0x0000000081a00000| Complete 
|  27|0x0000000081b00000, 0x0000000081c00000, 0x0000000081c00000|100%|HC|  |TAMS 0x0000000081b00000| PB 0x0000000081b00000| Complete 
|  28|0x0000000081c00000, 0x0000000081d00000, 0x0000000081d00000|100%|HC|  |TAMS 0x0000000081c00000| PB 0x0000000081c00000| Complete 
|  29|0x0000000081d00000, 0x0000000081e00000, 0x0000000081e00000|100%|HS|  |TAMS 0x0000000081d00000| PB 0x0000000081d00000| Complete 
|  30|0x0000000081e00000, 0x0000000081f00000, 0x0000000081f00000|100%|HC|  |TAMS 0x0000000081e00000| PB 0x0000000081e00000| Complete 
|  31|0x0000000081f00000, 0x0000000082000000, 0x0000000082000000|100%|HS|  |TAMS 0x0000000081f00000| PB 0x0000000081f00000| Complete 
|  32|0x0000000082000000, 0x0000000082100000, 0x0000000082100000|100%| O|  |TAMS 0x0000000082000000| PB 0x0000000082000000| Untracked 
|  33|0x0000000082100000, 0x0000000082200000, 0x0000000082200000|100%| O|  |TAMS 0x0000000082100000| PB 0x0000000082100000| Untracked 
|  34|0x0000000082200000, 0x0000000082300000, 0x0000000082300000|100%| O|  |TAMS 0x0000000082200000| PB 0x0000000082200000| Untracked 
|  35|0x0000000082300000, 0x0000000082400000, 0x0000000082400000|100%|HS|  |TAMS 0x0000000082300000| PB 0x0000000082300000| Complete 
|  36|0x0000000082400000, 0x0000000082500000, 0x0000000082500000|100%|HC|  |TAMS 0x0000000082400000| PB 0x0000000082400000| Complete 
|  37|0x0000000082500000, 0x0000000082600000, 0x0000000082600000|100%|HC|  |TAMS 0x0000000082500000| PB 0x0000000082500000| Complete 
|  38|0x0000000082600000, 0x0000000082700000, 0x0000000082700000|100%|HC|  |TAMS 0x0000000082600000| PB 0x0000000082600000| Complete 
|  39|0x0000000082700000, 0x0000000082800000, 0x0000000082800000|100%|HC|  |TAMS 0x0000000082700000| PB 0x0000000082700000| Complete 
|  40|0x0000000082800000, 0x0000000082900000, 0x0000000082900000|100%|HC|  |TAMS 0x0000000082800000| PB 0x0000000082800000| Complete 
|  41|0x0000000082900000, 0x0000000082a00000, 0x0000000082a00000|100%|HS|  |TAMS 0x0000000082900000| PB 0x0000000082900000| Complete 
|  42|0x0000000082a00000, 0x0000000082b00000, 0x0000000082b00000|100%|HC|  |TAMS 0x0000000082a00000| PB 0x0000000082a00000| Complete 
|  43|0x0000000082b00000, 0x0000000082c00000, 0x0000000082c00000|100%|HS|  |TAMS 0x0000000082b00000| PB 0x0000000082b00000| Complete 
|  44|0x0000000082c00000, 0x0000000082d00000, 0x0000000082d00000|100%| O|  |TAMS 0x0000000082c00000| PB 0x0000000082c00000| Untracked 
|  45|0x0000000082d00000, 0x0000000082e00000, 0x0000000082e00000|100%| O|  |TAMS 0x0000000082d00000| PB 0x0000000082d00000| Untracked 
|  46|0x0000000082e00000, 0x0000000082f00000, 0x0000000082f00000|100%| O|  |TAMS 0x0000000082e00000| PB 0x0000000082e00000| Untracked 
|  47|0x0000000082f00000, 0x0000000082f00000, 0x0000000083000000|  0%| F|  |TAMS 0x0000000082f00000| PB 0x0000000082f00000| Untracked 
|  48|0x0000000083000000, 0x0000000083100000, 0x0000000083100000|100%| O|  |TAMS 0x0000000083000000| PB 0x0000000083000000| Untracked 
|  49|0x0000000083100000, 0x0000000083200000, 0x0000000083200000|100%| O|  |TAMS 0x0000000083100000| PB 0x0000000083100000| Untracked 
|  50|0x0000000083200000, 0x0000000083300000, 0x0000000083300000|100%| O|  |TAMS 0x0000000083200000| PB 0x0000000083200000| Untracked 
|  51|0x0000000083300000, 0x0000000083400000, 0x0000000083400000|100%|HS|  |TAMS 0x0000000083300000| PB 0x0000000083300000| Complete 
|  52|0x0000000083400000, 0x0000000083500000, 0x0000000083500000|100%|HC|  |TAMS 0x0000000083400000| PB 0x0000000083400000| Complete 
|  53|0x0000000083500000, 0x0000000083600000, 0x0000000083600000|100%| O|  |TAMS 0x0000000083500000| PB 0x0000000083500000| Untracked 
|  54|0x0000000083600000, 0x0000000083700000, 0x0000000083700000|100%| O|  |TAMS 0x0000000083600000| PB 0x0000000083600000| Untracked 
|  55|0x0000000083700000, 0x0000000083800000, 0x0000000083800000|100%| O|  |TAMS 0x0000000083700000| PB 0x0000000083700000| Untracked 
|  56|0x0000000083800000, 0x0000000083900000, 0x0000000083900000|100%| O|  |TAMS 0x0000000083800000| PB 0x0000000083800000| Untracked 
|  57|0x0000000083900000, 0x0000000083a00000, 0x0000000083a00000|100%| O|  |TAMS 0x0000000083900000| PB 0x0000000083900000| Untracked 
|  58|0x0000000083a00000, 0x0000000083b00000, 0x0000000083b00000|100%| O|  |TAMS 0x0000000083a00000| PB 0x0000000083a00000| Untracked 
|  59|0x0000000083b00000, 0x0000000083c00000, 0x0000000083c00000|100%| O|  |TAMS 0x0000000083b00000| PB 0x0000000083b00000| Untracked 
|  60|0x0000000083c00000, 0x0000000083d00000, 0x0000000083d00000|100%| O|  |TAMS 0x0000000083c00000| PB 0x0000000083c00000| Untracked 
|  61|0x0000000083d00000, 0x0000000083e00000, 0x0000000083e00000|100%| O|  |TAMS 0x0000000083d00000| PB 0x0000000083d00000| Untracked 
|  62|0x0000000083e00000, 0x0000000083f00000, 0x0000000083f00000|100%| O|  |TAMS 0x0000000083e00000| PB 0x0000000083e00000| Untracked 
|  63|0x0000000083f00000, 0x0000000084000000, 0x0000000084000000|100%|HS|  |TAMS 0x0000000083f00000| PB 0x0000000083f00000| Complete 
|  64|0x0000000084000000, 0x0000000084100000, 0x0000000084100000|100%|HS|  |TAMS 0x0000000084000000| PB 0x0000000084000000| Complete 
|  65|0x0000000084100000, 0x0000000084200000, 0x0000000084200000|100%| O|  |TAMS 0x0000000084100000| PB 0x0000000084100000| Untracked 
|  66|0x0000000084200000, 0x0000000084300000, 0x0000000084300000|100%| O|  |TAMS 0x0000000084200000| PB 0x0000000084200000| Untracked 
|  67|0x0000000084300000, 0x0000000084400000, 0x0000000084400000|100%|HS|  |TAMS 0x0000000084300000| PB 0x0000000084300000| Complete 
|  68|0x0000000084400000, 0x0000000084500000, 0x0000000084500000|100%| O|  |TAMS 0x0000000084400000| PB 0x0000000084400000| Untracked 
|  69|0x0000000084500000, 0x0000000084600000, 0x0000000084600000|100%| O|  |TAMS 0x0000000084500000| PB 0x0000000084500000| Untracked 
|  70|0x0000000084600000, 0x0000000084700000, 0x0000000084700000|100%| O|  |TAMS 0x0000000084600000| PB 0x0000000084600000| Untracked 
|  71|0x0000000084700000, 0x0000000084800000, 0x0000000084800000|100%| O|  |TAMS 0x0000000084700000| PB 0x0000000084700000| Untracked 
|  72|0x0000000084800000, 0x0000000084900000, 0x0000000084900000|100%| O|  |TAMS 0x0000000084800000| PB 0x0000000084800000| Untracked 
|  73|0x0000000084900000, 0x0000000084a00000, 0x0000000084a00000|100%| O|  |TAMS 0x0000000084900000| PB 0x0000000084900000| Untracked 
|  74|0x0000000084a00000, 0x0000000084b00000, 0x0000000084b00000|100%| O|  |TAMS 0x0000000084a00000| PB 0x0000000084a00000| Untracked 
|  75|0x0000000084b00000, 0x0000000084b00000, 0x0000000084c00000|  0%| F|  |TAMS 0x0000000084b00000| PB 0x0000000084b00000| Untracked 
|  76|0x0000000084c00000, 0x0000000084d00000, 0x0000000084d00000|100%| O|  |TAMS 0x0000000084c00000| PB 0x0000000084c00000| Untracked 
|  77|0x0000000084d00000, 0x0000000084e00000, 0x0000000084e00000|100%|HS|  |TAMS 0x0000000084d00000| PB 0x0000000084d00000| Complete 
|  78|0x0000000084e00000, 0x0000000084f00000, 0x0000000084f00000|100%|HC|  |TAMS 0x0000000084e00000| PB 0x0000000084e00000| Complete 
|  79|0x0000000084f00000, 0x0000000085000000, 0x0000000085000000|100%| O|  |TAMS 0x0000000084f00000| PB 0x0000000084f00000| Untracked 
|  80|0x0000000085000000, 0x0000000085100000, 0x0000000085100000|100%| O|  |TAMS 0x0000000085000000| PB 0x0000000085000000| Untracked 
|  81|0x0000000085100000, 0x0000000085200000, 0x0000000085200000|100%| O|  |TAMS 0x0000000085100000| PB 0x0000000085100000| Untracked 
|  82|0x0000000085200000, 0x0000000085300000, 0x0000000085300000|100%| O|  |TAMS 0x0000000085200000| PB 0x0000000085200000| Untracked 
|  83|0x0000000085300000, 0x0000000085400000, 0x0000000085400000|100%| O|  |TAMS 0x0000000085300000| PB 0x0000000085300000| Untracked 
|  84|0x0000000085400000, 0x0000000085500000, 0x0000000085500000|100%| O|  |TAMS 0x0000000085400000| PB 0x0000000085400000| Untracked 
|  85|0x0000000085500000, 0x0000000085600000, 0x0000000085600000|100%| O|  |TAMS 0x0000000085500000| PB 0x0000000085500000| Untracked 
|  86|0x0000000085600000, 0x0000000085700000, 0x0000000085700000|100%|HS|  |TAMS 0x0000000085600000| PB 0x0000000085600000| Complete 
|  87|0x0000000085700000, 0x0000000085800000, 0x0000000085800000|100%|HS|  |TAMS 0x0000000085700000| PB 0x0000000085700000| Complete 
|  88|0x0000000085800000, 0x0000000085900000, 0x0000000085900000|100%| O|  |TAMS 0x0000000085800000| PB 0x0000000085800000| Untracked 
|  89|0x0000000085900000, 0x0000000085a00000, 0x0000000085a00000|100%|HS|  |TAMS 0x0000000085900000| PB 0x0000000085900000| Complete 
|  90|0x0000000085a00000, 0x0000000085b00000, 0x0000000085b00000|100%|HS|  |TAMS 0x0000000085a00000| PB 0x0000000085a00000| Complete 
|  91|0x0000000085b00000, 0x0000000085c00000, 0x0000000085c00000|100%|HC|  |TAMS 0x0000000085b00000| PB 0x0000000085b00000| Complete 
|  92|0x0000000085c00000, 0x0000000085d00000, 0x0000000085d00000|100%| O|  |TAMS 0x0000000085c00000| PB 0x0000000085c00000| Untracked 
|  93|0x0000000085d00000, 0x0000000085e00000, 0x0000000085e00000|100%| O|  |TAMS 0x0000000085d00000| PB 0x0000000085d00000| Untracked 
|  94|0x0000000085e00000, 0x0000000085f00000, 0x0000000085f00000|100%| O|  |TAMS 0x0000000085e00000| PB 0x0000000085e00000| Untracked 
|  95|0x0000000085f00000, 0x0000000086000000, 0x0000000086000000|100%| O|  |TAMS 0x0000000085f00000| PB 0x0000000085f00000| Untracked 
|  96|0x0000000086000000, 0x0000000086100000, 0x0000000086100000|100%| O|  |TAMS 0x0000000086000000| PB 0x0000000086000000| Untracked 
|  97|0x0000000086100000, 0x0000000086200000, 0x0000000086200000|100%| O|  |TAMS 0x0000000086100000| PB 0x0000000086100000| Untracked 
|  98|0x0000000086200000, 0x0000000086300000, 0x0000000086300000|100%| O|  |TAMS 0x0000000086200000| PB 0x0000000086200000| Untracked 
|  99|0x0000000086300000, 0x0000000086400000, 0x0000000086400000|100%| O|  |TAMS 0x0000000086300000| PB 0x0000000086300000| Untracked 
| 100|0x0000000086400000, 0x0000000086500000, 0x0000000086500000|100%|HS|  |TAMS 0x0000000086400000| PB 0x0000000086400000| Complete 
| 101|0x0000000086500000, 0x0000000086500000, 0x0000000086600000|  0%| F|  |TAMS 0x0000000086500000| PB 0x0000000086500000| Untracked 
| 102|0x0000000086600000, 0x0000000086600000, 0x0000000086700000|  0%| F|  |TAMS 0x0000000086600000| PB 0x0000000086600000| Untracked 
| 103|0x0000000086700000, 0x0000000086700000, 0x0000000086800000|  0%| F|  |TAMS 0x0000000086700000| PB 0x0000000086700000| Untracked 
| 104|0x0000000086800000, 0x0000000086800000, 0x0000000086900000|  0%| F|  |TAMS 0x0000000086800000| PB 0x0000000086800000| Untracked 
| 105|0x0000000086900000, 0x0000000086900000, 0x0000000086a00000|  0%| F|  |TAMS 0x0000000086900000| PB 0x0000000086900000| Untracked 
| 106|0x0000000086a00000, 0x0000000086a00000, 0x0000000086b00000|  0%| F|  |TAMS 0x0000000086a00000| PB 0x0000000086a00000| Untracked 
| 107|0x0000000086b00000, 0x0000000086b00000, 0x0000000086c00000|  0%| F|  |TAMS 0x0000000086b00000| PB 0x0000000086b00000| Untracked 
| 108|0x0000000086c00000, 0x0000000086d00000, 0x0000000086d00000|100%| O|  |TAMS 0x0000000086c00000| PB 0x0000000086c00000| Untracked 
| 109|0x0000000086d00000, 0x0000000086e00000, 0x0000000086e00000|100%| O|  |TAMS 0x0000000086d00000| PB 0x0000000086d00000| Untracked 
| 110|0x0000000086e00000, 0x0000000086f00000, 0x0000000086f00000|100%| O|  |TAMS 0x0000000086e00000| PB 0x0000000086e00000| Untracked 
| 111|0x0000000086f00000, 0x0000000086f194e8, 0x0000000087000000|  9%| S|CS|TAMS 0x0000000086f00000| PB 0x0000000086f00000| Complete 
| 112|0x0000000087000000, 0x0000000087100000, 0x0000000087100000|100%| S|CS|TAMS 0x0000000087000000| PB 0x0000000087000000| Complete 
| 113|0x0000000087100000, 0x0000000087200000, 0x0000000087200000|100%| S|CS|TAMS 0x0000000087100000| PB 0x0000000087100000| Complete 
| 114|0x0000000087200000, 0x0000000087300000, 0x0000000087300000|100%| S|CS|TAMS 0x0000000087200000| PB 0x0000000087200000| Complete 
| 115|0x0000000087300000, 0x0000000087400000, 0x0000000087400000|100%| S|CS|TAMS 0x0000000087300000| PB 0x0000000087300000| Complete 
| 116|0x0000000087400000, 0x0000000087500000, 0x0000000087500000|100%| S|CS|TAMS 0x0000000087400000| PB 0x0000000087400000| Complete 
| 117|0x0000000087500000, 0x0000000087600000, 0x0000000087600000|100%| S|CS|TAMS 0x0000000087500000| PB 0x0000000087500000| Complete 
| 118|0x0000000087600000, 0x0000000087600000, 0x0000000087700000|  0%| F|  |TAMS 0x0000000087600000| PB 0x0000000087600000| Untracked 
| 119|0x0000000087700000, 0x0000000087700000, 0x0000000087800000|  0%| F|  |TAMS 0x0000000087700000| PB 0x0000000087700000| Untracked 
| 120|0x0000000087800000, 0x0000000087800000, 0x0000000087900000|  0%| F|  |TAMS 0x0000000087800000| PB 0x0000000087800000| Untracked 
| 121|0x0000000087900000, 0x0000000087900000, 0x0000000087a00000|  0%| F|  |TAMS 0x0000000087900000| PB 0x0000000087900000| Untracked 
| 122|0x0000000087a00000, 0x0000000087a00000, 0x0000000087b00000|  0%| F|  |TAMS 0x0000000087a00000| PB 0x0000000087a00000| Untracked 
| 123|0x0000000087b00000, 0x0000000087b00000, 0x0000000087c00000|  0%| F|  |TAMS 0x0000000087b00000| PB 0x0000000087b00000| Untracked 
| 124|0x0000000087c00000, 0x0000000087c00000, 0x0000000087d00000|  0%| F|  |TAMS 0x0000000087c00000| PB 0x0000000087c00000| Untracked 
| 125|0x0000000087d00000, 0x0000000087d00000, 0x0000000087e00000|  0%| F|  |TAMS 0x0000000087d00000| PB 0x0000000087d00000| Untracked 
| 126|0x0000000087e00000, 0x0000000087e00000, 0x0000000087f00000|  0%| F|  |TAMS 0x0000000087e00000| PB 0x0000000087e00000| Untracked 
| 127|0x0000000087f00000, 0x0000000087f00000, 0x0000000088000000|  0%| F|  |TAMS 0x0000000087f00000| PB 0x0000000087f00000| Untracked 
| 128|0x0000000088000000, 0x0000000088000000, 0x0000000088100000|  0%| F|  |TAMS 0x0000000088000000| PB 0x0000000088000000| Untracked 
| 129|0x0000000088100000, 0x0000000088100000, 0x0000000088200000|  0%| F|  |TAMS 0x0000000088100000| PB 0x0000000088100000| Untracked 
| 130|0x0000000088200000, 0x0000000088200000, 0x0000000088300000|  0%| F|  |TAMS 0x0000000088200000| PB 0x0000000088200000| Untracked 
| 131|0x0000000088300000, 0x0000000088300000, 0x0000000088400000|  0%| F|  |TAMS 0x0000000088300000| PB 0x0000000088300000| Untracked 
| 132|0x0000000088400000, 0x0000000088400000, 0x0000000088500000|  0%| F|  |TAMS 0x0000000088400000| PB 0x0000000088400000| Untracked 
| 133|0x0000000088500000, 0x0000000088500000, 0x0000000088600000|  0%| F|  |TAMS 0x0000000088500000| PB 0x0000000088500000| Untracked 
| 134|0x0000000088600000, 0x0000000088600000, 0x0000000088700000|  0%| F|  |TAMS 0x0000000088600000| PB 0x0000000088600000| Untracked 
| 135|0x0000000088700000, 0x0000000088700000, 0x0000000088800000|  0%| F|  |TAMS 0x0000000088700000| PB 0x0000000088700000| Untracked 
| 136|0x0000000088800000, 0x0000000088800000, 0x0000000088900000|  0%| F|  |TAMS 0x0000000088800000| PB 0x0000000088800000| Untracked 
| 137|0x0000000088900000, 0x0000000088900000, 0x0000000088a00000|  0%| F|  |TAMS 0x0000000088900000| PB 0x0000000088900000| Untracked 
| 138|0x0000000088a00000, 0x0000000088a00000, 0x0000000088b00000|  0%| F|  |TAMS 0x0000000088a00000| PB 0x0000000088a00000| Untracked 
| 139|0x0000000088b00000, 0x0000000088b00000, 0x0000000088c00000|  0%| F|  |TAMS 0x0000000088b00000| PB 0x0000000088b00000| Untracked 
| 140|0x0000000088c00000, 0x0000000088c00000, 0x0000000088d00000|  0%| F|  |TAMS 0x0000000088c00000| PB 0x0000000088c00000| Untracked 
| 141|0x0000000088d00000, 0x0000000088d00000, 0x0000000088e00000|  0%| F|  |TAMS 0x0000000088d00000| PB 0x0000000088d00000| Untracked 
| 142|0x0000000088e00000, 0x0000000088e00000, 0x0000000088f00000|  0%| F|  |TAMS 0x0000000088e00000| PB 0x0000000088e00000| Untracked 
| 143|0x0000000088f00000, 0x0000000088f00000, 0x0000000089000000|  0%| F|  |TAMS 0x0000000088f00000| PB 0x0000000088f00000| Untracked 
| 144|0x0000000089000000, 0x0000000089000000, 0x0000000089100000|  0%| F|  |TAMS 0x0000000089000000| PB 0x0000000089000000| Untracked 
| 145|0x0000000089100000, 0x0000000089100000, 0x0000000089200000|  0%| F|  |TAMS 0x0000000089100000| PB 0x0000000089100000| Untracked 
| 146|0x0000000089200000, 0x0000000089200000, 0x0000000089300000|  0%| F|  |TAMS 0x0000000089200000| PB 0x0000000089200000| Untracked 
| 147|0x0000000089300000, 0x0000000089300000, 0x0000000089400000|  0%| F|  |TAMS 0x0000000089300000| PB 0x0000000089300000| Untracked 
| 148|0x0000000089400000, 0x0000000089400000, 0x0000000089500000|  0%| F|  |TAMS 0x0000000089400000| PB 0x0000000089400000| Untracked 
| 149|0x0000000089500000, 0x0000000089500000, 0x0000000089600000|  0%| F|  |TAMS 0x0000000089500000| PB 0x0000000089500000| Untracked 
| 150|0x0000000089600000, 0x0000000089600000, 0x0000000089700000|  0%| F|  |TAMS 0x0000000089600000| PB 0x0000000089600000| Untracked 
| 151|0x0000000089700000, 0x0000000089700000, 0x0000000089800000|  0%| F|  |TAMS 0x0000000089700000| PB 0x0000000089700000| Untracked 
| 152|0x0000000089800000, 0x0000000089800000, 0x0000000089900000|  0%| F|  |TAMS 0x0000000089800000| PB 0x0000000089800000| Untracked 
| 153|0x0000000089900000, 0x0000000089900000, 0x0000000089a00000|  0%| F|  |TAMS 0x0000000089900000| PB 0x0000000089900000| Untracked 
| 154|0x0000000089a00000, 0x0000000089a00000, 0x0000000089b00000|  0%| F|  |TAMS 0x0000000089a00000| PB 0x0000000089a00000| Untracked 
| 155|0x0000000089b00000, 0x0000000089b00000, 0x0000000089c00000|  0%| F|  |TAMS 0x0000000089b00000| PB 0x0000000089b00000| Untracked 
| 156|0x0000000089c00000, 0x0000000089c00000, 0x0000000089d00000|  0%| F|  |TAMS 0x0000000089c00000| PB 0x0000000089c00000| Untracked 
| 157|0x0000000089d00000, 0x0000000089d00000, 0x0000000089e00000|  0%| F|  |TAMS 0x0000000089d00000| PB 0x0000000089d00000| Untracked 
| 158|0x0000000089e00000, 0x0000000089e00000, 0x0000000089f00000|  0%| F|  |TAMS 0x0000000089e00000| PB 0x0000000089e00000| Untracked 
| 159|0x0000000089f00000, 0x0000000089f00000, 0x000000008a000000|  0%| F|  |TAMS 0x0000000089f00000| PB 0x0000000089f00000| Untracked 
| 160|0x000000008a000000, 0x000000008a000000, 0x000000008a100000|  0%| F|  |TAMS 0x000000008a000000| PB 0x000000008a000000| Untracked 
| 161|0x000000008a100000, 0x000000008a100000, 0x000000008a200000|  0%| F|  |TAMS 0x000000008a100000| PB 0x000000008a100000| Untracked 
| 162|0x000000008a200000, 0x000000008a200000, 0x000000008a300000|  0%| F|  |TAMS 0x000000008a200000| PB 0x000000008a200000| Untracked 
| 163|0x000000008a300000, 0x000000008a300000, 0x000000008a400000|  0%| F|  |TAMS 0x000000008a300000| PB 0x000000008a300000| Untracked 
| 164|0x000000008a400000, 0x000000008a400000, 0x000000008a500000|  0%| F|  |TAMS 0x000000008a400000| PB 0x000000008a400000| Untracked 
| 165|0x000000008a500000, 0x000000008a500000, 0x000000008a600000|  0%| F|  |TAMS 0x000000008a500000| PB 0x000000008a500000| Untracked 
| 166|0x000000008a600000, 0x000000008a600000, 0x000000008a700000|  0%| F|  |TAMS 0x000000008a600000| PB 0x000000008a600000| Untracked 
| 167|0x000000008a700000, 0x000000008a780000, 0x000000008a800000| 50%| E|  |TAMS 0x000000008a700000| PB 0x000000008a700000| Complete 
| 168|0x000000008a800000, 0x000000008a900000, 0x000000008a900000|100%| E|CS|TAMS 0x000000008a800000| PB 0x000000008a800000| Complete 
| 169|0x000000008a900000, 0x000000008aa00000, 0x000000008aa00000|100%| E|CS|TAMS 0x000000008a900000| PB 0x000000008a900000| Complete 
| 170|0x000000008aa00000, 0x000000008ab00000, 0x000000008ab00000|100%| E|CS|TAMS 0x000000008aa00000| PB 0x000000008aa00000| Complete 
| 171|0x000000008ab00000, 0x000000008ac00000, 0x000000008ac00000|100%| E|CS|TAMS 0x000000008ab00000| PB 0x000000008ab00000| Complete 
| 172|0x000000008ac00000, 0x000000008ad00000, 0x000000008ad00000|100%| E|CS|TAMS 0x000000008ac00000| PB 0x000000008ac00000| Complete 
| 173|0x000000008ad00000, 0x000000008ae00000, 0x000000008ae00000|100%| E|CS|TAMS 0x000000008ad00000| PB 0x000000008ad00000| Complete 
| 174|0x000000008ae00000, 0x000000008af00000, 0x000000008af00000|100%| E|CS|TAMS 0x000000008ae00000| PB 0x000000008ae00000| Complete 
| 175|0x000000008af00000, 0x000000008b000000, 0x000000008b000000|100%| E|CS|TAMS 0x000000008af00000| PB 0x000000008af00000| Complete 
| 176|0x000000008b000000, 0x000000008b100000, 0x000000008b100000|100%| E|CS|TAMS 0x000000008b000000| PB 0x000000008b000000| Complete 
| 177|0x000000008b100000, 0x000000008b200000, 0x000000008b200000|100%| E|CS|TAMS 0x000000008b100000| PB 0x000000008b100000| Complete 
| 178|0x000000008b200000, 0x000000008b300000, 0x000000008b300000|100%| E|CS|TAMS 0x000000008b200000| PB 0x000000008b200000| Complete 
| 179|0x000000008b300000, 0x000000008b400000, 0x000000008b400000|100%| E|CS|TAMS 0x000000008b300000| PB 0x000000008b300000| Complete 
| 180|0x000000008b400000, 0x000000008b500000, 0x000000008b500000|100%| E|CS|TAMS 0x000000008b400000| PB 0x000000008b400000| Complete 
| 181|0x000000008b500000, 0x000000008b600000, 0x000000008b600000|100%| E|CS|TAMS 0x000000008b500000| PB 0x000000008b500000| Complete 
| 182|0x000000008b600000, 0x000000008b700000, 0x000000008b700000|100%| E|CS|TAMS 0x000000008b600000| PB 0x000000008b600000| Complete 
| 183|0x000000008b700000, 0x000000008b800000, 0x000000008b800000|100%| E|CS|TAMS 0x000000008b700000| PB 0x000000008b700000| Complete 
| 184|0x000000008b800000, 0x000000008b900000, 0x000000008b900000|100%| E|CS|TAMS 0x000000008b800000| PB 0x000000008b800000| Complete 
| 185|0x000000008b900000, 0x000000008ba00000, 0x000000008ba00000|100%| E|CS|TAMS 0x000000008b900000| PB 0x000000008b900000| Complete 
| 186|0x000000008ba00000, 0x000000008bb00000, 0x000000008bb00000|100%| E|CS|TAMS 0x000000008ba00000| PB 0x000000008ba00000| Complete 
| 187|0x000000008bb00000, 0x000000008bc00000, 0x000000008bc00000|100%| E|CS|TAMS 0x000000008bb00000| PB 0x000000008bb00000| Complete 
| 188|0x000000008bc00000, 0x000000008bd00000, 0x000000008bd00000|100%| E|CS|TAMS 0x000000008bc00000| PB 0x000000008bc00000| Complete 
| 189|0x000000008bd00000, 0x000000008be00000, 0x000000008be00000|100%| E|CS|TAMS 0x000000008bd00000| PB 0x000000008bd00000| Complete 
| 190|0x000000008be00000, 0x000000008bf00000, 0x000000008bf00000|100%| E|CS|TAMS 0x000000008be00000| PB 0x000000008be00000| Complete 
| 191|0x000000008bf00000, 0x000000008c000000, 0x000000008c000000|100%| E|CS|TAMS 0x000000008bf00000| PB 0x000000008bf00000| Complete 
| 192|0x000000008c000000, 0x000000008c100000, 0x000000008c100000|100%| E|CS|TAMS 0x000000008c000000| PB 0x000000008c000000| Complete 
| 193|0x000000008c100000, 0x000000008c200000, 0x000000008c200000|100%| E|CS|TAMS 0x000000008c100000| PB 0x000000008c100000| Complete 
| 194|0x000000008c200000, 0x000000008c300000, 0x000000008c300000|100%| E|CS|TAMS 0x000000008c200000| PB 0x000000008c200000| Complete 
| 195|0x000000008c300000, 0x000000008c400000, 0x000000008c400000|100%| E|CS|TAMS 0x000000008c300000| PB 0x000000008c300000| Complete 
| 196|0x000000008c400000, 0x000000008c500000, 0x000000008c500000|100%| E|CS|TAMS 0x000000008c400000| PB 0x000000008c400000| Complete 
|2037|0x00000000ff500000, 0x00000000ff5e2390, 0x00000000ff600000| 88%| O|  |TAMS 0x00000000ff500000| PB 0x00000000ff500000| Untracked 
|2038|0x00000000ff600000, 0x00000000ff700000, 0x00000000ff700000|100%| O|  |TAMS 0x00000000ff600000| PB 0x00000000ff600000| Untracked 
|2039|0x00000000ff700000, 0x00000000ff800000, 0x00000000ff800000|100%| O|  |TAMS 0x00000000ff700000| PB 0x00000000ff700000| Untracked 
|2040|0x00000000ff800000, 0x00000000ff900000, 0x00000000ff900000|100%| E|CS|TAMS 0x00000000ff800000| PB 0x00000000ff800000| Complete 
|2041|0x00000000ff900000, 0x00000000ffa00000, 0x00000000ffa00000|100%| O|  |TAMS 0x00000000ff900000| PB 0x00000000ff900000| Untracked 
|2042|0x00000000ffa00000, 0x00000000ffb00000, 0x00000000ffb00000|100%| O|  |TAMS 0x00000000ffa00000| PB 0x00000000ffa00000| Untracked 
|2043|0x00000000ffb00000, 0x00000000ffc00000, 0x00000000ffc00000|100%| O|  |TAMS 0x00000000ffb00000| PB 0x00000000ffb00000| Untracked 
|2044|0x00000000ffc00000, 0x00000000ffd00000, 0x00000000ffd00000|100%| O|  |TAMS 0x00000000ffc00000| PB 0x00000000ffc00000| Untracked 
|2045|0x00000000ffd00000, 0x00000000ffe00000, 0x00000000ffe00000|100%| O|  |TAMS 0x00000000ffd00000| PB 0x00000000ffd00000| Untracked 
|2046|0x00000000ffe00000, 0x00000000fff00000, 0x00000000fff00000|100%| O|  |TAMS 0x00000000ffe00000| PB 0x00000000ffe00000| Untracked 
|2047|0x00000000fff00000, 0x0000000100000000, 0x0000000100000000|100%| O|  |TAMS 0x00000000fff00000| PB 0x00000000fff00000| Untracked 

Card table byte_map: [0x00000180acfc0000,0x00000180ad3c0000] _byte_map_base: 0x00000180acbc0000

Marking Bits: (CMBitMap*) 0x0000018098805610
 Bits: [0x00000180ad3c0000, 0x00000180af3c0000)

Polling page: 0x0000018098550000

Metaspace:

Usage:
  Non-class:     80.64 MB used.
      Class:     13.23 MB used.
       Both:     93.86 MB used.

Virtual space:
  Non-class space:      128.00 MB reserved,      81.75 MB ( 64%) committed,  2 nodes.
      Class space:        1.00 GB reserved,      14.25 MB (  1%) committed,  1 nodes.
             Both:        1.12 GB reserved,      96.00 MB (  8%) committed. 

Chunk freelists:
   Non-Class:  14.19 MB
       Class:  1.64 MB
        Both:  15.83 MB

MaxMetaspaceSize: unlimited
CompressedClassSpaceSize: 1.00 GB
Initial GC threshold: 21.00 MB
Current GC threshold: 139.62 MB
CDS: off
 - commit_granule_bytes: 65536.
 - commit_granule_words: 8192.
 - virtual_space_node_default_size: 8388608.
 - enlarge_chunks_in_place: 1.
 - use_allocation_guard: 0.


Internal statistics:

num_allocs_failed_limit: 6.
num_arena_births: 4278.
num_arena_deaths: 0.
num_vsnodes_births: 3.
num_vsnodes_deaths: 0.
num_space_committed: 1536.
num_space_uncommitted: 0.
num_chunks_returned_to_freelist: 6.
num_chunks_taken_from_freelist: 8629.
num_chunk_merges: 3.
num_chunk_splits: 5528.
num_chunks_enlarged: 3313.
num_inconsistent_stats: 0.

CodeHeap 'non-profiled nmethods': size=120000Kb used=5664Kb max_used=5664Kb free=114335Kb
 bounds [0x00000180a4a00000, 0x00000180a4f90000, 0x00000180abf30000]
CodeHeap 'profiled nmethods': size=120000Kb used=16844Kb max_used=16844Kb free=103155Kb
 bounds [0x000001809cf30000, 0x000001809dfb0000, 0x00000180a4460000]
CodeHeap 'non-nmethods': size=5760Kb used=1952Kb max_used=2015Kb free=3808Kb
 bounds [0x00000180a4460000, 0x00000180a46d0000, 0x00000180a4a00000]
CodeCache: size=245760Kb, used=24460Kb, max_used=24523Kb, free=221298Kb
 total_blobs=9826, nmethods=8991, adapters=739, full_count=0
Compilation: enabled, stopped_count=0, restarted_count=0

Compilation events (20 events):
Event: 142.459 Thread 0x00000180b22b9e30 nmethod 11072 0x000001809df95090 code [0x000001809df95340, 0x000001809df95bd0]
Event: 142.472 Thread 0x00000180b2a08550 nmethod 11070 0x00000180a4f84890 code [0x00000180a4f84ae0, 0x00000180a4f855e0]
Event: 142.472 Thread 0x00000180b2a08550 11057       4       org.objectweb.asm.Frame::putAbstractType (407 bytes)
Event: 142.476 Thread 0x00000180b22b9e30 11073       3       com.google.common.collect.Iterators::forArrayWithPosition (26 bytes)
Event: 142.476 Thread 0x00000180b22b9e30 nmethod 11073 0x000001809df95f90 code [0x000001809df961a0, 0x000001809df96770]
Event: 142.476 Thread 0x00000180b22b9e30 11074       3       com.google.common.collect.ImmutableList::iterator (5 bytes)
Event: 142.477 Thread 0x00000180b22b9e30 nmethod 11074 0x000001809df96a10 code [0x000001809df96c40, 0x000001809df973b8]
Event: 142.477 Thread 0x00000180b22b9e30 11075       3       com.google.common.collect.ImmutableList::listIterator (6 bytes)
Event: 142.477 Thread 0x00000180b22b9e30 nmethod 11075 0x000001809df97710 code [0x000001809df97920, 0x000001809df97fc0]
Event: 142.477 Thread 0x00000180b22b9e30 11076       3       org.gradle.api.internal.artifacts.configurations.DefaultConfiguration::isMutationForbidden (67 bytes)
Event: 142.478 Thread 0x00000180b22b9e30 nmethod 11076 0x000001809df98290 code [0x000001809df98540, 0x000001809df994a8]
Event: 142.478 Thread 0x00000180b22b9e30 11077       3       org.gradle.internal.typeconversion.NotationParserBuilder::<init> (31 bytes)
Event: 142.478 Thread 0x00000180b22b9e30 nmethod 11077 0x000001809df99910 code [0x000001809df99ae0, 0x000001809df99f98]
Event: 142.478 Thread 0x00000180b22b9e30 11078       3       com.android.build.gradle.options.ProjectOptions::get (81 bytes)
Event: 142.478 Thread 0x00000180b22b9e30 nmethod 11078 0x000001809df9a110 code [0x000001809df9a3e0, 0x000001809df9b208]
Event: 142.480 Thread 0x00000180b2a08550 nmethod 11057 0x00000180a4f85b90 code [0x00000180a4f85e20, 0x00000180a4f86708]
Event: 142.480 Thread 0x00000180b2a08550 11056       4       org.objectweb.asm.Label::addForwardReference (102 bytes)
Event: 142.486 Thread 0x00000180b2a08550 nmethod 11056 0x00000180a4f86f90 code [0x00000180a4f87160, 0x00000180a4f87870]
Event: 142.486 Thread 0x00000180b2a08550 11065       4       org.gradle.internal.instantiation.generator.ParamsMatchingConstructorSelector::vetoParameters (1 bytes)
Event: 142.486 Thread 0x00000180b2a08550 nmethod 11065 0x00000180a4f87a90 code [0x00000180a4f87c20, 0x00000180a4f87ca8]

GC Heap History (20 events):
Event: 130.765 GC heap before
{Heap before GC invocations=28 (full 0):
 garbage-first heap   total 164864K, used 150231K [0x0000000080000000, 0x0000000100000000)
  region size 1024K, 65 young (66560K), 4 survivors (4096K)
 Metaspace       used 76153K, committed 78144K, reserved 1179648K
  class space    used 10873K, committed 11840K, reserved 1048576K
}
Event: 130.771 GC heap after
{Heap after GC invocations=29 (full 0):
 garbage-first heap   total 164864K, used 88299K [0x0000000080000000, 0x0000000100000000)
  region size 1024K, 5 young (5120K), 5 survivors (5120K)
 Metaspace       used 76153K, committed 78144K, reserved 1179648K
  class space    used 10873K, committed 11840K, reserved 1048576K
}
Event: 131.149 GC heap before
{Heap before GC invocations=30 (full 0):
 garbage-first heap   total 164864K, used 149739K [0x0000000080000000, 0x0000000100000000)
  region size 1024K, 66 young (67584K), 5 survivors (5120K)
 Metaspace       used 76202K, committed 78208K, reserved 1179648K
  class space    used 10873K, committed 11840K, reserved 1048576K
}
Event: 131.158 GC heap after
{Heap after GC invocations=31 (full 0):
 garbage-first heap   total 164864K, used 88938K [0x0000000080000000, 0x0000000100000000)
  region size 1024K, 5 young (5120K), 5 survivors (5120K)
 Metaspace       used 76202K, committed 78208K, reserved 1179648K
  class space    used 10873K, committed 11840K, reserved 1048576K
}
Event: 131.508 GC heap before
{Heap before GC invocations=31 (full 0):
 garbage-first heap   total 164864K, used 151402K [0x0000000080000000, 0x0000000100000000)
  region size 1024K, 67 young (68608K), 5 survivors (5120K)
 Metaspace       used 76219K, committed 78208K, reserved 1179648K
  class space    used 10873K, committed 11840K, reserved 1048576K
}
Event: 131.515 GC heap after
{Heap after GC invocations=32 (full 0):
 garbage-first heap   total 164864K, used 88089K [0x0000000080000000, 0x0000000100000000)
  region size 1024K, 5 young (5120K), 5 survivors (5120K)
 Metaspace       used 76219K, committed 78208K, reserved 1179648K
  class space    used 10873K, committed 11840K, reserved 1048576K
}
Event: 131.698 GC heap before
{Heap before GC invocations=32 (full 0):
 garbage-first heap   total 164864K, used 151577K [0x0000000080000000, 0x0000000100000000)
  region size 1024K, 68 young (69632K), 5 survivors (5120K)
 Metaspace       used 76221K, committed 78208K, reserved 1179648K
  class space    used 10873K, committed 11840K, reserved 1048576K
}
Event: 131.704 GC heap after
{Heap after GC invocations=33 (full 0):
 garbage-first heap   total 198656K, used 88735K [0x0000000080000000, 0x0000000100000000)
  region size 1024K, 6 young (6144K), 6 survivors (6144K)
 Metaspace       used 76221K, committed 78208K, reserved 1179648K
  class space    used 10873K, committed 11840K, reserved 1048576K
}
Event: 132.031 GC heap before
{Heap before GC invocations=34 (full 0):
 garbage-first heap   total 198656K, used 180895K [0x0000000080000000, 0x0000000100000000)
  region size 1024K, 97 young (99328K), 6 survivors (6144K)
 Metaspace       used 76225K, committed 78208K, reserved 1179648K
  class space    used 10873K, committed 11840K, reserved 1048576K
}
Event: 132.036 GC heap after
{Heap after GC invocations=35 (full 0):
 garbage-first heap   total 198656K, used 89286K [0x0000000080000000, 0x0000000100000000)
  region size 1024K, 6 young (6144K), 6 survivors (6144K)
 Metaspace       used 76225K, committed 78208K, reserved 1179648K
  class space    used 10873K, committed 11840K, reserved 1048576K
}
Event: 132.454 GC heap before
{Heap before GC invocations=35 (full 0):
 garbage-first heap   total 198656K, used 184518K [0x0000000080000000, 0x0000000100000000)
  region size 1024K, 100 young (102400K), 6 survivors (6144K)
 Metaspace       used 76308K, committed 78272K, reserved 1179648K
  class space    used 10886K, committed 11840K, reserved 1048576K
}
Event: 132.461 GC heap after
{Heap after GC invocations=36 (full 0):
 garbage-first heap   total 198656K, used 90120K [0x0000000080000000, 0x0000000100000000)
  region size 1024K, 7 young (7168K), 7 survivors (7168K)
 Metaspace       used 76308K, committed 78272K, reserved 1179648K
  class space    used 10886K, committed 11840K, reserved 1048576K
}
Event: 135.306 GC heap before
{Heap before GC invocations=36 (full 0):
 garbage-first heap   total 198656K, used 194568K [0x0000000080000000, 0x0000000100000000)
  region size 1024K, 101 young (103424K), 7 survivors (7168K)
 Metaspace       used 82483K, committed 84544K, reserved 1179648K
  class space    used 11641K, committed 12608K, reserved 1048576K
}
Event: 135.318 GC heap after
{Heap after GC invocations=37 (full 0):
 garbage-first heap   total 211968K, used 104701K [0x0000000080000000, 0x0000000100000000)
  region size 1024K, 13 young (13312K), 13 survivors (13312K)
 Metaspace       used 82483K, committed 84544K, reserved 1179648K
  class space    used 11641K, committed 12608K, reserved 1048576K
}
Event: 135.838 GC heap before
{Heap before GC invocations=37 (full 0):
 garbage-first heap   total 211968K, used 114941K [0x0000000080000000, 0x0000000100000000)
  region size 1024K, 24 young (24576K), 13 survivors (13312K)
 Metaspace       used 83644K, committed 85760K, reserved 1179648K
  class space    used 11861K, committed 12864K, reserved 1048576K
}
Event: 135.994 GC heap after
{Heap after GC invocations=38 (full 0):
 garbage-first heap   total 211968K, used 106527K [0x0000000080000000, 0x0000000100000000)
  region size 1024K, 2 young (2048K), 2 survivors (2048K)
 Metaspace       used 83644K, committed 85760K, reserved 1179648K
  class space    used 11861K, committed 12864K, reserved 1048576K
}
Event: 140.103 GC heap before
{Heap before GC invocations=39 (full 0):
 garbage-first heap   total 211968K, used 203807K [0x0000000080000000, 0x0000000100000000)
  region size 1024K, 90 young (92160K), 2 survivors (2048K)
 Metaspace       used 89600K, committed 91712K, reserved 1179648K
  class space    used 12665K, committed 13696K, reserved 1048576K
}
Event: 140.110 GC heap after
{Heap after GC invocations=40 (full 0):
 garbage-first heap   total 211968K, used 115289K [0x0000000080000000, 0x0000000100000000)
  region size 1024K, 7 young (7168K), 7 survivors (7168K)
 Metaspace       used 89600K, committed 91712K, reserved 1179648K
  class space    used 12665K, committed 13696K, reserved 1048576K
}
Event: 141.943 GC heap before
{Heap before GC invocations=40 (full 0):
 garbage-first heap   total 211968K, used 197209K [0x0000000080000000, 0x0000000100000000)
  region size 1024K, 87 young (89088K), 7 survivors (7168K)
 Metaspace       used 94141K, committed 96320K, reserved 1179648K
  class space    used 13251K, committed 14272K, reserved 1048576K
}
Event: 141.952 GC heap after
{Heap after GC invocations=41 (full 0):
 garbage-first heap   total 212992K, used 120814K [0x0000000080000000, 0x0000000100000000)
  region size 1024K, 7 young (7168K), 7 survivors (7168K)
 Metaspace       used 94141K, committed 96320K, reserved 1179648K
  class space    used 13251K, committed 14272K, reserved 1048576K
}

Dll operation events (3 events):
Event: 0.117 Loaded shared library C:\Program Files\Android\Android Studio\jbr\bin\java.dll
Event: 0.140 Loaded shared library C:\Program Files\Android\Android Studio\jbr\bin\zip.dll
Event: 4.423 Loaded shared library C:\Program Files\Android\Android Studio\jbr\bin\verify.dll

Deoptimization events (20 events):
Event: 141.062 Thread 0x00000180bac1a970 Uncommon trap: trap_request=0xffffff45 fr.pc=0x00000180a4df4f6c relative=0x000000000000014c
Event: 141.062 Thread 0x00000180bac1a970 Uncommon trap: reason=unstable_if action=reinterpret pc=0x00000180a4df4f6c method=org.objectweb.asm.ByteVector.putByteArray([BII)Lorg/objectweb/asm/ByteVector; @ 20 c2
Event: 141.062 Thread 0x00000180bac1a970 DEOPT PACKING pc=0x00000180a4df4f6c sp=0x00000014dfef3dc0
Event: 141.062 Thread 0x00000180bac1a970 DEOPT UNPACKING pc=0x00000180a44b43a2 sp=0x00000014dfef3d90 mode 2
Event: 141.062 Thread 0x00000180bac1a970 Uncommon trap: trap_request=0xffffff45 fr.pc=0x00000180a4bbb80c relative=0x0000000000000b0c
Event: 141.062 Thread 0x00000180bac1a970 Uncommon trap: reason=unstable_if action=reinterpret pc=0x00000180a4bbb80c method=org.objectweb.asm.Label.resolve([BLorg/objectweb/asm/ByteVector;I)Z @ 81 c2
Event: 141.062 Thread 0x00000180bac1a970 DEOPT PACKING pc=0x00000180a4bbb80c sp=0x00000014dfef3de0
Event: 141.062 Thread 0x00000180bac1a970 DEOPT UNPACKING pc=0x00000180a44b43a2 sp=0x00000014dfef3d08 mode 2
Event: 141.062 Thread 0x00000180bac1a970 Uncommon trap: trap_request=0xffffff45 fr.pc=0x00000180a4cf79e0 relative=0x0000000000000240
Event: 141.062 Thread 0x00000180bac1a970 Uncommon trap: reason=unstable_if action=reinterpret pc=0x00000180a4cf79e0 method=org.objectweb.asm.Label.resolve([BLorg/objectweb/asm/ByteVector;I)Z @ 81 c2
Event: 141.062 Thread 0x00000180bac1a970 DEOPT PACKING pc=0x00000180a4cf79e0 sp=0x00000014dfef3d70
Event: 141.062 Thread 0x00000180bac1a970 DEOPT UNPACKING pc=0x00000180a44b43a2 sp=0x00000014dfef3d00 mode 2
Event: 141.681 Thread 0x00000180bac1a970 Uncommon trap: trap_request=0xffffffcc fr.pc=0x00000180a4f44bbc relative=0x000000000000027c
Event: 141.681 Thread 0x00000180bac1a970 Uncommon trap: reason=intrinsic_or_type_checked_inlining action=make_not_entrant pc=0x00000180a4f44bbc method=java.util.Arrays.copyOfRange([Ljava/lang/Object;IILjava/lang/Class;)[Ljava/lang/Object; @ 84 c2
Event: 141.681 Thread 0x00000180bac1a970 DEOPT PACKING pc=0x00000180a4f44bbc sp=0x00000014dfef6890
Event: 141.681 Thread 0x00000180bac1a970 DEOPT UNPACKING pc=0x00000180a44b43a2 sp=0x00000014dfef6810 mode 2
Event: 141.712 Thread 0x00000180bac1a970 Uncommon trap: trap_request=0xffffff45 fr.pc=0x00000180a4d2081c relative=0x000000000000183c
Event: 141.712 Thread 0x00000180bac1a970 Uncommon trap: reason=unstable_if action=reinterpret pc=0x00000180a4d2081c method=java.lang.String.split(CIZ)[Ljava/lang/String; @ 184 c2
Event: 141.712 Thread 0x00000180bac1a970 DEOPT PACKING pc=0x00000180a4d2081c sp=0x00000014dfef7430
Event: 141.712 Thread 0x00000180bac1a970 DEOPT UNPACKING pc=0x00000180a44b43a2 sp=0x00000014dfef7400 mode 2

Classes loaded (20 events):
Event: 139.313 Loading class java/util/Base64$Decoder
Event: 139.314 Loading class java/util/Base64$Decoder done
Event: 139.314 Loading class java/util/Base64$Encoder
Event: 139.314 Loading class java/util/Base64$Encoder done
Event: 139.316 Loading class java/util/jar/JarVerifier$VerifierStream
Event: 139.317 Loading class java/util/jar/JarVerifier$VerifierStream done
Event: 139.317 Loading class sun/security/util/ManifestEntryVerifier$SunProviderHolder
Event: 139.317 Loading class sun/security/util/ManifestEntryVerifier$SunProviderHolder done
Event: 139.811 Loading class sun/misc/Unsafe
Event: 139.812 Loading class sun/misc/Unsafe done
Event: 139.937 Loading class sun/reflect/annotation/AnnotationInvocationHandler$1
Event: 139.938 Loading class sun/reflect/annotation/AnnotationInvocationHandler$1 done
Event: 139.981 Loading class java/lang/foreign/ValueLayout
Event: 139.982 Loading class java/lang/foreign/MemoryLayout
Event: 139.983 Loading class java/lang/foreign/MemoryLayout done
Event: 139.983 Loading class java/lang/foreign/ValueLayout done
Event: 140.578 Loading class java/security/KeyStore
Event: 140.579 Loading class java/security/KeyStore done
Event: 140.974 Loading class javax/xml/stream/XMLStreamException
Event: 140.975 Loading class javax/xml/stream/XMLStreamException done

Classes unloaded (0 events):
No events

Classes redefined (0 events):
No events

Internal exceptions (20 events):
Event: 142.460 Thread 0x00000180bac1a970 Exception <a 'sun/nio/fs/WindowsException'{0x000000008aced0c0}> (0x000000008aced0c0) 
thrown [s\src\hotspot\share\prims\jni.cpp, line 537]
Event: 142.461 Thread 0x00000180bac1a970 Exception <a 'sun/nio/fs/WindowsException'{0x000000008ab00730}> (0x000000008ab00730) 
thrown [s\src\hotspot\share\prims\jni.cpp, line 537]
Event: 142.463 Thread 0x00000180bac1a970 Exception <a 'sun/nio/fs/WindowsException'{0x000000008ab1ea40}> (0x000000008ab1ea40) 
thrown [s\src\hotspot\share\prims\jni.cpp, line 537]
Event: 142.464 Thread 0x00000180bac1a970 Exception <a 'sun/nio/fs/WindowsException'{0x000000008ab2dc60}> (0x000000008ab2dc60) 
thrown [s\src\hotspot\share\prims\jni.cpp, line 537]
Event: 142.465 Thread 0x00000180bac1a970 Exception <a 'sun/nio/fs/WindowsException'{0x000000008ab3dd10}> (0x000000008ab3dd10) 
thrown [s\src\hotspot\share\prims\jni.cpp, line 537]
Event: 142.466 Thread 0x00000180bac1a970 Exception <a 'sun/nio/fs/WindowsException'{0x000000008ab4bc38}> (0x000000008ab4bc38) 
thrown [s\src\hotspot\share\prims\jni.cpp, line 537]
Event: 142.467 Thread 0x00000180bac1a970 Exception <a 'sun/nio/fs/WindowsException'{0x000000008ab5a4a8}> (0x000000008ab5a4a8) 
thrown [s\src\hotspot\share\prims\jni.cpp, line 537]
Event: 142.469 Thread 0x00000180bac1a970 Exception <a 'sun/nio/fs/WindowsException'{0x000000008ab69af8}> (0x000000008ab69af8) 
thrown [s\src\hotspot\share\prims\jni.cpp, line 537]
Event: 142.471 Thread 0x00000180bac1a970 Exception <a 'sun/nio/fs/WindowsException'{0x000000008ab83810}> (0x000000008ab83810) 
thrown [s\src\hotspot\share\prims\jni.cpp, line 537]
Event: 142.473 Thread 0x00000180bac1a970 Exception <a 'sun/nio/fs/WindowsException'{0x000000008ab90ed0}> (0x000000008ab90ed0) 
thrown [s\src\hotspot\share\prims\jni.cpp, line 537]
Event: 142.478 Thread 0x00000180bac1a970 Exception <a 'sun/nio/fs/WindowsException'{0x000000008abc7438}> (0x000000008abc7438) 
thrown [s\src\hotspot\share\prims\jni.cpp, line 537]
Event: 142.480 Thread 0x00000180bac1a970 Exception <a 'sun/nio/fs/WindowsException'{0x000000008abd8920}> (0x000000008abd8920) 
thrown [s\src\hotspot\share\prims\jni.cpp, line 537]
Event: 142.482 Thread 0x00000180bac1a970 Exception <a 'sun/nio/fs/WindowsException'{0x000000008aa07960}> (0x000000008aa07960) 
thrown [s\src\hotspot\share\prims\jni.cpp, line 537]
Event: 142.486 Thread 0x00000180bac1a970 Exception <a 'sun/nio/fs/WindowsException'{0x000000008aa22530}> (0x000000008aa22530) 
thrown [s\src\hotspot\share\prims\jni.cpp, line 537]
Event: 142.489 Thread 0x00000180bac1a970 Exception <a 'sun/nio/fs/WindowsException'{0x000000008aa55e40}> (0x000000008aa55e40) 
thrown [s\src\hotspot\share\prims\jni.cpp, line 537]
Event: 142.490 Thread 0x00000180bac1a970 Exception <a 'sun/nio/fs/WindowsException'{0x000000008aa65ee0}> (0x000000008aa65ee0) 
thrown [s\src\hotspot\share\prims\jni.cpp, line 537]
Event: 142.491 Thread 0x00000180bac1a970 Exception <a 'sun/nio/fs/WindowsException'{0x000000008aa7c050}> (0x000000008aa7c050) 
thrown [s\src\hotspot\share\prims\jni.cpp, line 537]
Event: 142.493 Thread 0x00000180bac1a970 Exception <a 'sun/nio/fs/WindowsException'{0x000000008aa9f8f8}> (0x000000008aa9f8f8) 
thrown [s\src\hotspot\share\prims\jni.cpp, line 537]
Event: 142.494 Thread 0x00000180bac1a970 Exception <a 'sun/nio/fs/WindowsException'{0x000000008aaade48}> (0x000000008aaade48) 
thrown [s\src\hotspot\share\prims\jni.cpp, line 537]
Event: 142.494 Thread 0x00000180bac1a970 Exception <a 'sun/nio/fs/WindowsException'{0x000000008aabc5a8}> (0x000000008aabc5a8) 
thrown [s\src\hotspot\share\prims\jni.cpp, line 537]

ZGC Phase Switch (0 events):
No events

VM Operations (20 events):
Event: 137.693 Executing non-safepoint VM operation: HandshakeAllThreads (Deoptimize)
Event: 137.693 Executing non-safepoint VM operation: HandshakeAllThreads (Deoptimize) done
Event: 138.704 Executing safepoint VM operation: Cleanup
Event: 138.705 Executing safepoint VM operation: Cleanup done
Event: 138.782 Executing non-safepoint VM operation: HandshakeAllThreads (Deoptimize)
Event: 138.782 Executing non-safepoint VM operation: HandshakeAllThreads (Deoptimize) done
Event: 139.155 Executing non-safepoint VM operation: HandshakeAllThreads (Deoptimize)
Event: 139.155 Executing non-safepoint VM operation: HandshakeAllThreads (Deoptimize) done
Event: 139.253 Executing non-safepoint VM operation: HandshakeAllThreads (Deoptimize)
Event: 139.253 Executing non-safepoint VM operation: HandshakeAllThreads (Deoptimize) done
Event: 139.256 Executing non-safepoint VM operation: HandshakeAllThreads (Deoptimize)
Event: 139.256 Executing non-safepoint VM operation: HandshakeAllThreads (Deoptimize) done
Event: 140.103 Executing safepoint VM operation: G1CollectForAllocation (G1 Evacuation Pause)
Event: 140.110 Executing safepoint VM operation: G1CollectForAllocation (G1 Evacuation Pause) done
Event: 141.123 Executing safepoint VM operation: Cleanup
Event: 141.124 Executing safepoint VM operation: Cleanup done
Event: 141.943 Executing safepoint VM operation: G1CollectForAllocation (G1 Evacuation Pause)
Event: 141.952 Executing safepoint VM operation: G1CollectForAllocation (G1 Evacuation Pause) done
Event: 142.964 Executing safepoint VM operation: Cleanup
Event: 142.965 Executing safepoint VM operation: Cleanup done

Memory protections (0 events):
No events

Nmethod flushes (20 events):
Event: 136.095 Thread 0x00000180b20bd480 flushing  nmethod 0x000001809d8b8f10
Event: 136.095 Thread 0x00000180b20bd480 flushing  nmethod 0x000001809db7a710
Event: 136.095 Thread 0x00000180b20bd480 flushing  nmethod 0x000001809db7d310
Event: 136.095 Thread 0x00000180b20bd480 flushing  nmethod 0x000001809dc15610
Event: 136.095 Thread 0x00000180b20bd480 flushing  nmethod 0x00000180a4b09210
Event: 136.095 Thread 0x00000180b20bd480 flushing  nmethod 0x00000180a4d10c10
Event: 136.095 Thread 0x00000180b20bd480 flushing  nmethod 0x000001809cfb9790
Event: 136.095 Thread 0x00000180b20bd480 flushing  nmethod 0x000001809d164f90
Event: 136.095 Thread 0x00000180b20bd480 flushing  nmethod 0x000001809d167010
Event: 136.095 Thread 0x00000180b20bd480 flushing  nmethod 0x000001809d27a090
Event: 136.095 Thread 0x00000180b20bd480 flushing  nmethod 0x000001809d74bd10
Event: 136.095 Thread 0x00000180b20bd480 flushing  nmethod 0x000001809d74ce10
Event: 136.095 Thread 0x00000180b20bd480 flushing  nmethod 0x000001809d825190
Event: 136.095 Thread 0x00000180b20bd480 flushing  nmethod 0x000001809d826f90
Event: 136.095 Thread 0x00000180b20bd480 flushing  nmethod 0x000001809d9ad610
Event: 136.095 Thread 0x00000180b20bd480 flushing  nmethod 0x000001809d082490
Event: 136.095 Thread 0x00000180b20bd480 flushing  nmethod 0x000001809d334310
Event: 136.095 Thread 0x00000180b20bd480 flushing  nmethod 0x000001809d816610
Event: 136.095 Thread 0x00000180b20bd480 flushing  nmethod 0x000001809d873190
Event: 136.095 Thread 0x00000180b20bd480 flushing  nmethod 0x000001809dc9ad90

Events (20 events):
Event: 130.488 Thread 0x00000180bac1a970 Thread added: 0x00000180ba8e3f30
Event: 130.489 Thread 0x00000180bac1a970 Thread added: 0x00000180b7c376e0
Event: 130.490 Thread 0x00000180bac1a970 Thread added: 0x00000180b7c34f80
Event: 130.491 Thread 0x00000180bac1a970 Thread added: 0x00000180b7c3b1f0
Event: 130.492 Thread 0x00000180bac1a970 Thread added: 0x00000180b7c3bf10
Event: 130.493 Thread 0x00000180bac1a970 Thread added: 0x00000180bb672ee0
Event: 130.494 Thread 0x00000180bac1a970 Thread added: 0x00000180bb674920
Event: 130.495 Thread 0x00000180bac1a970 Thread added: 0x00000180bb674fb0
Event: 130.496 Thread 0x00000180bac1a970 Thread added: 0x00000180bb672850
Event: 130.497 Thread 0x00000180bac1a970 Thread added: 0x00000180bb673570
Event: 135.496 Thread 0x00000180b22b9e30 Thread added: 0x00000180b7e2f6c0
Event: 135.617 Thread 0x00000180bac1a970 Thread added: 0x00000180b9e3d2a0
Event: 136.698 Thread 0x00000180b7e2f6c0 Thread exited: 0x00000180b7e2f6c0
Event: 139.267 Thread 0x00000180b22b9e30 Thread added: 0x00000180b7e2f6c0
Event: 139.913 Thread 0x00000180b7e2f6c0 Thread exited: 0x00000180b7e2f6c0
Event: 140.088 Thread 0x00000180b22b9e30 Thread added: 0x00000180b7e318d0
Event: 141.331 Thread 0x00000180b7e318d0 Thread exited: 0x00000180b7e318d0
Event: 141.397 Thread 0x00000180b22b9e30 Thread added: 0x00000180b7e31200
Event: 142.366 Thread 0x00000180b7e31200 Thread exited: 0x00000180b7e31200
Event: 142.459 Thread 0x00000180b22b9e30 Thread added: 0x00000180b2a08550


Dynamic libraries:
0x00007ff7d5770000 - 0x00007ff7d577a000 	C:\Program Files\Android\Android Studio\jbr\bin\java.exe
0x00007ff819700000 - 0x00007ff819967000 	C:\WINDOWS\SYSTEM32\ntdll.dll
0x00007ff818610000 - 0x00007ff8186d9000 	C:\WINDOWS\System32\KERNEL32.DLL
0x00007ff816d10000 - 0x00007ff817107000 	C:\WINDOWS\System32\KERNELBASE.dll
0x00007fffeeec0000 - 0x00007fffeeed8000 	C:\Program Files\Android\Android Studio\jbr\bin\jli.dll
0x00007ff818cf0000 - 0x00007ff818eb6000 	C:\WINDOWS\System32\USER32.dll
0x00007ff817260000 - 0x00007ff817287000 	C:\WINDOWS\System32\win32u.dll
0x00007ff818010000 - 0x00007ff81803b000 	C:\WINDOWS\System32\GDI32.dll
0x00007ff817350000 - 0x00007ff81747c000 	C:\WINDOWS\System32\gdi32full.dll
0x00007ff816bb0000 - 0x00007ff816c53000 	C:\WINDOWS\System32\msvcp_win.dll
0x00007ff817110000 - 0x00007ff81725b000 	C:\WINDOWS\System32\ucrtbase.dll
0x00007ffffc280000 - 0x00007ffffc512000 	C:\WINDOWS\WinSxS\amd64_microsoft.windows.common-controls_6595b64144ccf1df_6.0.26100.8328_none_3e08182ce334b678\COMCTL32.dll
0x00007ffffee60000 - 0x00007ffffee7b000 	C:\Program Files\Android\Android Studio\jbr\bin\VCRUNTIME140.dll
0x00007ff817480000 - 0x00007ff817529000 	C:\WINDOWS\System32\msvcrt.dll
0x00007ff8184f0000 - 0x00007ff818522000 	C:\WINDOWS\System32\IMM32.DLL
0x00007ff80e070000 - 0x00007ff80e07c000 	C:\Program Files\Android\Android Studio\jbr\bin\vcruntime140_1.dll
0x00007fffd0f70000 - 0x00007fffd0ffd000 	C:\Program Files\Android\Android Studio\jbr\bin\msvcp140.dll
0x00007fff215c0000 - 0x00007fff22256000 	C:\Program Files\Android\Android Studio\jbr\bin\server\jvm.dll
0x00007ff819220000 - 0x00007ff8192d6000 	C:\WINDOWS\System32\ADVAPI32.dll
0x00007ff818fd0000 - 0x00007ff819077000 	C:\WINDOWS\System32\sechost.dll
0x00007ff819100000 - 0x00007ff819218000 	C:\WINDOWS\System32\RPCRT4.dll
0x00007ff815fb0000 - 0x00007ff81600e000 	C:\WINDOWS\SYSTEM32\POWRPROF.dll
0x00007ff817f70000 - 0x00007ff817ff0000 	C:\WINDOWS\System32\WS2_32.dll
0x00007ff810240000 - 0x00007ff810276000 	C:\WINDOWS\SYSTEM32\WINMM.dll
0x00007ff810280000 - 0x00007ff81028b000 	C:\WINDOWS\SYSTEM32\VERSION.dll
0x00007ff815f90000 - 0x00007ff815fa4000 	C:\WINDOWS\SYSTEM32\UMPDC.dll
0x00007ff814e80000 - 0x00007ff814e9b000 	C:\WINDOWS\SYSTEM32\kernel.appcore.dll
0x00007fffffe70000 - 0x00007fffffe7a000 	C:\Program Files\Android\Android Studio\jbr\bin\jimage.dll
0x00007ff80a760000 - 0x00007ff80a9a2000 	C:\WINDOWS\SYSTEM32\DBGHELP.DLL
0x00007ff818140000 - 0x00007ff8184c3000 	C:\WINDOWS\System32\combase.dll
0x00007ff818530000 - 0x00007ff818609000 	C:\WINDOWS\System32\OLEAUT32.dll
0x00007ffffc1b0000 - 0x00007ffffc1eb000 	C:\WINDOWS\SYSTEM32\dbgcore.DLL
0x00007ff816c60000 - 0x00007ff816d08000 	C:\WINDOWS\System32\bcryptPrimitives.dll
0x00007ffff1930000 - 0x00007ffff193e000 	C:\Program Files\Android\Android Studio\jbr\bin\instrument.dll
0x00007ffffee40000 - 0x00007ffffee60000 	C:\Program Files\Android\Android Studio\jbr\bin\java.dll
0x00007ffffee20000 - 0x00007ffffee38000 	C:\Program Files\Android\Android Studio\jbr\bin\zip.dll
0x00007ff817790000 - 0x00007ff817efe000 	C:\WINDOWS\System32\SHELL32.dll
0x00007ff816340000 - 0x00007ff816bac000 	C:\WINDOWS\System32\windows.storage.dll
0x00007ff818ed0000 - 0x00007ff818fc6000 	C:\WINDOWS\System32\SHCORE.dll
0x00007ff819360000 - 0x00007ff8193c6000 	C:\WINDOWS\System32\shlwapi.dll
0x00007ff816050000 - 0x00007ff816079000 	C:\WINDOWS\SYSTEM32\profapi.dll
0x00007fffff450000 - 0x00007fffff460000 	C:\Program Files\Android\Android Studio\jbr\bin\net.dll
0x00007ff80be80000 - 0x00007ff80bfa9000 	C:\WINDOWS\SYSTEM32\WINHTTP.dll
0x00007ff8153d0000 - 0x00007ff81543c000 	C:\WINDOWS\system32\mswsock.dll
0x00007ffffc0d0000 - 0x00007ffffc0e6000 	C:\Program Files\Android\Android Studio\jbr\bin\nio.dll
0x00007ffff5760000 - 0x00007ffff5770000 	C:\Program Files\Android\Android Studio\jbr\bin\verify.dll
0x00007fffedfb0000 - 0x00007fffedfd7000 	C:\Users\Kabo\.gradle\native\660c5614fbf4a5f2a75b1949f50a0caf5cd603558e7d8a26e50b933a0cfb79d1\windows-amd64\native-platform.dll
0x00007fffd43e0000 - 0x00007fffd4457000 	C:\Users\Kabo\.gradle\native\0.2.8\x86_64-windows-gnu\gradle-fileevents.dll
0x00007ffff6540000 - 0x00007ffff6549000 	C:\Program Files\Android\Android Studio\jbr\bin\management.dll
0x00007ffff5fb0000 - 0x00007ffff5fbb000 	C:\Program Files\Android\Android Studio\jbr\bin\management_ext.dll
0x00007ff818000000 - 0x00007ff818008000 	C:\WINDOWS\System32\PSAPI.DLL
0x00007ff814870000 - 0x00007ff8148a2000 	C:\WINDOWS\SYSTEM32\IPHLPAPI.DLL
0x00007ff818ec0000 - 0x00007ff818eca000 	C:\WINDOWS\System32\NSI.dll
0x00007ffff6550000 - 0x00007ffff6559000 	C:\Program Files\Android\Android Studio\jbr\bin\extnet.dll
0x00007ff8157d0000 - 0x00007ff8157eb000 	C:\WINDOWS\SYSTEM32\CRYPTSP.dll
0x00007ff814de0000 - 0x00007ff814e19000 	C:\WINDOWS\system32\rsaenh.dll
0x00007ff815480000 - 0x00007ff8154b3000 	C:\WINDOWS\SYSTEM32\USERENV.dll
0x00007ff816020000 - 0x00007ff81604a000 	C:\WINDOWS\SYSTEM32\bcrypt.dll
0x00007ff815630000 - 0x00007ff81563c000 	C:\WINDOWS\SYSTEM32\CRYPTBASE.dll
0x00007fffd93e0000 - 0x00007fffd93e8000 	C:\WINDOWS\system32\wshunix.dll

JVMTI agents:
C:\Users\Kabo\.gradle\wrapper\dists\gradle-9.3.1-bin\23ovyewtku6u96viwx3xl3oks\gradle-9.3.1\lib\agents\gradle-instrumentation-agent-9.3.1.jar path:C:\Program Files\Android\Android Studio\jbr\bin\instrument.dll, loaded, initialized, instrumentlib options:none

dbghelp: loaded successfully - version: 4.0.5 - missing functions: none
symbol engine: initialized successfully - sym options: 0x614 - pdb path: .;C:\Program Files\Android\Android Studio\jbr\bin;C:\WINDOWS\SYSTEM32;C:\WINDOWS\WinSxS\amd64_microsoft.windows.common-controls_6595b64144ccf1df_6.0.26100.8328_none_3e08182ce334b678;C:\Program Files\Android\Android Studio\jbr\bin\server;C:\Users\Kabo\.gradle\native\660c5614fbf4a5f2a75b1949f50a0caf5cd603558e7d8a26e50b933a0cfb79d1\windows-amd64;C:\Users\Kabo\.gradle\native\0.2.8\x86_64-windows-gnu

VM Arguments:
jvm_args: --add-opens=java.base/java.lang=ALL-UNNAMED --add-opens=java.base/java.lang.invoke=ALL-UNNAMED --add-opens=java.base/java.util=ALL-UNNAMED --add-opens=java.prefs/java.util.prefs=ALL-UNNAMED --add-exports=jdk.compiler/com.sun.tools.javac.api=ALL-UNNAMED --add-exports=jdk.compiler/com.sun.tools.javac.util=ALL-UNNAMED --add-opens=java.base/java.util=ALL-UNNAMED --add-opens=java.prefs/java.util.prefs=ALL-UNNAMED --add-opens=java.base/java.nio.charset=ALL-UNNAMED --add-opens=java.base/java.net=ALL-UNNAMED --add-opens=java.base/java.util.concurrent=ALL-UNNAMED --add-opens=java.base/java.util.concurrent.atomic=ALL-UNNAMED --add-opens=java.xml/javax.xml.namespace=ALL-UNNAMED --add-opens=java.base/java.time=ALL-UNNAMED -Xmx2048m -Dfile.encoding=UTF-8 -Duser.country=US -Duser.language=en -Duser.variant -javaagent:C:\Users\Kabo\.gradle\wrapper\dists\gradle-9.3.1-bin\23ovyewtku6u96viwx3xl3oks\gradle-9.3.1\lib\agents\gradle-instrumentation-agent-9.3.1.jar 
java_command: org.gradle.launcher.daemon.bootstrap.GradleDaemon 9.3.1
java_class_path (initial): C:\Users\Kabo\.gradle\wrapper\dists\gradle-9.3.1-bin\23ovyewtku6u96viwx3xl3oks\gradle-9.3.1\lib\gradle-daemon-main-9.3.1.jar
Launcher Type: SUN_STANDARD

[Global flags]
     intx CICompilerCount                          = 4                                         {product} {ergonomic}
     uint ConcGCThreads                            = 3                                         {product} {ergonomic}
     uint G1ConcRefinementThreads                  = 10                                        {product} {ergonomic}
   size_t G1HeapRegionSize                         = 1048576                                   {product} {ergonomic}
    uintx GCDrainStackTargetSize                   = 64                                        {product} {ergonomic}
   size_t InitialHeapSize                          = 123731968                                 {product} {ergonomic}
   size_t MarkStackSize                            = 4194304                                   {product} {ergonomic}
   size_t MaxHeapSize                              = 2147483648                                {product} {command line}
   size_t MaxNewSize                               = 1287651328                                {product} {ergonomic}
   size_t MinHeapDeltaBytes                        = 1048576                                   {product} {ergonomic}
   size_t MinHeapSize                              = 8388608                                   {product} {ergonomic}
    uintx NonNMethodCodeHeapSize                   = 5839372                                {pd product} {ergonomic}
    uintx NonProfiledCodeHeapSize                  = 122909434                              {pd product} {ergonomic}
    uintx ProfiledCodeHeapSize                     = 122909434                              {pd product} {ergonomic}
    uintx ReservedCodeCacheSize                    = 251658240                              {pd product} {ergonomic}
     bool SegmentedCodeCache                       = true                                      {product} {ergonomic}
   size_t SoftMaxHeapSize                          = 2147483648                             {manageable} {ergonomic}
     bool UseCompressedOops                        = true                           {product lp64_product} {ergonomic}
     bool UseG1GC                                  = true                                      {product} {ergonomic}
     bool UseLargePagesIndividualAllocation        = false                                  {pd product} {ergonomic}

Logging:
Log output configuration:
 #0: stdout all=warning uptime,level,tags foldmultilines=false
 #1: stderr all=off uptime,level,tags foldmultilines=false

Release file:
JAVA_VERSION="21.0.10" 
MODULES="java.base java.compiler java.datatransfer java.xml java.prefs java.desktop java.instrument java.logging java.management java.security.sasl java.naming java.rmi java.management.rmi java.net.http java.scripting java.security.jgss java.transaction.xa java.sql java.sql.rowset java.xml.crypto java.se java.smartcardio jdk.accessibility jdk.internal.jvmstat jdk.attach jdk.charsets jdk.internal.opt jdk.zipfs jdk.compiler jdk.crypto.ec jdk.crypto.cryptoki jdk.dynalink jdk.hotspot.agent jdk.httpserver jdk.internal.ed jdk.internal.le jdk.internal.vm.ci jdk.jartool jdk.javadoc jdk.jcmd jdk.jdeps jdk.jdwp.agent jdk.jdi jdk.jfr jdk.jlink jdk.jsobject jdk.localedata jdk.management jdk.management.agent jdk.management.jfr jdk.naming.dns jdk.naming.rmi jdk.net jdk.sctp jdk.security.auth jdk.security.jgss jdk.unsupported jdk.unsupported.desktop jdk.xml.dom" 
IMPLEMENTOR="JetBrains s.r.o." 
JAVA_RUNTIME_VERSION="21.0.10+-14961533-b1163.108" 
LIBC="default" 
OS_ARCH="x86_64" 
OS_NAME="Windows" 
SOURCE=".:git:1351622c2ff2" 

Environment Variables:
JAVA_HOME=C:\Program Files\Java\jdk-23
PATH=C:\Program Files (x86)\NVIDIA Corporation\PhysX\Common;C:\Program Files\Common Files\Oracle\Java\javapath;C:\WINDOWS\system32;C:\WINDOWS;C:\WINDOWS\System32\Wbem;C:\WINDOWS\System32\WindowsPowerShell\v1.0\;C:\WINDOWS\System32\OpenSSH\;C:\msys64\mingw64\bin;C:\Program Files\Git\cmd;C:\Program Files\nodejs\;D:\sql\160\Tools\Binn\;C:\Program Files\Microsoft SQL Server\160\Tools\Binn\;C:\Program Files\Microsoft SQL Server\Client SDK\ODBC\170\Tools\Binn\;C:\Program Files\Microsoft SQL Server\160\DTS\Binn\;C:\Users\Kabo\AppData\Local\Microsoft\WindowsApps;C:\flutter\flutter\bin;C:\Program Files\Git\bin;C:\dart-sdk\bin;C:\Users\Kabo\AppData\Local\Android\Sdk;C:\cmdline-tools\latest\bin;C:\Users\Kabo\AppData\Local\Programs\Microsoft VS Code\bin;C:\Program Files\Java\jdk-23\bin;D:\Program Files\CLion 2025.1.3\bin;;C:\Users\Kabo\AppData\Local\Pub\Cache\bin;C:\Users\Kabo\AppData\Roaming\npm;C:\Users\Kabo\AppData\Local\GitHubDesktop\bin
USERNAME=Kabo
OS=Windows_NT
PROCESSOR_IDENTIFIER=AMD64 Family 23 Model 104 Stepping 1, AuthenticAMD
TMP=C:\Users\Kabo\AppData\Local\Temp
TEMP=C:\Users\Kabo\AppData\Local\Temp




Periodic native trim disabled

JNI global refs:
JNI global refs: 29, weak refs: 0

JNI global refs memory usage: 835, weak refs: 833

Process memory usage:
Resident Set Size: 383060K (4% of 7681736K total physical memory with 604656K free physical memory)

OOME stack traces (most recent first):
Classloader memory used:
Loader org.gradle.internal.classloader.VisitableURLClassLoader                         : 40429K
Loader bootstrap                                                                       : 25451K
Loader org.gradle.internal.classloader.VisitableURLClassLoader$InstrumentingVisitableURLClassLoader: 15136K
Loader org.gradle.initialization.MixInLegacyTypesClassLoader                           : 11979K
Loader org.gradle.internal.classloader.VisitableURLClassLoader                         : 2130K
Loader jdk.internal.reflect.DelegatingClassLoader                                      : 520K
Loader jdk.internal.loader.ClassLoaders$AppClassLoader                                 : 229K
Loader jdk.internal.loader.ClassLoaders$PlatformClassLoader                            : 148K
Loader org.gradle.groovy.scripts.internal.DefaultScriptCompilationHandler$ScriptClassLoader: 124K

Classes loaded by more than one classloader:
Class Program                                                                         : loaded 5 times (x 72B)
Class org.gradle.api.Action                                                           : loaded 4 times (x 70B)
Class org.gradle.api.GradleException                                                  : loaded 4 times (x 82B)
Class org.gradle.internal.IoActions                                                   : loaded 4 times (x 71B)
Class org.gradle.internal.Cast                                                        : loaded 4 times (x 71B)
Class Build_gradle                                                                    : loaded 3 times (x 126B)
Class kotlin.NoWhenBranchMatchedException                                             : loaded 3 times (x 82B)
Class org.gradle.tooling.model.BuildIdentifier                                        : loaded 3 times (x 70B)
Class org.gradle.internal.time.Time                                                   : loaded 3 times (x 71B)
Class com.google.common.collect.PeekingIterator                                       : loaded 3 times (x 70B)
Class com.google.common.base.Preconditions                                            : loaded 3 times (x 71B)
Class org.gradle.internal.exceptions.DefaultMultiCauseException                       : loaded 3 times (x 95B)
Class org.gradle.internal.time.Timer                                                  : loaded 3 times (x 70B)
Class org.gradle.tooling.model.ProjectModel                                           : loaded 3 times (x 70B)
Class kotlin.jvm.internal.Intrinsics                                                  : loaded 3 times (x 71B)
Class org.gradle.internal.time.CountdownTimer                                         : loaded 3 times (x 70B)
Class org.gradle.internal.exceptions.MultiCauseException                              : loaded 3 times (x 70B)
Class kotlin.enums.EnumEntriesKt                                                      : loaded 3 times (x 71B)
Class kotlin.NotImplementedError                                                      : loaded 3 times (x 82B)
Class org.jetbrains.kotlin.tooling.core.HasMutableExtras                              : loaded 3 times (x 70B)
Class org.gradle.internal.exceptions.NonGradleCauseExceptionsHolder                   : loaded 3 times (x 70B)
Class kotlin.jvm.internal.markers.KMappedMarker                                       : loaded 3 times (x 70B)
Class com.google.common.collect.ImmutableList                                         : loaded 3 times (x 206B)
Class kotlin.KotlinNullPointerException                                               : loaded 3 times (x 83B)
Class org.gradle.util.internal.DefaultGradleVersion                                   : loaded 3 times (x 82B)
Class org.jetbrains.kotlin.tooling.core.Extras                                        : loaded 3 times (x 70B)
Class com.google.common.collect.UnmodifiableListIterator                              : loaded 3 times (x 95B)
Class kotlin.collections.AbstractCollection                                           : loaded 3 times (x 117B)
Class kotlin.collections.AbstractList                                                 : loaded 3 times (x 197B)
Class org.gradle.internal.time.Clock                                                  : loaded 3 times (x 70B)
Class org.gradle.internal.operations.MultipleBuildOperationFailures                   : loaded 3 times (x 95B)
Class com.intellij.gradle.toolingExtension.impl.model.utilDummyModel.DummyModel       : loaded 3 times (x 70B)
Class kotlin.jvm.internal.DefaultConstructorMarker                                    : loaded 3 times (x 71B)
Class org.gradle.internal.time.TimeSource$1                                           : loaded 3 times (x 77B)
Class org.jetbrains.kotlin.tooling.core.HasExtras                                     : loaded 3 times (x 70B)
Class org.gradle.tooling.model.ProjectIdentifier                                      : loaded 3 times (x 70B)
Class org.gradle.internal.exceptions.ResolutionProvider                               : loaded 3 times (x 70B)
Class kotlin.enums.EnumEntries                                                        : loaded 3 times (x 70B)
Class org.gradle.tooling.internal.gradle.GradleBuildIdentity                          : loaded 3 times (x 70B)
Class org.gradle.internal.time.TimeSource                                             : loaded 3 times (x 70B)
Class kotlin.collections.AbstractList$Companion                                       : loaded 3 times (x 71B)
Class org.gradle.util.GradleVersion                                                   : loaded 3 times (x 81B)
Class org.gradle.internal.time.MonotonicClock                                         : loaded 3 times (x 77B)
Class com.google.common.collect.Iterators$9                                           : loaded 3 times (x 81B)
Class com.google.common.collect.Lists                                                 : loaded 3 times (x 71B)
Class com.google.common.collect.ImmutableCollection                                   : loaded 3 times (x 125B)
Class com.google.common.collect.Iterators$5                                           : loaded 3 times (x 82B)
Class com.google.common.collect.Iterators$4                                           : loaded 3 times (x 82B)
Class kotlin.UninitializedPropertyAccessException                                     : loaded 3 times (x 82B)
Class org.gradle.tooling.internal.gradle.DefaultProjectIdentifier                     : loaded 3 times (x 86B)
Class org.gradle.tooling.model.Model                                                  : loaded 3 times (x 70B)
Class com.google.common.collect.Iterators$1                                           : loaded 3 times (x 81B)
Class com.google.common.collect.Iterators$MergingIterator                             : loaded 3 times (x 81B)
Class org.gradle.tooling.internal.gradle.GradleProjectIdentity                        : loaded 3 times (x 70B)
Class org.gradle.tooling.internal.gradle.DefaultBuildIdentifier                       : loaded 3 times (x 79B)
Class org.gradle.internal.time.DefaultCountdownTimer                                  : loaded 3 times (x 88B)
Class com.google.common.collect.AbstractIndexedListIterator                           : loaded 3 times (x 96B)
Class com.google.common.collect.AbstractIterator                                      : loaded 3 times (x 82B)
Class org.gradle.internal.time.DefaultTimer                                           : loaded 3 times (x 80B)
Class com.google.common.collect.Lists$StringAsImmutableList                           : loaded 3 times (x 207B)
Class com.google.common.collect.Iterators                                             : loaded 3 times (x 71B)
Class org.gradle.tooling.model.UnsupportedMethodException                             : loaded 3 times (x 82B)
Class com.intellij.gradle.toolingExtension.util.GradleVersionUtil                     : loaded 3 times (x 71B)
Class com.google.common.collect.Iterators$SingletonIterator                           : loaded 3 times (x 81B)
Class com.google.common.collect.UnmodifiableIterator                                  : loaded 3 times (x 80B)
Class kotlin.enums.EnumEntriesList                                                    : loaded 3 times (x 223B)
Class com.google.common.collect.Iterators$ArrayItr                                    : loaded 3 times (x 97B)
Class com.google.common.cache.LocalCache$Strength$1                                   : loaded 2 times (x 81B)
Class sync_studio_tooling3_b9z5512fioiqqamyyt7kssjen$_run_closure1                    : loaded 2 times (x 139B)
Class org.jetbrains.kotlin.idea.gradleTooling.KotlinDslScriptAdditionalTask           : loaded 2 times (x 70B)
Class com.google.common.util.concurrent.SettableFuture                                : loaded 2 times (x 114B)
Class com.google.common.cache.LocalCache$Strength$2                                   : loaded 2 times (x 81B)
Class com.intellij.platform.diagnostic.telemetry.rt.context.TelemetryContextGetter    : loaded 2 times (x 75B)
Class com.intellij.gradle.toolingExtension.impl.util.GradleExecutorServiceUtil$SimpleThreadFactory: loaded 2 times (x 75B)
Class org.gradle.tooling.model.Dependency                                             : loaded 2 times (x 70B)
Class org.jetbrains.kotlin.idea.gradleTooling.IdeaKotlinDependenciesContainer         : loaded 2 times (x 70B)
Class com.google.common.cache.LocalCache$Strength$3                                   : loaded 2 times (x 81B)
Class com.google.common.collect.MapDifference                                         : loaded 2 times (x 70B)
Class org.objectweb.asm.FieldWriter                                                   : loaded 2 times (x 78B)
Class com.google.common.cache.CacheBuilder$NullListener                               : loaded 2 times (x 82B)
Class org.jetbrains.plugins.gradle.model.ExternalLibraryDependency                    : loaded 2 times (x 70B)
Class org.gradle.internal.classpath.TransformedClassPath                              : loaded 2 times (x 96B)
Class org.gradle.internal.classloader.InstrumentingClassLoader                        : loaded 2 times (x 70B)
Class com.google.common.cache.CacheLoader$FunctionToCacheLoader                       : loaded 2 times (x 75B)
Class org.objectweb.asm.ModuleVisitor                                                 : loaded 2 times (x 81B)
Class com.google.common.collect.ImmutableCollection$Builder                           : loaded 2 times (x 76B)
Class com.google.common.collect.Sets$4                                                : loaded 2 times (x 139B)
Class com.android.tools.idea.gradle.project.sync.SelectedVariants                     : loaded 2 times (x 72B)
Class com.google.common.base.Joiner                                                   : loaded 2 times (x 79B)
Class com.google.common.base.MoreObjects                                              : loaded 2 times (x 71B)
Class org.gradle.tooling.internal.consumer.converters.IdeaProjectJavaLanguageSettingsMixin: loaded 2 times (x 73B)
Class com.google.common.collect.Platform                                              : loaded 2 times (x 71B)
Class [Lorg.objectweb.asm.Type;                                                       : loaded 2 times (x 69B)
Class org.gradle.internal.service.UnknownServiceException                             : loaded 2 times (x 83B)
Class io.opentelemetry.context.ContextStorageWrappers                                 : loaded 2 times (x 71B)
Class io.opentelemetry.context.propagation.DefaultContextPropagators                  : loaded 2 times (x 75B)
Class org.gradle.tooling.internal.consumer.connection.ParameterAwareBuildControllerAdapter: loaded 2 times (x 101B)
Class org.jetbrains.plugins.gradle.model.IntelliJSettings                             : loaded 2 times (x 70B)
Class org.jetbrains.kotlin.idea.gradleTooling.KotlinSourceSetContainer                : loaded 2 times (x 70B)
Class org.gradle.internal.service.ServiceLocator                                      : loaded 2 times (x 70B)
Class com.google.common.base.Ascii                                                    : loaded 2 times (x 71B)
Class com.google.common.collect.SingletonImmutableBiMap                               : loaded 2 times (x 143B)
Class com.google.common.cache.LocalCache$1                                            : loaded 2 times (x 89B)
Class com.android.tools.idea.gradle.project.sync.ModelProviderCachedData              : loaded 2 times (x 72B)
Class com.google.common.collect.AbstractMapEntry                                      : loaded 2 times (x 81B)
Class com.android.tools.idea.gradle.project.sync.SyncTestMode                         : loaded 2 times (x 79B)
Class org.gradle.tooling.internal.adapter.ProtocolToModelAdapter$SupportedPropertyInvoker: loaded 2 times (x 76B)
Class com.google.common.cache.LocalCache$LocalLoadingCache                            : loaded 2 times (x 134B)
Class com.intellij.gradle.toolingExtension.impl.util.GradleExecutorServiceUtil        : loaded 2 times (x 71B)
Class com.google.common.collect.ImmutableList$Builder                                 : loaded 2 times (x 77B)
Class com.google.common.collect.AbstractMultimap                                      : loaded 2 times (x 123B)
Class com.google.common.cache.LocalCache$2                                            : loaded 2 times (x 142B)
Class com.google.common.collect.RegularImmutableAsList                                : loaded 2 times (x 217B)
Class io.opentelemetry.api.trace.SpanContext                                          : loaded 2 times (x 70B)
Class io.opentelemetry.api.trace.DefaultTracer$NoopSpanBuilder                        : loaded 2 times (x 91B)
Class com.google.common.util.concurrent.AbstractFuture$Trusted                        : loaded 2 times (x 70B)
Class com.google.common.collect.Sets$3                                                : loaded 2 times (x 139B)
Class org.gradle.tooling.internal.adapter.CollectionMapper                            : loaded 2 times (x 73B)
Class com.intellij.compose.ide.plugin.gradleTooling.rt.ComposeResourcesModel          : loaded 2 times (x 70B)
Class org.jetbrains.kotlin.idea.gradleTooling.KotlinGradlePluginVersion               : loaded 2 times (x 70B)
Class [Lorg.objectweb.asm.AnnotationVisitor;                                          : loaded 2 times (x 69B)
Class com.google.common.util.concurrent.UncheckedExecutionException                   : loaded 2 times (x 82B)
Class org.gradle.kotlin.dsl.VersionCatalogAccessorsKt                                 : loaded 2 times (x 71B)
Class org.gradle.tooling.internal.consumer.converters.FixedBuildIdentifierProvider    : loaded 2 times (x 75B)
Class io.opentelemetry.api.trace.DefaultTracerProvider                                : loaded 2 times (x 79B)
Class ijInit1_7kuqguvl5i0dzr882g47jaebj                                               : loaded 2 times (x 171B)
Class sync_studio_tooling2_6cw5uq0mtr4g01cm8vg9pgb7u                                  : loaded 2 times (x 171B)
Class org.gradle.tooling.internal.adapter.ProtocolToModelAdapter                      : loaded 2 times (x 80B)
Class org.objectweb.asm.ClassWriter                                                   : loaded 2 times (x 106B)
Class com.google.common.cache.CacheLoader$UnsupportedLoadingOperationException        : loaded 2 times (x 82B)
Class com.google.common.base.CharMatcher$And                                          : loaded 2 times (x 112B)
Class org.gradle.api.internal.ClassPathProvider                                       : loaded 2 times (x 70B)
Class org.gradle.internal.classloader.ClasspathUtil$1                                 : loaded 2 times (x 76B)
Class org.objectweb.asm.FieldVisitor                                                  : loaded 2 times (x 77B)
Class com.google.common.collect.IndexedImmutableSet                                   : loaded 2 times (x 152B)
Class com.google.common.collect.ImmutableMap$1                                        : loaded 2 times (x 81B)
Class com.google.common.collect.BiMap                                                 : loaded 2 times (x 70B)
Class org.gradle.tooling.internal.adapter.ProtocolToModelAdapter$ViewKey              : loaded 2 times (x 72B)
Class io.opentelemetry.context.ImplicitContextKeyed                                   : loaded 2 times (x 70B)
Class org.gradle.api.internal.classpath.DefaultModuleRegistry$DefaultModule           : loaded 2 times (x 86B)
Class com.google.common.primitives.Ints                                               : loaded 2 times (x 71B)
Class [Lorg.gradle.api.internal.ClassPathProvider;                                    : loaded 2 times (x 69B)
Class org.gradle.tooling.internal.adapter.ProtocolToModelAdapter$PropertyCachingMethodInvoker: loaded 2 times (x 76B)
Class io.opentelemetry.context.DefaultContextKey                                      : loaded 2 times (x 72B)
Class org.gradle.tooling.internal.consumer.connection.InternalPhasedActionAdapter     : loaded 2 times (x 78B)
Class com.google.common.collect.ObjectArrays                                          : loaded 2 times (x 71B)
Class com.google.common.math.MathPreconditions                                        : loaded 2 times (x 71B)
Class com.google.common.collect.Multiset                                              : loaded 2 times (x 70B)
Class com.google.common.collect.ArrayListMultimapGwtSerializationDependencies         : loaded 2 times (x 172B)
Class com.google.common.collect.Sets$2                                                : loaded 2 times (x 139B)
Class io.opentelemetry.api.internal.IncubatingUtil                                    : loaded 2 times (x 71B)
Class io.opentelemetry.api.GlobalOpenTelemetry$ObfuscatedOpenTelemetry                : loaded 2 times (x 92B)
Class org.gradle.api.internal.DefaultClassPathProvider                                : loaded 2 times (x 76B)
Class org.jetbrains.kotlin.idea.projectModel.KotlinTarget                             : loaded 2 times (x 70B)
Class com.intellij.openapi.externalSystem.model.ExternalSystemException               : loaded 2 times (x 86B)
Class com.google.common.collect.ImmutableMapEntrySet                                  : loaded 2 times (x 152B)
Class org.gradle.tooling.internal.adapter.ProtocolToModelAdapter$AdaptingMethodInvoker: loaded 2 times (x 76B)
Class org.gradle.tooling.internal.consumer.converters.ConsumerTargetTypeProvider      : loaded 2 times (x 76B)
Class org.gradle.api.internal.classpath.Module                                        : loaded 2 times (x 70B)
Class com.google.common.cache.Weigher                                                 : loaded 2 times (x 70B)
Class org.gradle.tooling.internal.consumer.versioning.VersionDetails$R48VersionDetails: loaded 2 times (x 80B)
Class com.android.tools.idea.gradle.project.sync.AndroidExtraModelProvider            : loaded 2 times (x 79B)
Class org.gradle.api.internal.classpath.UnknownModuleException                        : loaded 2 times (x 82B)
Class com.google.common.base.Stopwatch                                                : loaded 2 times (x 72B)
Class com.google.common.cache.LocalCache$Strength                                     : loaded 2 times (x 81B)
Class com.google.common.cache.Cache                                                   : loaded 2 times (x 70B)
Class io.opentelemetry.api.trace.TraceStateBuilder                                    : loaded 2 times (x 70B)
Class com.intellij.openapi.externalSystem.model.project.dependencies.ProjectDependencies: loaded 2 times (x 70B)
Class com.google.common.util.concurrent.AbstractFuture$Cancellation                   : loaded 2 times (x 72B)
Class com.google.common.collect.ImmutableMap$Builder                                  : loaded 2 times (x 82B)
Class org.gradle.tooling.internal.adapter.ProtocolToModelAdapter$BeanMixInMethodInvoker: loaded 2 times (x 76B)
Class com.google.common.cache.RemovalListener                                         : loaded 2 times (x 70B)
Class org.objectweb.asm.AnnotationVisitor                                             : loaded 2 times (x 78B)
Class org.gradle.api.internal.DefaultClassPathRegistry                                : loaded 2 times (x 76B)
Class com.google.common.primitives.IntsMethodsForWeb                                  : loaded 2 times (x 71B)
Class com.google.common.collect.Multimap                                              : loaded 2 times (x 70B)
Class com.intellij.gradle.toolingExtension.impl.modelSerialization.SerializationServiceNotFoundException: loaded 2 times (x 82B)
Class io.opentelemetry.api.internal.AutoValue_ImmutableSpanContext                    : loaded 2 times (x 92B)
Class org.gradle.tooling.internal.consumer.connection.UnparameterizedBuildController  : loaded 2 times (x 101B)
Class org.gradle.api.internal.ClassPathRegistry                                       : loaded 2 times (x 70B)
Class org.gradle.internal.classpath.DefaultClassPath$ImmutableUniqueList              : loaded 2 times (x 199B)
Class org.gradle.tooling.model.cpp.CppComponent                                       : loaded 2 times (x 70B)
Class com.google.common.collect.Sets$1                                                : loaded 2 times (x 139B)
Class com.google.common.cache.CacheBuilder                                            : loaded 2 times (x 72B)
Class com.google.common.collect.SingletonImmutableList                                : loaded 2 times (x 207B)
Class org.gradle.tooling.internal.consumer.versioning.ModelMapping$DefaultModelIdentifier: loaded 2 times (x 76B)
Class io.opentelemetry.api.trace.ImmutableTraceFlags                                  : loaded 2 times (x 77B)
Class Settings_gradle$1                                                               : loaded 2 times (x 74B)
Class org.gradle.internal.classpath.ClassPath                                         : loaded 2 times (x 70B)
Class com.google.common.collect.ImmutableList$ReverseImmutableList                    : loaded 2 times (x 209B)
Class org.gradle.tooling.internal.consumer.connection.StreamingAwareBuildControllerAdapter: loaded 2 times (x 101B)
Class org.jetbrains.plugins.gradle.model.ExternalProjectDependency                    : loaded 2 times (x 70B)
Class com.android.tools.idea.gradle.project.sync.SwitchVariantRequest                 : loaded 2 times (x 72B)
Class org.objectweb.asm.SymbolTable$Entry                                             : loaded 2 times (x 74B)
Class [Lio.opentelemetry.api.trace.TraceFlags;                                        : loaded 2 times (x 69B)
Class [Lio.opentelemetry.context.ContextStorage;                                      : loaded 2 times (x 69B)
Class com.intellij.platform.diagnostic.telemetry.rt.context.TelemetryContext          : loaded 2 times (x 134B)
Class org.jetbrains.kotlin.idea.gradleTooling.KotlinGradleModel                       : loaded 2 times (x 70B)
Class org.objectweb.asm.Edge                                                          : loaded 2 times (x 72B)
Class com.google.common.base.Suppliers$SupplierOfInstance                             : loaded 2 times (x 79B)
Class com.intellij.gradle.toolingExtension.modelAction.GradleModelFetchPhase$BuildFinished: loaded 2 times (x 70B)
Class org.gradle.internal.impldep.com.google.common.base.Optional                     : loaded 2 times (x 80B)
Class org.gradle.tooling.model.eclipse.EclipseClasspathEntry                          : loaded 2 times (x 70B)
Class io.opentelemetry.context.ThreadLocalContextStorage                              : loaded 2 times (x 85B)
Class org.jetbrains.kotlin.idea.projectModel.KotlinTarget$Companion                   : loaded 2 times (x 71B)
Class com.google.common.cache.LocalCache$ComputingValueReference                      : loaded 2 times (x 96B)
Class com.google.common.collect.SingletonImmutableSet                                 : loaded 2 times (x 146B)
Class com.google.common.collect.ImmutableMap$IteratorBasedImmutableMap                : loaded 2 times (x 126B)
Class org.gradle.tooling.internal.adapter.ProtocolToModelAdapter$ClassMixInMethodInvoker: loaded 2 times (x 76B)
Class com.intellij.gradle.toolingExtension.modelAction.GradleModelFetchPhase          : loaded 2 times (x 70B)
Class com.google.common.cache.LocalCache$Segment                                      : loaded 2 times (x 154B)
Class io.opentelemetry.context.Context                                                : loaded 2 times (x 70B)
Class org.gradle.tooling.internal.adapter.ProtocolToModelAdapter$MethodInvocationCache: loaded 2 times (x 73B)
Class org.jetbrains.plugins.gradle.model.IntelliJProjectSettings                      : loaded 2 times (x 70B)
Class [Lcom.android.tools.idea.gradle.project.sync.SyncTestMode;                      : loaded 2 times (x 69B)
Class com.intellij.gradle.toolingExtension.impl.modelSerialization.ToolingSerializerConverter: loaded 2 times (x 73B)
Class com.google.common.collect.AbstractListMultimap                                  : loaded 2 times (x 172B)
Class [Lorg.objectweb.asm.SymbolTable$Entry;                                          : loaded 2 times (x 69B)
Class com.google.common.cache.CacheLoader                                             : loaded 2 times (x 74B)
Class com.google.common.collect.ImmutableEnumMap                                      : loaded 2 times (x 126B)
Class com.google.common.collect.ImmutableBiMap                                        : loaded 2 times (x 143B)
Class org.jetbrains.plugins.gradle.model.ExternalDependency                           : loaded 2 times (x 70B)
Class org.gradle.api.internal.classpath.ModuleRegistry                                : loaded 2 times (x 70B)
Class org.gradle.internal.installation.GradleInstallation$1                           : loaded 2 times (x 75B)
Class com.google.common.collect.ImmutableSet$JdkBackedSetBuilderImpl                  : loaded 2 times (x 76B)
Class com.google.common.util.concurrent.internal.InternalFutureFailureAccess          : loaded 2 times (x 72B)
Class com.google.common.collect.ListMultimap                                          : loaded 2 times (x 70B)
Class org.gradle.tooling.internal.adapter.ProtocolToModelAdapter$MixInBeanMappingAction: loaded 2 times (x 81B)
Class org.gradle.tooling.internal.adapter.ObjectGraphAdapter                          : loaded 2 times (x 70B)
Class org.jetbrains.plugins.gradle.model.VersionCatalogsModel                         : loaded 2 times (x 70B)
Class com.google.common.cache.LocalCache$LocalManualCache$1                           : loaded 2 times (x 75B)
Class com.google.common.base.CharMatcher$ForPredicate                                 : loaded 2 times (x 112B)
Class org.jetbrains.plugins.gradle.model.ProjectImportModelProvider                   : loaded 2 times (x 70B)
Class sync_studio_tooling2_6cw5uq0mtr4g01cm8vg9pgb7u$_run_closure1                    : loaded 2 times (x 139B)
Class com.google.common.base.CharMatcher$AnyOf                                        : loaded 2 times (x 112B)
Class org.gradle.api.internal.classpath.EffectiveClassPath                            : loaded 2 times (x 90B)
Class org.gradle.tooling.internal.consumer.converters.BasicGradleProjectIdentifierMixin: loaded 2 times (x 73B)
Class org.gradle.tooling.model.idea.BasicIdeaProject                                  : loaded 2 times (x 70B)
Class org.gradle.tooling.internal.consumer.versioning.ModelMapping                    : loaded 2 times (x 73B)
Class org.gradle.api.internal.classpath.DefaultModuleRegistry                         : loaded 2 times (x 86B)
Class com.intellij.gradle.toolingExtension.impl.model.sourceSetDependencyModel.GradleSourceSetDependencyModelProvider: loaded 2 times (x 79B)
Class com.google.common.util.concurrent.ListenableFuture                              : loaded 2 times (x 70B)
Class com.google.common.cache.ReferenceEntry                                          : loaded 2 times (x 70B)
Class com.google.common.base.Converter                                                : loaded 2 times (x 90B)
Class com.google.common.collect.ImmutableSet$CachingAsList                            : loaded 2 times (x 148B)
Class com.google.common.collect.AbstractMapBasedMultimap                              : loaded 2 times (x 139B)
Class com.google.common.util.concurrent.AbstractFuture                                : loaded 2 times (x 106B)
Class com.google.common.base.FunctionalEquivalence                                    : loaded 2 times (x 83B)
Class org.jetbrains.kotlin.gradle.idea.tcs.IdeaKotlinDependencyCoordinates            : loaded 2 times (x 70B)
Class com.google.common.collect.ImmutableAsList                                       : loaded 2 times (x 209B)
Class org.gradle.tooling.internal.consumer.converters.BackwardsCompatibleIdeaModuleDependency: loaded 2 times (x 70B)
Class com.android.tools.idea.gradle.project.sync.SelectedVariant                      : loaded 2 times (x 72B)
Class org.objectweb.asm.RecordComponentVisitor                                        : loaded 2 times (x 77B)
Class com.google.common.cache.CacheLoader$SupplierToCacheLoader                       : loaded 2 times (x 75B)
Class org.gradle.tooling.model.GradleProject                                          : loaded 2 times (x 70B)
Class org.gradle.tooling.internal.adapter.ProtocolToModelAdapter$MixInTypeMappingAction: loaded 2 times (x 81B)
Class [Lcom.google.common.collect.ImmutableMapEntry;                                  : loaded 2 times (x 69B)
Class org.gradle.internal.classloader.ClassLoaderVisitor                              : loaded 2 times (x 76B)
Class com.intellij.gradle.toolingExtension.impl.telemetry.GradleOpenTelemetry         : loaded 2 times (x 72B)
Class org.gradle.internal.service.ServiceLookupException                              : loaded 2 times (x 82B)
Class [Lcom.google.common.cache.LocalCache$EntryFactory;                              : loaded 2 times (x 69B)
Class io.opentelemetry.context.ContextStorage                                         : loaded 2 times (x 70B)
Class com.intellij.gradle.toolingExtension.impl.model.projectModel.GradleExternalProjectModelProvider: loaded 2 times (x 79B)
Class org.gradle.internal.classloader.ClassLoaderFactory                              : loaded 2 times (x 70B)
Class com.google.common.cache.LocalCache$LocalManualCache                             : loaded 2 times (x 99B)
Class com.google.common.base.CharMatcher$IsNot                                        : loaded 2 times (x 111B)
Class org.gradle.tooling.internal.consumer.converters.EclipseProjectHasAutoBuildMixin : loaded 2 times (x 72B)
Class org.gradle.tooling.UnknownModelException                                        : loaded 2 times (x 83B)
Class org.gradle.internal.service.CachingServiceLocator                               : loaded 2 times (x 82B)
Class com.google.common.math.IntMath                                                  : loaded 2 times (x 71B)
Class org.jetbrains.plugins.gradle.model.RepositoryModels                             : loaded 2 times (x 70B)
Class com.google.common.collect.ImmutableMapEntry                                     : loaded 2 times (x 85B)
Class io.opentelemetry.context.Scope                                                  : loaded 2 times (x 70B)
Class org.gradle.tooling.model.kotlin.dsl.KotlinDslScriptsModel                       : loaded 2 times (x 70B)
Class com.google.common.base.Equivalence                                              : loaded 2 times (x 82B)
Class com.google.common.base.Function                                                 : loaded 2 times (x 70B)
Class com.google.common.collect.ImmutableMapEntry$NonTerminalImmutableMapEntry        : loaded 2 times (x 85B)
Class org.gradle.internal.classloader.DefaultClassLoaderFactory                       : loaded 2 times (x 82B)
Class com.intellij.gradle.toolingExtension.impl.modelAction.GradleDaemonModelHolder   : loaded 2 times (x 76B)
Class com.google.common.cache.CacheBuilder$OneWeigher                                 : loaded 2 times (x 82B)
Class com.google.common.collect.RegularImmutableList                                  : loaded 2 times (x 213B)
Class org.gradle.tooling.internal.adapter.ProtocolToModelAdapter$MixInMappingAction   : loaded 2 times (x 80B)
Class org.jetbrains.kotlin.idea.gradleTooling.AndroidAwareGradleModelProvider$Companion: loaded 2 times (x 71B)
Class com.android.tools.idea.gradle.project.sync.SingleVariantSyncActionOptions       : loaded 2 times (x 73B)
Class io.opentelemetry.api.GlobalOpenTelemetry                                        : loaded 2 times (x 71B)
Class org.jetbrains.kotlin.gradle.idea.tcs.IdeaKotlinDependency                       : loaded 2 times (x 70B)
Class org.gradle.internal.classloader.ClasspathUtil                                   : loaded 2 times (x 71B)
Class com.google.common.util.concurrent.Uninterruptibles                              : loaded 2 times (x 71B)
Class com.google.common.base.Suppliers                                                : loaded 2 times (x 71B)
Class org.gradle.tooling.internal.consumer.converters.GradleProjectIdentifierMixin    : loaded 2 times (x 73B)
Class com.intellij.util.ReflectionUtilRt                                              : loaded 2 times (x 71B)
Class org.jetbrains.kotlin.idea.gradleTooling.KotlinMPPGradleModel$Companion          : loaded 2 times (x 71B)
Class com.google.common.util.concurrent.LazyLogger                                    : loaded 2 times (x 72B)
Class com.google.common.collect.Maps                                                  : loaded 2 times (x 71B)
Class [Lorg.gradle.tooling.internal.adapter.MethodInvoker;                            : loaded 2 times (x 69B)
Class io.opentelemetry.context.propagation.TextMapGetter                              : loaded 2 times (x 70B)
Class [Lcom.google.common.cache.CacheBuilder$OneWeigher;                              : loaded 2 times (x 69B)
Class org.objectweb.asm.MethodTooLargeException                                       : loaded 2 times (x 83B)
Class com.android.tools.idea.gradle.project.sync.SyncActionOptions                    : loaded 2 times (x 72B)
Class org.gradle.api.specs.Spec                                                       : loaded 2 times (x 70B)
Class [Lcom.google.common.collect.ImmutableEntry;                                     : loaded 2 times (x 69B)
Class io.opentelemetry.context.ThreadLocalContextStorage$ScopeImpl                    : loaded 2 times (x 79B)
Class com.google.common.cache.LocalCache$LoadingValueReference                        : loaded 2 times (x 96B)
Class com.intellij.gradle.toolingExtension.impl.modelAction.GradleModelHolderState    : loaded 2 times (x 77B)
Class ijInit1_7kuqguvl5i0dzr882g47jaebj$_run_closure1                                 : loaded 2 times (x 140B)
Class io.opentelemetry.api.trace.SpanBuilder                                          : loaded 2 times (x 70B)
Class io.opentelemetry.api.DefaultOpenTelemetry                                       : loaded 2 times (x 89B)
Class io.opentelemetry.api.internal.OtelEncodingUtils                                 : loaded 2 times (x 71B)
Class org.jetbrains.plugins.gradle.model.FileCollectionDependency                     : loaded 2 times (x 70B)
Class org.gradle.tooling.model.BuildModel                                             : loaded 2 times (x 70B)
Class [Lorg.objectweb.asm.AnnotationWriter;                                           : loaded 2 times (x 69B)
Class com.google.common.collect.Maps$8                                                : loaded 2 times (x 82B)
Class io.opentelemetry.context.propagation.TextMapPropagator                          : loaded 2 times (x 70B)
Class org.gradle.tooling.internal.adapter.TypeInspector                               : loaded 2 times (x 73B)
Class org.gradle.tooling.internal.adapter.ProtocolToModelAdapter$NoOpDecoration       : loaded 2 times (x 79B)
Class org.gradle.tooling.model.Element                                                : loaded 2 times (x 70B)
Class org.gradle.tooling.internal.consumer.converters.IdeaModuleDependencyTargetNameMixin: loaded 2 times (x 73B)
Class org.gradle.tooling.internal.adapter.MethodInvocation                            : loaded 2 times (x 85B)
Class com.intellij.gradle.toolingExtension.modelAction.GradleProjectLoadedModelFetchPhase: loaded 2 times (x 81B)
Class com.google.common.collect.Sets$SetView                                          : loaded 2 times (x 138B)
Class com.google.common.cache.LocalCache$StrongValueReference                         : loaded 2 times (x 90B)
Class org.objectweb.asm.ClassVisitor                                                  : loaded 2 times (x 88B)
Class io.opentelemetry.context.ArrayBasedContext                                      : loaded 2 times (x 100B)
Class org.objectweb.asm.Type                                                          : loaded 2 times (x 72B)
Class org.gradle.tooling.model.internal.ImmutableDomainObjectSet                      : loaded 2 times (x 155B)
Class org.gradle.internal.impldep.com.google.common.base.Preconditions                : loaded 2 times (x 71B)
Class org.gradle.tooling.model.idea.IdeaSingleEntryLibraryDependency                  : loaded 2 times (x 70B)
Class org.gradle.tooling.model.ExternalDependency                                     : loaded 2 times (x 70B)
Class com.android.tools.idea.gradle.project.sync.ModelConsumerVersion                 : loaded 2 times (x 75B)
Class org.gradle.internal.classloader.VisitableURLClassLoader$InstrumentingVisitableURLClassLoader: loaded 2 times (x 123B)
Class com.google.common.math.IntMath$1                                                : loaded 2 times (x 71B)
Class org.objectweb.asm.ByteVector                                                    : loaded 2 times (x 79B)
Class [Lcom.google.common.cache.CacheBuilder$NullListener;                            : loaded 2 times (x 69B)
Class io.opentelemetry.api.trace.SpanId                                               : loaded 2 times (x 71B)
Class com.intellij.gradle.toolingExtension.impl.model.taskModel.GradleTaskModelProvider: loaded 2 times (x 78B)
Class org.gradle.internal.classloader.VisitableURLClassLoader$Spec                    : loaded 2 times (x 74B)
Class org.gradle.internal.classpath.DefaultClassPath                                  : loaded 2 times (x 90B)
Class org.objectweb.asm.Symbol                                                        : loaded 2 times (x 73B)
Class [Lorg.objectweb.asm.Symbol;                                                     : loaded 2 times (x 69B)
Class org.gradle.tooling.internal.consumer.versioning.VersionDetails$R26VersionDetails: loaded 2 times (x 80B)
Class com.google.common.base.CharMatcher$BitSetMatcher                                : loaded 2 times (x 112B)
Class com.google.common.collect.RegularImmutableMap$Values                            : loaded 2 times (x 207B)
Class com.google.common.collect.ImmutableSet                                          : loaded 2 times (x 145B)
Class org.gradle.tooling.model.cpp.CppBinary                                          : loaded 2 times (x 70B)
Class [Lio.opentelemetry.context.ThreadLocalContextStorage;                           : loaded 2 times (x 69B)
Class org.gradle.internal.classloader.ClassLoaderSpec                                 : loaded 2 times (x 71B)
Class org.objectweb.asm.AnnotationWriter                                              : loaded 2 times (x 79B)
Class com.google.common.cache.CacheStats                                              : loaded 2 times (x 71B)
Class org.jetbrains.kotlin.idea.gradleTooling.IdeaKpmProjectProvider                  : loaded 2 times (x 78B)
Class org.objectweb.asm.RecordComponentWriter                                         : loaded 2 times (x 78B)
Class com.google.common.util.concurrent.AbstractFuture$Listener                       : loaded 2 times (x 72B)
Class com.google.common.base.CharMatcher$Or                                           : loaded 2 times (x 112B)
Class org.gradle.tooling.internal.adapter.ProtocolToModelAdapter$DefaultViewBuilder   : loaded 2 times (x 80B)
Class io.opentelemetry.api.trace.Tracer                                               : loaded 2 times (x 70B)
Class com.intellij.gradle.toolingExtension.modelProvider.GradleClassBuildModelProvider: loaded 2 times (x 80B)
Class Settings_gradle$1$1                                                             : loaded 2 times (x 74B)
Class org.objectweb.asm.Attribute                                                     : loaded 2 times (x 77B)
Class com.google.common.base.Supplier                                                 : loaded 2 times (x 70B)
Class org.gradle.tooling.internal.adapter.ProtocolToModelAdapter$ViewGraphDetails$1   : loaded 2 times (x 77B)
Class io.opentelemetry.api.trace.ArrayBasedTraceState                                 : loaded 2 times (x 86B)
Class io.opentelemetry.context.ContextKey                                             : loaded 2 times (x 70B)
Class io.opentelemetry.context.propagation.TextMapSetter                              : loaded 2 times (x 70B)
Class com.android.tools.idea.gradle.project.sync.AndroidExtraModelProviderImpl        : loaded 2 times (x 72B)
Class org.gradle.internal.classloader.VisitableURLClassLoader                         : loaded 2 times (x 117B)
Class org.gradle.tooling.internal.adapter.TargetTypeProvider                          : loaded 2 times (x 70B)
Class org.jetbrains.plugins.gradle.model.AnnotationProcessingModel                    : loaded 2 times (x 70B)
Class org.gradle.tooling.model.eclipse.EclipseProject                                 : loaded 2 times (x 70B)
Class org.gradle.tooling.model.idea.IdeaDependency                                    : loaded 2 times (x 70B)
Class Settings_gradle                                                                 : loaded 2 times (x 124B)
Class com.google.common.collect.Sets                                                  : loaded 2 times (x 71B)
Class org.objectweb.asm.Handler                                                       : loaded 2 times (x 72B)
Class com.google.common.base.Ticker                                                   : loaded 2 times (x 72B)
Class com.google.common.base.CharMatcher$FastMatcher                                  : loaded 2 times (x 111B)
Class [Lcom.google.common.cache.LocalCache$Segment;                                   : loaded 2 times (x 69B)
Class [Lcom.google.common.cache.LocalCache$Strength;                                  : loaded 2 times (x 69B)
Class com.google.common.cache.CacheBuilder$1                                          : loaded 2 times (x 85B)
Class com.google.common.base.Predicate                                                : loaded 2 times (x 70B)
Class com.google.common.collect.ImmutableMap                                          : loaded 2 times (x 120B)
Class io.opentelemetry.api.trace.ArrayBasedTraceStateBuilder                          : loaded 2 times (x 77B)
Class com.android.tools.idea.gradle.project.sync.SyncProjectActionOptions             : loaded 2 times (x 73B)
Class org.gradle.tooling.BuildController                                              : loaded 2 times (x 70B)
Class org.gradle.internal.classpath.DefaultClassPath$ImmutableUniqueList$Builder      : loaded 2 times (x 75B)
Class com.google.common.cache.LocalCache                                              : loaded 2 times (x 187B)
Class com.google.common.cache.CacheBuilder$2                                          : loaded 2 times (x 79B)
Class com.google.common.base.CharMatcher$NegatedFastMatcher                           : loaded 2 times (x 113B)
Class io.opentelemetry.api.trace.TracerProvider                                       : loaded 2 times (x 70B)
Class org.gradle.tooling.internal.adapter.WeakIdentityHashMap$AbsentValueProvider     : loaded 2 times (x 70B)
Class com.google.common.collect.ArrayListMultimap                                     : loaded 2 times (x 172B)
Class com.google.common.cache.CacheBuilder$3                                          : loaded 2 times (x 72B)
Class [Lcom.google.common.collect.AbstractMapEntry;                                   : loaded 2 times (x 69B)
Class com.google.common.collect.ImmutableEntry                                        : loaded 2 times (x 82B)
Class io.opentelemetry.api.trace.AutoValue_ArrayBasedTraceState                       : loaded 2 times (x 87B)
Class org.jetbrains.plugins.gradle.model.GradleExtensions                             : loaded 2 times (x 70B)
Class org.jetbrains.plugins.gradle.model.UnresolvedExternalDependency                 : loaded 2 times (x 70B)
Class org.gradle.tooling.model.idea.IdeaModuleDependency                              : loaded 2 times (x 70B)
Class org.gradle.tooling.internal.adapter.ViewBuilder                                 : loaded 2 times (x 70B)
Class com.google.common.collect.CollectPreconditions                                  : loaded 2 times (x 71B)
Class org.gradle.tooling.model.eclipse.EclipseExternalDependency                      : loaded 2 times (x 70B)
Class org.gradle.tooling.internal.adapter.ProtocolToModelAdapter$TypeSpecificMappingAction: loaded 2 times (x 81B)
Class io.opentelemetry.api.trace.TraceState                                           : loaded 2 times (x 70B)
Class org.gradle.tooling.model.eclipse.HierarchicalEclipseProject                     : loaded 2 times (x 70B)
Class org.gradle.tooling.internal.consumer.versioning.VersionDetails$R35VersionDetails: loaded 2 times (x 80B)
Class org.jetbrains.plugins.gradle.model.AnnotationProcessingConfig                   : loaded 2 times (x 70B)
Class com.google.common.collect.SortedMapDifference                                   : loaded 2 times (x 70B)
Class io.opentelemetry.context.LazyStorage                                            : loaded 2 times (x 71B)
Class com.google.common.cache.LocalCache$EntryFactory                                 : loaded 2 times (x 83B)
Class org.gradle.tooling.internal.adapter.ProtocolToModelAdapter$ReflectionMethodInvoker: loaded 2 times (x 76B)
Class org.jetbrains.kotlin.idea.gradleTooling.KotlinDslScriptModelProvider            : loaded 2 times (x 79B)
Class com.google.common.cache.LocalCache$AbstractReferenceEntry                       : loaded 2 times (x 107B)
Class io.opentelemetry.context.ContextStorageProvider                                 : loaded 2 times (x 70B)
Class com.google.common.collect.ImmutableMap$MapViewOfValuesAsSingletonSets           : loaded 2 times (x 126B)
Class com.google.common.collect.RegularImmutableMap                                   : loaded 2 times (x 121B)
Class org.jetbrains.kotlin.idea.projectModel.ExtraFeatures                            : loaded 2 times (x 70B)
Class org.objectweb.asm.SymbolTable                                                   : loaded 2 times (x 72B)
Class com.google.common.cache.CacheLoader$InvalidCacheLoadException                   : loaded 2 times (x 82B)
Class com.google.common.collect.ImmutableSet$RegularSetBuilderImpl                    : loaded 2 times (x 77B)
Class io.opentelemetry.context.propagation.NoopTextMapPropagator                      : loaded 2 times (x 76B)
Class com.android.tools.idea.gradle.project.sync.GradleSyncStudioFlags                : loaded 2 times (x 72B)
Class com.intellij.gradle.toolingExtension.model.repositoryModel.ProjectRepositoriesModel: loaded 2 times (x 70B)
Class com.intellij.gradle.toolingExtension.modelAction.GradleBuildFinishedModelFetchPhase: loaded 2 times (x 81B)
Class org.gradle.internal.classloader.SystemClassLoaderSpec                           : loaded 2 times (x 71B)
Class com.google.common.cache.LocalCache$StrongEntry                                  : loaded 2 times (x 108B)
Class com.google.common.util.concurrent.AbstractFuture$TrustedFuture                  : loaded 2 times (x 114B)
Class com.google.common.cache.LoadingCache                                            : loaded 2 times (x 70B)
Class org.gradle.api.internal.classpath.ManifestUtil                                  : loaded 2 times (x 71B)
Class com.intellij.gradle.toolingExtension.modelAction.GradleModelFetchPhase$ProjectLoaded: loaded 2 times (x 70B)
Class com.intellij.gradle.toolingExtension.modelProvider.GradleClassProjectModelProvider: loaded 2 times (x 80B)
Class org.objectweb.asm.MethodWriter                                                  : loaded 2 times (x 106B)
Class [Lcom.google.common.cache.Weigher;                                              : loaded 2 times (x 69B)
Class com.google.common.collect.RegularImmutableMap$BucketOverflowException           : loaded 2 times (x 82B)
Class [Lio.opentelemetry.api.trace.ImmutableTraceFlags;                               : loaded 2 times (x 69B)
Class org.gradle.tooling.internal.consumer.connection.NestedActionAwareBuildControllerAdapter: loaded 2 times (x 101B)
Class org.gradle.tooling.internal.consumer.versioning.VersionDetails$R51VersionDetails: loaded 2 times (x 80B)
Class org.gradle.tooling.model.gradle.GradleBuild                                     : loaded 2 times (x 70B)
Class io.opentelemetry.api.trace.Span                                                 : loaded 2 times (x 70B)
Class org.gradle.tooling.internal.consumer.versioning.VersionDetails                  : loaded 2 times (x 80B)
Class sync_studio_tooling3_b9z5512fioiqqamyyt7kssjen                                  : loaded 2 times (x 171B)
Class org.gradle.tooling.internal.adapter.ProtocolToModelAdapter$InvocationHandlerImpl: loaded 2 times (x 77B)
Class com.google.common.collect.RegularImmutableBiMap                                 : loaded 2 times (x 149B)
Class com.google.common.cache.LocalCache$ValueReference                               : loaded 2 times (x 70B)
Class com.google.common.base.CharMatcher$Negated                                      : loaded 2 times (x 113B)
Class com.google.common.base.CharMatcher$Is                                           : loaded 2 times (x 111B)
Class org.gradle.tooling.internal.adapter.ProtocolToModelAdapter$SafeMethodInvoker    : loaded 2 times (x 76B)
Class org.gradle.tooling.internal.adapter.WeakIdentityHashMap$WeakKey                 : loaded 2 times (x 79B)
Class io.opentelemetry.api.OpenTelemetry                                              : loaded 2 times (x 70B)
Class com.google.common.collect.ImmutableList$1                                       : loaded 2 times (x 97B)
Class org.jetbrains.plugins.gradle.model.tests.ExternalTestsModel                     : loaded 2 times (x 70B)
Class com.android.tools.idea.gradle.project.sync.VariantDetails                       : loaded 2 times (x 72B)
Class com.google.common.util.concurrent.AbstractFuture$Failure                        : loaded 2 times (x 72B)
Class com.google.common.base.Equivalence$Equals                                       : loaded 2 times (x 82B)
Class com.google.common.collect.Hashing                                               : loaded 2 times (x 71B)
Class com.google.common.util.concurrent.ExecutionError                                : loaded 2 times (x 82B)
Class io.opentelemetry.api.trace.PropagatedSpan                                       : loaded 2 times (x 112B)
Class org.gradle.tooling.model.HierarchicalElement                                    : loaded 2 times (x 70B)
Class com.google.common.base.Joiner$1                                                 : loaded 2 times (x 80B)
Class org.objectweb.asm.Label                                                         : loaded 2 times (x 73B)
Class org.objectweb.asm.CurrentFrame                                                  : loaded 2 times (x 73B)
Class org.objectweb.asm.ClassTooLargeException                                        : loaded 2 times (x 83B)
Class com.google.common.base.CharMatcher                                              : loaded 2 times (x 111B)
Class com.google.common.collect.ImmutableEnumSet                                      : loaded 2 times (x 146B)
Class io.opentelemetry.api.trace.TraceFlags                                           : loaded 2 times (x 70B)
Class org.gradle.internal.classloader.ClassLoaderHierarchy                            : loaded 2 times (x 70B)
Class com.google.common.base.Joiner$2                                                 : loaded 2 times (x 79B)
Class org.objectweb.asm.Frame                                                         : loaded 2 times (x 73B)
Class org.objectweb.asm.MethodVisitor                                                 : loaded 2 times (x 105B)
Class com.google.common.cache.LocalCache$EntryFactory$1                               : loaded 2 times (x 83B)
Class [Lcom.google.common.cache.RemovalListener;                                      : loaded 2 times (x 69B)
Class com.google.common.base.CharMatcher$NamedFastMatcher                             : loaded 2 times (x 112B)
Class com.google.common.base.CharMatcher$1                                            : loaded 2 times (x 113B)
Class com.google.common.cache.LocalCache$EntryFactory$2                               : loaded 2 times (x 83B)
Class org.gradle.tooling.internal.consumer.versioning.VersionDetails$R28VersionDetails: loaded 2 times (x 80B)
Class org.jetbrains.plugins.gradle.model.DependencyAccessorsModel                     : loaded 2 times (x 70B)
Class org.gradle.api.internal.classpath.GlobalCacheRootsProvider                      : loaded 2 times (x 70B)
Class org.objectweb.asm.ModuleWriter                                                  : loaded 2 times (x 82B)
Class com.google.common.cache.LocalCache$EntryFactory$3                               : loaded 2 times (x 83B)
Class com.google.common.base.Ticker$1                                                 : loaded 2 times (x 72B)
Class com.google.common.collect.Maps$BiMapConverter                                   : loaded 2 times (x 90B)
Class com.google.common.collect.ImmutableMapEntrySet$RegularEntrySet                  : loaded 2 times (x 152B)
Class org.gradle.tooling.model.gradle.BasicGradleProject                              : loaded 2 times (x 70B)
Class io.opentelemetry.context.propagation.ContextPropagators                         : loaded 2 times (x 70B)
Class org.jetbrains.kotlin.idea.gradleTooling.KotlinMPPGradleModel                    : loaded 2 times (x 70B)
Class com.google.common.base.CharMatcher$IsEither                                     : loaded 2 times (x 111B)
Class com.google.common.collect.ImmutableSet$Builder                                  : loaded 2 times (x 85B)
Class com.google.common.cache.LocalCache$EntryFactory$4                               : loaded 2 times (x 83B)
Class com.google.common.base.CharMatcher$InRange                                      : loaded 2 times (x 111B)
Class org.gradle.tooling.internal.consumer.converters.EclipseExternalDependencyUnresolvedMixin: loaded 2 times (x 73B)
Class org.gradle.tooling.model.BuildableElement                                       : loaded 2 times (x 70B)
Class org.gradle.tooling.model.HasGradleProject                                       : loaded 2 times (x 70B)
Class org.gradle.tooling.internal.consumer.versioning.VersionDetails$R44VersionDetails: loaded 2 times (x 80B)
Class org.jetbrains.kotlin.idea.projectModel.KotlinPlatform                           : loaded 2 times (x 79B)
Class org.jetbrains.kotlin.idea.gradleTooling.PrepareKotlinIdeImportTaskModel         : loaded 2 times (x 70B)
Class com.google.common.cache.LocalCache$EntryFactory$5                               : loaded 2 times (x 83B)
Class org.gradle.tooling.model.build.BuildEnvironment                                 : loaded 2 times (x 70B)
Class com.intellij.gradle.toolingExtension.impl.model.sourceSetModel.GradleSourceSetModelProvider: loaded 2 times (x 79B)
Class org.gradle.internal.classloader.FilteringClassLoader                            : loaded 2 times (x 105B)
Class com.google.common.cache.LocalCache$EntryFactory$6                               : loaded 2 times (x 83B)
Class org.gradle.internal.impldep.com.google.common.base.Present                      : loaded 2 times (x 81B)
Class org.gradle.tooling.internal.consumer.connection.HasCompatibilityMapping         : loaded 2 times (x 73B)
Class org.jetbrains.plugins.gradle.model.ProjectImportModelProvider$GradleModelConsumer: loaded 2 times (x 70B)
Class com.google.common.collect.RegularImmutableMap$KeySet                            : loaded 2 times (x 152B)
Class org.gradle.tooling.internal.consumer.connection.InternalBuildActionAdapter      : loaded 2 times (x 80B)
Class org.gradle.internal.installation.CurrentGradleInstallationLocator               : loaded 2 times (x 71B)
Class com.google.common.collect.ImmutableSet$EmptySetBuilderImpl                      : loaded 2 times (x 76B)
Class com.google.common.cache.LocalCache$EntryFactory$7                               : loaded 2 times (x 83B)
Class com.google.common.base.Equivalence$Identity                                     : loaded 2 times (x 82B)
Class org.gradle.tooling.internal.adapter.ProtocolToModelAdapter$ChainedMethodInvoker : loaded 2 times (x 76B)
Class org.gradle.tooling.internal.adapter.ProtocolToModelAdapter$ViewGraphDetails     : loaded 2 times (x 72B)
Class org.gradle.tooling.model.idea.IdeaProject                                       : loaded 2 times (x 70B)
Class org.gradle.tooling.model.DomainObjectSet                                        : loaded 2 times (x 70B)
Class org.gradle.internal.service.DefaultServiceLocator                               : loaded 2 times (x 83B)
Class com.google.common.cache.LocalCache$EntryFactory$8                               : loaded 2 times (x 83B)
Class com.google.common.collect.ImmutableSet$SetBuilderImpl                           : loaded 2 times (x 76B)
Class io.opentelemetry.api.trace.SpanContextKey                                       : loaded 2 times (x 71B)
Class com.android.tools.idea.gradle.project.sync.AdditionalClassifierArtifactsActionOptions: loaded 2 times (x 72B)
Class org.jetbrains.kotlin.idea.gradleTooling.AndroidAwareGradleModelProvider         : loaded 2 times (x 79B)
Class org.gradle.internal.installation.CurrentGradleInstallation                      : loaded 2 times (x 73B)
Class com.google.common.cache.CacheLoader$1                                           : loaded 2 times (x 75B)
Class com.google.common.collect.ImmutableList$SubList                                 : loaded 2 times (x 209B)
Class org.gradle.tooling.internal.adapter.ProtocolToModelAdapter$MethodInvocationCache$MethodInvocationKey: loaded 2 times (x 73B)
Class org.gradle.tooling.model.gradle.ProjectPublications                             : loaded 2 times (x 70B)
Class org.jetbrains.plugins.gradle.javaModel.JavaGradleManifestModel                  : loaded 2 times (x 70B)
Class org.jetbrains.kotlin.idea.projectModel.KotlinTargetJar                          : loaded 2 times (x 70B)
Class org.gradle.util.internal.GUtil                                                  : loaded 2 times (x 71B)
Class com.google.common.cache.AbstractCache$StatsCounter                              : loaded 2 times (x 70B)
Class io.opentelemetry.api.trace.TraceId                                              : loaded 2 times (x 71B)
Class com.google.common.base.PairwiseEquivalence                                      : loaded 2 times (x 83B)
Class com.google.common.collect.RegularImmutableSet                                   : loaded 2 times (x 149B)
Class org.gradle.tooling.internal.consumer.converters.IncludedBuildsMixin             : loaded 2 times (x 74B)
Class io.opentelemetry.api.internal.ImmutableSpanContext                              : loaded 2 times (x 91B)
Class org.gradle.tooling.internal.adapter.WeakIdentityHashMap                         : loaded 2 times (x 76B)
Class org.gradle.tooling.GradleConnectionException                                    : loaded 2 times (x 83B)
Class org.gradle.tooling.internal.adapter.ProtocolToModelAdapter$1                    : loaded 2 times (x 75B)
Class org.gradle.tooling.internal.adapter.ProtocolToModelAdapter$ViewDecoration       : loaded 2 times (x 70B)
Class org.gradle.internal.installation.GradleInstallation                             : loaded 2 times (x 75B)
Class com.google.common.collect.Iterables                                             : loaded 2 times (x 71B)
Class io.opentelemetry.api.trace.DefaultTracer                                        : loaded 2 times (x 74B)
Class org.gradle.tooling.internal.adapter.ProtocolToModelAdapter$2                    : loaded 2 times (x 78B)
Class org.gradle.tooling.internal.adapter.MethodInvoker                               : loaded 2 times (x 70B)
Class org.gradle.tooling.UnsupportedVersionException                                  : loaded 2 times (x 83B)
Class com.intellij.gradle.toolingExtension.impl.model.buildScriptClasspathModel.GradleBuildScriptClasspathModelProvider: loaded 2 times (x 79B)
Class com.intellij.gradle.toolingExtension.impl.modelAction.GradleModelFetchAction    : loaded 2 times (x 86B)
Class org.gradle.tooling.BuildAction                                                  : loaded 2 times (x 70B)

---------------  S Y S T E M  ---------------

OS:
 Windows 11 , 64 bit Build 26100 (10.0.26100.8328)
OS uptime: 12 days 3:59 hours
Hyper-V role detected

CPU: total 12 (initial active 12) (12 cores per cpu, 2 threads per core) family 23 model 104 stepping 1 microcode 0x8608107, cx8, cmov, fxsr, ht, mmx, 3dnowpref, sse, sse2, sse3, ssse3, sse4a, sse4.1, sse4.2, popcnt, lzcnt, tsc, tscinvbit, avx, avx2, aes, clmul, bmi1, bmi2, adx, sha, fma, vzeroupper, clflush, clflushopt, hv, rdtscp, rdpid, f16c
Processor Information for the first 12 processors :
  Max Mhz: 2100, Current Mhz: 2100, Mhz Limit: 2100

Memory: 4k page, system-wide physical 7501M (587M free)
TotalPageFile size 21837M (AvailPageFile size 6M)
current process WorkingSet (physical memory assigned to process): 375M, peak: 381M
current process commit charge ("private bytes"): 507M, peak: 509M

vm_info: OpenJDK 64-Bit Server VM (21.0.10+-14961533-b1163.108) for windows-amd64 JRE (21.0.10+-14961533-b1163.108), built on 2026-03-02T19:58:50Z by "builder" with MS VC++ 16.10 / 16.11 (VS2019)

END.
