#
# There is insufficient memory for the Java Runtime Environment to continue.
# Native memory allocation (mmap) failed to map 128974848 bytes. Error detail: G1 virtual space
# Possible reasons:
#   The system is out of physical RAM or swap space
#   This process is running with CompressedOops enabled, and the Java Heap may be blocking the growth of the native heap
# Possible solutions:
#   Reduce memory load on the system
#   Increase physical memory or swap space
#   Check if swap backing store is full
#   Decrease Java heap size (-Xmx/-Xms)
#   Decrease number of Java threads
#   Decrease Java thread stack sizes (-Xss)
#   Set larger code cache with -XX:ReservedCodeCacheSize=
#   JVM is running with Unscaled Compressed Oops mode in which the Java heap is
#     placed in the first 4GB address space. The Java Heap base address is the
#     maximum limit for the native heap growth. Please use -XX:HeapBaseMinAddress
#     to set the Java Heap base and to place the Java Heap above 4GB virtual address.
# This output file may be truncated or incomplete.
#
#  Out of Memory Error (os_windows.cpp:3926), pid=25704, tid=31112
#
# JRE version: OpenJDK Runtime Environment (21.0.10) (build 21.0.10+-14961533-b1163.108)
# Java VM: OpenJDK 64-Bit Server VM (21.0.10+-14961533-b1163.108, mixed mode, tiered, compressed oops, compressed class ptrs, g1 gc, windows-amd64)
# No core dump will be written. Minidumps are not enabled by default on client versions of Windows
#

---------------  S U M M A R Y ------------

Command Line: --add-opens=java.base/java.lang=ALL-UNNAMED --add-opens=java.base/java.lang.invoke=ALL-UNNAMED --add-opens=java.base/java.util=ALL-UNNAMED --add-opens=java.prefs/java.util.prefs=ALL-UNNAMED --add-exports=jdk.compiler/com.sun.tools.javac.api=ALL-UNNAMED --add-exports=jdk.compiler/com.sun.tools.javac.util=ALL-UNNAMED --add-opens=java.base/java.util=ALL-UNNAMED --add-opens=java.prefs/java.util.prefs=ALL-UNNAMED --add-opens=java.base/java.nio.charset=ALL-UNNAMED --add-opens=java.base/java.net=ALL-UNNAMED --add-opens=java.base/java.util.concurrent=ALL-UNNAMED --add-opens=java.base/java.util.concurrent.atomic=ALL-UNNAMED --add-opens=java.xml/javax.xml.namespace=ALL-UNNAMED --add-opens=java.base/java.time=ALL-UNNAMED -Xmx2048m -Dfile.encoding=UTF-8 -Duser.country=US -Duser.language=en -Duser.variant -javaagent:C:\Users\Kabo\.gradle\wrapper\dists\gradle-9.3.1-bin\23ovyewtku6u96viwx3xl3oks\gradle-9.3.1\lib\agents\gradle-instrumentation-agent-9.3.1.jar org.gradle.launcher.daemon.bootstrap.GradleDaemon 9.3.1

Host: AMD Ryzen 5 5500U with Radeon Graphics         , 12 cores, 7G,  Windows 11 , 64 bit Build 26100 (10.0.26100.8328)
Time: Tue Jun  2 02:56:15 2026 Egypt Daylight Time elapsed time: 62.250919 seconds (0d 0h 1m 2s)

---------------  T H R E A D  ---------------

Current thread (0x000001d517c4e740):  VMThread "VM Thread"          [id=31112, stack(0x000000d4f3b00000,0x000000d4f3c00000) (1024K)]

Stack: [0x000000d4f3b00000,0x000000d4f3c00000]
Native frames: (J=compiled Java code, j=interpreted, Vv=VM code, C=native code)
V  [jvm.dll+0x6d78a9]
V  [jvm.dll+0x8665b3]
V  [jvm.dll+0x868bde]
V  [jvm.dll+0x8692c3]
V  [jvm.dll+0x280ee6]
V  [jvm.dll+0x6d4165]
V  [jvm.dll+0x6c77fa]
V  [jvm.dll+0x358f4b]
V  [jvm.dll+0x360bc6]
V  [jvm.dll+0x3b2ea6]
V  [jvm.dll+0x3b3178]
V  [jvm.dll+0x32b65c]
V  [jvm.dll+0x32e066]
V  [jvm.dll+0x337f3d]
V  [jvm.dll+0x36f6a5]
V  [jvm.dll+0x86f048]
V  [jvm.dll+0x870394]
V  [jvm.dll+0x8708d0]
V  [jvm.dll+0x870b63]
V  [jvm.dll+0x80fd28]
V  [jvm.dll+0x6d60fd]
C  [ucrtbase.dll+0x37b0]
C  [KERNEL32.DLL+0x2e957]
C  [ntdll.dll+0x427c]

VM_Operation (0x000000d4f36ff750): G1PauseRemark, mode: safepoint, requested by thread 0x000001d57f925c20


---------------  P R O C E S S  ---------------

Threads class SMR info:
_java_thread_list=0x000001d51f17b070, length=183, elements={
0x000001d57ddd5780, 0x000001d51c048860, 0x000001d51c081dc0, 0x000001d51c082830,
0x000001d51c09bbf0, 0x000001d51c0a0270, 0x000001d51c0a08e0, 0x000001d51c0a0f50,
0x000001d51c0a2900, 0x000001d51c0a53d0, 0x000001d51c3a62a0, 0x000001d51e382050,
0x000001d51e96faa0, 0x000001d51e996f80, 0x000001d51e8d1f80, 0x000001d51e8d2e30,
0x000001d51e8beb10, 0x000001d51e9dbd40, 0x000001d51e9d95e0, 0x000001d51e9dca60,
0x000001d51e9da990, 0x000001d51e9d9c70, 0x000001d51e9db020, 0x000001d51e9da300,
0x000001d520752a70, 0x000001d52074f5f0, 0x000001d5207516c0, 0x000001d52074fc80,
0x000001d520750310, 0x000001d5207509a0, 0x000001d520751030, 0x000001d520751d50,
0x000001d51d101290, 0x000001d51d0ff1c0, 0x000001d51d100570, 0x000001d51d101920,
0x000001d51d0ffee0, 0x000001d51d101fb0, 0x000001d51d100c00, 0x000001d51d102640,
0x000001d51f745be0, 0x000001d51f748340, 0x000001d51f745550, 0x000001d51f744ec0,
0x000001d51f747cb0, 0x000001d51f7489d0, 0x000001d51f746f90, 0x000001d51f746270,
0x000001d51f749060, 0x000001d51f7496f0, 0x000001d51f746900, 0x000001d51f749d80,
0x000001d51f74a410, 0x000001d51f74aaa0, 0x000001d51f747620, 0x000001d51f74b130,
0x000001d51f74b7c0, 0x000001d51f74be50, 0x000001d51f74c4e0, 0x000001d51c5793c0,
0x000001d51c5786a0, 0x000001d51c579a50, 0x000001d51c57a0e0, 0x000001d51c57ae00,
0x000001d51c578010, 0x000001d51c57a770, 0x000001d51c577980, 0x000001d51c57c1b0,
0x000001d51c57b490, 0x000001d51c578d30, 0x000001d51c57d560, 0x000001d51c57dbf0,
0x000001d51c57e280, 0x000001d5210a8150, 0x000001d5210a8e70, 0x000001d5210a6da0,
0x000001d5210a6710, 0x000001d5210a7430, 0x000001d5210a7ac0, 0x000001d5210a9500,
0x000001d5210a87e0, 0x000001d5210a6080, 0x000001d5210aa8b0, 0x000001d5210aaf40,
0x000001d5210ad010, 0x000001d5210aa220, 0x000001d5210ab5d0, 0x000001d5210abc60,
0x000001d5210ac2f0, 0x000001d5210ac980, 0x000001d5210a9b90, 0x000001d5210ad6a0,
0x000001d51f96c9c0, 0x000001d51f96dd70, 0x000001d51f96f120, 0x000001d51f96f7b0,
0x000001d51f96c330, 0x000001d51f9704d0, 0x000001d51f96e400, 0x000001d51f96fe40,
0x000001d51f96d6e0, 0x000001d51f96d050, 0x000001d51f9711f0, 0x000001d51f971880,
0x000001d51f971f10, 0x000001d51f970b60, 0x000001d5220bd070, 0x000001d5220bfe60,
0x000001d520c445a0, 0x000001d5220c04f0, 0x000001d5220be420, 0x000001d5220beab0,
0x000001d5220bf140, 0x000001d52194b7b0, 0x000001d5219496e0, 0x000001d5219489c0,
0x000001d521949050, 0x000001d52194cb60, 0x000001d52194df10, 0x000001d52194be40,
0x000001d52194d1f0, 0x000001d52194d880, 0x000001d52194c4d0, 0x000001d52194aa90,
0x000001d52194e5a0, 0x000001d520c49460, 0x000001d520c48dd0, 0x000001d520c47a20,
0x000001d520c480b0, 0x000001d520c48740, 0x000001d520c45fe0, 0x000001d520c49af0,
0x000001d51f9725a0, 0x000001d522313980, 0x000001d522312c60, 0x000001d522314010,
0x000001d522311f40, 0x000001d522310b90, 0x000001d522311220, 0x000001d5223146a0,
0x000001d5223118b0, 0x000001d522315a50, 0x000001d522314d30, 0x000001d5223153c0,
0x000001d5223125d0, 0x000001d522316e00, 0x000001d522317b20, 0x000001d522317490,
0x000001d52194b120, 0x000001d523025920, 0x000001d523024570, 0x000001d5230231c0,
0x000001d523022b30, 0x000001d523023850, 0x000001d5230224a0, 0x000001d523025fb0,
0x000001d523026640, 0x000001d523026cd0, 0x000001d523027360, 0x000001d523024c00,
0x000001d523023ee0, 0x000001d5230279f0, 0x000001d523028080, 0x000001d523028710,
0x000001d523025290, 0x000001d52302bb90, 0x000001d52302a7e0, 0x000001d523028da0,
0x000001d52302c8b0, 0x000001d52302cf40, 0x000001d52302d5d0, 0x000001d52302dc60,
0x000001d52302e2f0, 0x000001d52302e980, 0x000001d52302b500, 0x000001d5230303c0,
0x000001d523030a50, 0x000001d523029ac0, 0x000001d523029430, 0x000001d52302f010,
0x000001d523031770, 0x000001d52302fd30, 0x000001d523175cf0
}

Java Threads: ( => current thread )
  0x000001d57ddd5780 JavaThread "main"                              [_thread_blocked, id=12128, stack(0x000000d4f3400000,0x000000d4f3500000) (1024K)]
  0x000001d51c048860 JavaThread "Common-Cleaner"             daemon [_thread_blocked, id=384, stack(0x000000d4f3c00000,0x000000d4f3d00000) (1024K)]
  0x000001d51c081dc0 JavaThread "Reference Handler"          daemon [_thread_blocked, id=26424, stack(0x000000d4f3d00000,0x000000d4f3e00000) (1024K)]
  0x000001d51c082830 JavaThread "Finalizer"                  daemon [_thread_blocked, id=30008, stack(0x000000d4f3e00000,0x000000d4f3f00000) (1024K)]
  0x000001d51c09bbf0 JavaThread "Signal Dispatcher"          daemon [_thread_blocked, id=11684, stack(0x000000d4f3f00000,0x000000d4f4000000) (1024K)]
  0x000001d51c0a0270 JavaThread "Attach Listener"            daemon [_thread_blocked, id=24412, stack(0x000000d4f4000000,0x000000d4f4100000) (1024K)]
  0x000001d51c0a08e0 JavaThread "Service Thread"             daemon [_thread_blocked, id=26788, stack(0x000000d4f4100000,0x000000d4f4200000) (1024K)]
  0x000001d51c0a0f50 JavaThread "Monitor Deflation Thread"   daemon [_thread_blocked, id=26960, stack(0x000000d4f4200000,0x000000d4f4300000) (1024K)]
  0x000001d51c0a2900 JavaThread "C2 CompilerThread0"         daemon [_thread_blocked, id=25140, stack(0x000000d4f4300000,0x000000d4f4400000) (1024K)]
  0x000001d51c0a53d0 JavaThread "C1 CompilerThread0"         daemon [_thread_blocked, id=12896, stack(0x000000d4f4400000,0x000000d4f4500000) (1024K)]
  0x000001d51c3a62a0 JavaThread "Notification Thread"        daemon [_thread_blocked, id=1932, stack(0x000000d4f4500000,0x000000d4f4600000) (1024K)]
  0x000001d51e382050 JavaThread "Daemon health stats"               [_thread_blocked, id=22644, stack(0x000000d4f4900000,0x000000d4f4a00000) (1024K)]
  0x000001d51e96faa0 JavaThread "Incoming local TCP Connector on port 50904"        [_thread_in_native, id=5228, stack(0x000000d4f5000000,0x000000d4f5100000) (1024K)]
  0x000001d51e996f80 JavaThread "Daemon periodic checks"            [_thread_blocked, id=31372, stack(0x000000d4f5100000,0x000000d4f5200000) (1024K)]
  0x000001d51e8d1f80 JavaThread "Daemon"                            [_thread_blocked, id=22972, stack(0x000000d4f5200000,0x000000d4f5300000) (1024K)]
  0x000001d51e8d2e30 JavaThread "Handler for socket connection from /127.0.0.1:50904 to /127.0.0.1:50905"        [_thread_in_native, id=26940, stack(0x000000d4f5300000,0x000000d4f5400000) (1024K)]
  0x000001d51e8beb10 JavaThread "Cancel handler"                    [_thread_blocked, id=30016, stack(0x000000d4f5400000,0x000000d4f5500000) (1024K)]
  0x000001d51e9dbd40 JavaThread "Daemon worker"                     [_thread_blocked, id=31408, stack(0x000000d4f4600000,0x000000d4f4700000) (1024K)]
  0x000001d51e9d95e0 JavaThread "Asynchronous log dispatcher for DefaultDaemonConnection: socket connection from /127.0.0.1:50904 to /127.0.0.1:50905"        [_thread_blocked, id=7092, stack(0x000000d4f5800000,0x000000d4f5900000) (1024K)]
  0x000001d51e9dca60 JavaThread "Stdin handler"                     [_thread_blocked, id=13076, stack(0x000000d4f5900000,0x000000d4f5a00000) (1024K)]
  0x000001d51e9da990 JavaThread "Daemon client event forwarder"        [_thread_blocked, id=24584, stack(0x000000d4f5a00000,0x000000d4f5b00000) (1024K)]
  0x000001d51e9d9c70 JavaThread "Cache worker for journal cache (C:\Users\Kabo\.gradle\caches\journal-1)"        [_thread_blocked, id=18764, stack(0x000000d4f5b00000,0x000000d4f5c00000) (1024K)]
  0x000001d51e9db020 JavaThread "File lock request listener"        [_thread_in_native, id=15116, stack(0x000000d4f5c00000,0x000000d4f5d00000) (1024K)]
  0x000001d51e9da300 JavaThread "Cache worker for file hash cache (C:\Users\Kabo\.gradle\caches\9.3.1\fileHashes)"        [_thread_blocked, id=21712, stack(0x000000d4f5e00000,0x000000d4f5f00000) (1024K)]
  0x000001d520752a70 JavaThread "Cache worker for file hash cache (D:\android_projects\DEPI-Final-Project-BloodBank\.gradle\9.3.1\fileHashes)"        [_thread_blocked, id=17684, stack(0x000000d4f5f00000,0x000000d4f6000000) (1024K)]
  0x000001d52074f5f0 JavaThread "Cache worker for Build Output Cleanup Cache (D:\android_projects\DEPI-Final-Project-BloodBank\.gradle\buildOutputCleanup)"        [_thread_blocked, id=28896, stack(0x000000d4f6000000,0x000000d4f6100000) (1024K)]
  0x000001d5207516c0 JavaThread "File watcher server"        daemon [_thread_blocked, id=428, stack(0x000000d4f5d00000,0x000000d4f5e00000) (1024K)]
  0x000001d52074fc80 JavaThread "File watcher consumer"      daemon [_thread_blocked, id=14244, stack(0x000000d4f6100000,0x000000d4f6200000) (1024K)]
  0x000001d520750310 JavaThread "Cache worker for checksums cache (D:\android_projects\DEPI-Final-Project-BloodBank\.gradle\9.3.1\checksums)"        [_thread_blocked, id=13056, stack(0x000000d4f6200000,0x000000d4f6300000) (1024K)]
  0x000001d5207509a0 JavaThread "Cache worker for file content cache (C:\Users\Kabo\.gradle\caches\9.3.1\fileContent)"        [_thread_blocked, id=29384, stack(0x000000d4f6300000,0x000000d4f6400000) (1024K)]
  0x000001d520751030 JavaThread "Cache worker for cache directory md-supplier (C:\Users\Kabo\.gradle\caches\9.3.1\md-supplier)"        [_thread_blocked, id=27316, stack(0x000000d4f6400000,0x000000d4f6500000) (1024K)]
  0x000001d520751d50 JavaThread "Cache worker for cache directory md-rule (C:\Users\Kabo\.gradle\caches\9.3.1\md-rule)"        [_thread_blocked, id=6764, stack(0x000000d4f6500000,0x000000d4f6600000) (1024K)]
  0x000001d51d101290 JavaThread "jar transforms"                    [_thread_blocked, id=29072, stack(0x000000d4f6600000,0x000000d4f6700000) (1024K)]
  0x000001d51d0ff1c0 JavaThread "jar transforms Thread 2"           [_thread_blocked, id=19080, stack(0x000000d4f6700000,0x000000d4f6800000) (1024K)]
  0x000001d51d100570 JavaThread "jar transforms Thread 3"           [_thread_blocked, id=4704, stack(0x000000d4f6900000,0x000000d4f6a00000) (1024K)]
  0x000001d51d101920 JavaThread "Unconstrained build operations"        [_thread_blocked, id=21448, stack(0x000000d4f6a00000,0x000000d4f6b00000) (1024K)]
  0x000001d51d0ffee0 JavaThread "Unconstrained build operations Thread 2"        [_thread_blocked, id=7844, stack(0x000000d4f6b00000,0x000000d4f6c00000) (1024K)]
  0x000001d51d101fb0 JavaThread "Unconstrained build operations Thread 3"        [_thread_blocked, id=27616, stack(0x000000d4f6c00000,0x000000d4f6d00000) (1024K)]
  0x000001d51d100c00 JavaThread "Unconstrained build operations Thread 4"        [_thread_blocked, id=30160, stack(0x000000d4f6d00000,0x000000d4f6e00000) (1024K)]
  0x000001d51d102640 JavaThread "Unconstrained build operations Thread 5"        [_thread_blocked, id=26132, stack(0x000000d4f6e00000,0x000000d4f6f00000) (1024K)]
  0x000001d51f745be0 JavaThread "Unconstrained build operations Thread 6"        [_thread_blocked, id=23596, stack(0x000000d4f6f00000,0x000000d4f7000000) (1024K)]
  0x000001d51f748340 JavaThread "Unconstrained build operations Thread 7"        [_thread_blocked, id=24620, stack(0x000000d4f7000000,0x000000d4f7100000) (1024K)]
  0x000001d51f745550 JavaThread "Unconstrained build operations Thread 8"        [_thread_blocked, id=5344, stack(0x000000d4f7100000,0x000000d4f7200000) (1024K)]
  0x000001d51f744ec0 JavaThread "Unconstrained build operations Thread 9"        [_thread_blocked, id=24360, stack(0x000000d4f7200000,0x000000d4f7300000) (1024K)]
  0x000001d51f747cb0 JavaThread "Unconstrained build operations Thread 10"        [_thread_blocked, id=20540, stack(0x000000d4f7300000,0x000000d4f7400000) (1024K)]
  0x000001d51f7489d0 JavaThread "Unconstrained build operations Thread 11"        [_thread_blocked, id=20808, stack(0x000000d4f7400000,0x000000d4f7500000) (1024K)]
  0x000001d51f746f90 JavaThread "Unconstrained build operations Thread 12"        [_thread_blocked, id=27052, stack(0x000000d4f7500000,0x000000d4f7600000) (1024K)]
  0x000001d51f746270 JavaThread "Unconstrained build operations Thread 13"        [_thread_blocked, id=3816, stack(0x000000d4f7600000,0x000000d4f7700000) (1024K)]
  0x000001d51f749060 JavaThread "Unconstrained build operations Thread 14"        [_thread_blocked, id=27496, stack(0x000000d4f7700000,0x000000d4f7800000) (1024K)]
  0x000001d51f7496f0 JavaThread "Unconstrained build operations Thread 15"        [_thread_blocked, id=7820, stack(0x000000d4f7800000,0x000000d4f7900000) (1024K)]
  0x000001d51f746900 JavaThread "Unconstrained build operations Thread 16"        [_thread_blocked, id=19008, stack(0x000000d4f7900000,0x000000d4f7a00000) (1024K)]
  0x000001d51f749d80 JavaThread "Unconstrained build operations Thread 17"        [_thread_blocked, id=21852, stack(0x000000d4f7a00000,0x000000d4f7b00000) (1024K)]
  0x000001d51f74a410 JavaThread "Unconstrained build operations Thread 18"        [_thread_blocked, id=9892, stack(0x000000d4f7b00000,0x000000d4f7c00000) (1024K)]
  0x000001d51f74aaa0 JavaThread "Unconstrained build operations Thread 19"        [_thread_blocked, id=13864, stack(0x000000d4f7c00000,0x000000d4f7d00000) (1024K)]
  0x000001d51f747620 JavaThread "Unconstrained build operations Thread 20"        [_thread_blocked, id=11168, stack(0x000000d4f7d00000,0x000000d4f7e00000) (1024K)]
  0x000001d51f74b130 JavaThread "jar transforms Thread 4"           [_thread_blocked, id=26368, stack(0x000000d4f7e00000,0x000000d4f7f00000) (1024K)]
  0x000001d51f74b7c0 JavaThread "jar transforms Thread 5"           [_thread_blocked, id=11720, stack(0x000000d4f7f00000,0x000000d4f8000000) (1024K)]
  0x000001d51f74be50 JavaThread "Unconstrained build operations Thread 21"        [_thread_blocked, id=30096, stack(0x000000d4f8000000,0x000000d4f8100000) (1024K)]
  0x000001d51f74c4e0 JavaThread "Unconstrained build operations Thread 22"        [_thread_blocked, id=30272, stack(0x000000d4f8100000,0x000000d4f8200000) (1024K)]
  0x000001d51c5793c0 JavaThread "Unconstrained build operations Thread 23"        [_thread_blocked, id=13924, stack(0x000000d4f8200000,0x000000d4f8300000) (1024K)]
  0x000001d51c5786a0 JavaThread "Unconstrained build operations Thread 24"        [_thread_blocked, id=4564, stack(0x000000d4f8300000,0x000000d4f8400000) (1024K)]
  0x000001d51c579a50 JavaThread "Unconstrained build operations Thread 25"        [_thread_blocked, id=8068, stack(0x000000d4f8400000,0x000000d4f8500000) (1024K)]
  0x000001d51c57a0e0 JavaThread "Unconstrained build operations Thread 26"        [_thread_blocked, id=17688, stack(0x000000d4f8500000,0x000000d4f8600000) (1024K)]
  0x000001d51c57ae00 JavaThread "Unconstrained build operations Thread 27"        [_thread_blocked, id=11388, stack(0x000000d4f8600000,0x000000d4f8700000) (1024K)]
  0x000001d51c578010 JavaThread "Unconstrained build operations Thread 28"        [_thread_blocked, id=20164, stack(0x000000d4f8700000,0x000000d4f8800000) (1024K)]
  0x000001d51c57a770 JavaThread "Unconstrained build operations Thread 29"        [_thread_blocked, id=25284, stack(0x000000d4f8800000,0x000000d4f8900000) (1024K)]
  0x000001d51c577980 JavaThread "Unconstrained build operations Thread 30"        [_thread_blocked, id=20580, stack(0x000000d4f8900000,0x000000d4f8a00000) (1024K)]
  0x000001d51c57c1b0 JavaThread "jar transforms Thread 6"           [_thread_blocked, id=10648, stack(0x000000d4f6800000,0x000000d4f6900000) (1024K)]
  0x000001d51c57b490 JavaThread "jar transforms Thread 7"           [_thread_blocked, id=12060, stack(0x000000d4f8a00000,0x000000d4f8b00000) (1024K)]
  0x000001d51c578d30 JavaThread "jar transforms Thread 8"           [_thread_blocked, id=24648, stack(0x000000d4f8b00000,0x000000d4f8c00000) (1024K)]
  0x000001d51c57d560 JavaThread "Unconstrained build operations Thread 31"        [_thread_blocked, id=31500, stack(0x000000d4f8c00000,0x000000d4f8d00000) (1024K)]
  0x000001d51c57dbf0 JavaThread "Unconstrained build operations Thread 32"        [_thread_blocked, id=11444, stack(0x000000d4f8d00000,0x000000d4f8e00000) (1024K)]
  0x000001d51c57e280 JavaThread "Unconstrained build operations Thread 33"        [_thread_blocked, id=21560, stack(0x000000d4f8e00000,0x000000d4f8f00000) (1024K)]
  0x000001d5210a8150 JavaThread "Unconstrained build operations Thread 34"        [_thread_blocked, id=13800, stack(0x000000d4f9000000,0x000000d4f9100000) (1024K)]
  0x000001d5210a8e70 JavaThread "Unconstrained build operations Thread 35"        [_thread_blocked, id=21212, stack(0x000000d4f9100000,0x000000d4f9200000) (1024K)]
  0x000001d5210a6da0 JavaThread "Unconstrained build operations Thread 36"        [_thread_blocked, id=20864, stack(0x000000d4f9200000,0x000000d4f9300000) (1024K)]
  0x000001d5210a6710 JavaThread "Unconstrained build operations Thread 37"        [_thread_blocked, id=31188, stack(0x000000d4f9300000,0x000000d4f9400000) (1024K)]
  0x000001d5210a7430 JavaThread "Unconstrained build operations Thread 38"        [_thread_blocked, id=7312, stack(0x000000d4f9400000,0x000000d4f9500000) (1024K)]
  0x000001d5210a7ac0 JavaThread "Unconstrained build operations Thread 39"        [_thread_blocked, id=24564, stack(0x000000d4f9500000,0x000000d4f9600000) (1024K)]
  0x000001d5210a9500 JavaThread "Unconstrained build operations Thread 40"        [_thread_blocked, id=29408, stack(0x000000d4f9600000,0x000000d4f9700000) (1024K)]
  0x000001d5210a87e0 JavaThread "Unconstrained build operations Thread 41"        [_thread_blocked, id=21128, stack(0x000000d4f9700000,0x000000d4f9800000) (1024K)]
  0x000001d5210a6080 JavaThread "Unconstrained build operations Thread 42"        [_thread_blocked, id=10980, stack(0x000000d4f9800000,0x000000d4f9900000) (1024K)]
  0x000001d5210aa8b0 JavaThread "Unconstrained build operations Thread 43"        [_thread_blocked, id=27140, stack(0x000000d4f9900000,0x000000d4f9a00000) (1024K)]
  0x000001d5210aaf40 JavaThread "Unconstrained build operations Thread 44"        [_thread_blocked, id=28192, stack(0x000000d4f9a00000,0x000000d4f9b00000) (1024K)]
  0x000001d5210ad010 JavaThread "Unconstrained build operations Thread 45"        [_thread_blocked, id=25100, stack(0x000000d4f9b00000,0x000000d4f9c00000) (1024K)]
  0x000001d5210aa220 JavaThread "Unconstrained build operations Thread 46"        [_thread_blocked, id=24284, stack(0x000000d4f9c00000,0x000000d4f9d00000) (1024K)]
  0x000001d5210ab5d0 JavaThread "Unconstrained build operations Thread 47"        [_thread_blocked, id=25228, stack(0x000000d4f9d00000,0x000000d4f9e00000) (1024K)]
  0x000001d5210abc60 JavaThread "Unconstrained build operations Thread 48"        [_thread_blocked, id=2556, stack(0x000000d4f9e00000,0x000000d4f9f00000) (1024K)]
  0x000001d5210ac2f0 JavaThread "Unconstrained build operations Thread 49"        [_thread_blocked, id=25120, stack(0x000000d4f9f00000,0x000000d4fa000000) (1024K)]
  0x000001d5210ac980 JavaThread "Unconstrained build operations Thread 50"        [_thread_blocked, id=18408, stack(0x000000d4fa000000,0x000000d4fa100000) (1024K)]
  0x000001d5210a9b90 JavaThread "Unconstrained build operations Thread 51"        [_thread_blocked, id=12344, stack(0x000000d4fa100000,0x000000d4fa200000) (1024K)]
  0x000001d5210ad6a0 JavaThread "Unconstrained build operations Thread 52"        [_thread_blocked, id=30748, stack(0x000000d4fa200000,0x000000d4fa300000) (1024K)]
  0x000001d51f96c9c0 JavaThread "Unconstrained build operations Thread 53"        [_thread_blocked, id=5632, stack(0x000000d4fa300000,0x000000d4fa400000) (1024K)]
  0x000001d51f96dd70 JavaThread "Unconstrained build operations Thread 54"        [_thread_blocked, id=9304, stack(0x000000d4fa400000,0x000000d4fa500000) (1024K)]
  0x000001d51f96f120 JavaThread "Unconstrained build operations Thread 55"        [_thread_blocked, id=18564, stack(0x000000d4fa500000,0x000000d4fa600000) (1024K)]
  0x000001d51f96f7b0 JavaThread "Unconstrained build operations Thread 56"        [_thread_blocked, id=21832, stack(0x000000d4fa600000,0x000000d4fa700000) (1024K)]
  0x000001d51f96c330 JavaThread "Unconstrained build operations Thread 57"        [_thread_blocked, id=26948, stack(0x000000d4fa700000,0x000000d4fa800000) (1024K)]
  0x000001d51f9704d0 JavaThread "Unconstrained build operations Thread 58"        [_thread_blocked, id=29848, stack(0x000000d4fa800000,0x000000d4fa900000) (1024K)]
  0x000001d51f96e400 JavaThread "Unconstrained build operations Thread 59"        [_thread_blocked, id=3156, stack(0x000000d4fa900000,0x000000d4faa00000) (1024K)]
  0x000001d51f96fe40 JavaThread "Unconstrained build operations Thread 60"        [_thread_blocked, id=9912, stack(0x000000d4faa00000,0x000000d4fab00000) (1024K)]
  0x000001d51f96d6e0 JavaThread "Unconstrained build operations Thread 61"        [_thread_blocked, id=30524, stack(0x000000d4fab00000,0x000000d4fac00000) (1024K)]
  0x000001d51f96d050 JavaThread "Unconstrained build operations Thread 62"        [_thread_blocked, id=1180, stack(0x000000d4fac00000,0x000000d4fad00000) (1024K)]
  0x000001d51f9711f0 JavaThread "Unconstrained build operations Thread 63"        [_thread_blocked, id=25476, stack(0x000000d4fad00000,0x000000d4fae00000) (1024K)]
  0x000001d51f971880 JavaThread "Unconstrained build operations Thread 64"        [_thread_blocked, id=25440, stack(0x000000d4fae00000,0x000000d4faf00000) (1024K)]
  0x000001d51f971f10 JavaThread "Unconstrained build operations Thread 65"        [_thread_blocked, id=416, stack(0x000000d4faf00000,0x000000d4fb000000) (1024K)]
  0x000001d51f970b60 JavaThread "Unconstrained build operations Thread 66"        [_thread_blocked, id=27384, stack(0x000000d4fb000000,0x000000d4fb100000) (1024K)]
  0x000001d5220bd070 JavaThread "build event listener"              [_thread_blocked, id=28292, stack(0x000000d4f3100000,0x000000d4f3200000) (1024K)]
  0x000001d5220bfe60 JavaThread "Memory manager"                    [_thread_blocked, id=18140, stack(0x000000d4fb100000,0x000000d4fb200000) (1024K)]
  0x000001d520c445a0 JavaThread "build event listener"              [_thread_blocked, id=11880, stack(0x000000d4fb300000,0x000000d4fb400000) (1024K)]
  0x000001d5220c04f0 JavaThread "included builds"                   [_thread_blocked, id=13860, stack(0x000000d4fb400000,0x000000d4fb500000) (1024K)]
  0x000001d5220be420 JavaThread "Execution worker"                  [_thread_blocked, id=8408, stack(0x000000d4fb500000,0x000000d4fb600000) (1024K)]
  0x000001d5220beab0 JavaThread "Execution worker Thread 2"         [_thread_blocked, id=17860, stack(0x000000d4fb600000,0x000000d4fb700000) (1024K)]
  0x000001d5220bf140 JavaThread "Execution worker Thread 3"         [_thread_blocked, id=11272, stack(0x000000d4fb700000,0x000000d4fb800000) (1024K)]
  0x000001d52194b7b0 JavaThread "Execution worker Thread 4"         [_thread_blocked, id=10176, stack(0x000000d4fb800000,0x000000d4fb900000) (1024K)]
  0x000001d5219496e0 JavaThread "Execution worker Thread 5"         [_thread_blocked, id=27112, stack(0x000000d4fb900000,0x000000d4fba00000) (1024K)]
  0x000001d5219489c0 JavaThread "Execution worker Thread 6"         [_thread_blocked, id=28980, stack(0x000000d4fba00000,0x000000d4fbb00000) (1024K)]
  0x000001d521949050 JavaThread "Execution worker Thread 7"         [_thread_blocked, id=28028, stack(0x000000d4fbb00000,0x000000d4fbc00000) (1024K)]
  0x000001d52194cb60 JavaThread "Execution worker Thread 8"         [_thread_blocked, id=22876, stack(0x000000d4fbc00000,0x000000d4fbd00000) (1024K)]
  0x000001d52194df10 JavaThread "Execution worker Thread 9"         [_thread_blocked, id=28832, stack(0x000000d4fbd00000,0x000000d4fbe00000) (1024K)]
  0x000001d52194be40 JavaThread "Execution worker Thread 10"        [_thread_blocked, id=24276, stack(0x000000d4fbe00000,0x000000d4fbf00000) (1024K)]
  0x000001d52194d1f0 JavaThread "Execution worker Thread 11"        [_thread_blocked, id=17668, stack(0x000000d4fbf00000,0x000000d4fc000000) (1024K)]
  0x000001d52194d880 JavaThread "Cache worker for execution history cache (D:\android_projects\DEPI-Final-Project-BloodBank\.gradle\9.3.1\executionHistory)"        [_thread_blocked, id=25020, stack(0x000000d4fc000000,0x000000d4fc100000) (1024K)]
  0x000001d52194c4d0 JavaThread "Unconstrained build operations Thread 67"        [_thread_blocked, id=17296, stack(0x000000d4fb200000,0x000000d4fb300000) (1024K)]
  0x000001d52194aa90 JavaThread "Unconstrained build operations Thread 68"        [_thread_blocked, id=27492, stack(0x000000d4fc100000,0x000000d4fc200000) (1024K)]
  0x000001d52194e5a0 JavaThread "Unconstrained build operations Thread 69"        [_thread_blocked, id=15488, stack(0x000000d4fc200000,0x000000d4fc300000) (1024K)]
  0x000001d520c49460 JavaThread "Unconstrained build operations Thread 70"        [_thread_blocked, id=11732, stack(0x000000d4fc300000,0x000000d4fc400000) (1024K)]
  0x000001d520c48dd0 JavaThread "Unconstrained build operations Thread 71"        [_thread_blocked, id=10852, stack(0x000000d4fc400000,0x000000d4fc500000) (1024K)]
  0x000001d520c47a20 JavaThread "Unconstrained build operations Thread 72"        [_thread_blocked, id=29840, stack(0x000000d4fc500000,0x000000d4fc600000) (1024K)]
  0x000001d520c480b0 JavaThread "Unconstrained build operations Thread 73"        [_thread_blocked, id=26320, stack(0x000000d4fc600000,0x000000d4fc700000) (1024K)]
  0x000001d520c48740 JavaThread "Unconstrained build operations Thread 74"        [_thread_blocked, id=15924, stack(0x000000d4fc700000,0x000000d4fc800000) (1024K)]
  0x000001d520c45fe0 JavaThread "Unconstrained build operations Thread 75"        [_thread_blocked, id=8736, stack(0x000000d4fc800000,0x000000d4fc900000) (1024K)]
  0x000001d520c49af0 JavaThread "Unconstrained build operations Thread 76"        [_thread_blocked, id=6152, stack(0x000000d4fc900000,0x000000d4fca00000) (1024K)]
  0x000001d51f9725a0 JavaThread "Unconstrained build operations Thread 77"        [_thread_blocked, id=16408, stack(0x000000d4fca00000,0x000000d4fcb00000) (1024K)]
  0x000001d522313980 JavaThread "Unconstrained build operations Thread 78"        [_thread_blocked, id=27864, stack(0x000000d4fcc00000,0x000000d4fcd00000) (1024K)]
  0x000001d522312c60 JavaThread "Unconstrained build operations Thread 79"        [_thread_blocked, id=25972, stack(0x000000d4fcd00000,0x000000d4fce00000) (1024K)]
  0x000001d522314010 JavaThread "Unconstrained build operations Thread 80"        [_thread_blocked, id=29372, stack(0x000000d4fce00000,0x000000d4fcf00000) (1024K)]
  0x000001d522311f40 JavaThread "Unconstrained build operations Thread 81"        [_thread_blocked, id=23080, stack(0x000000d4fcf00000,0x000000d4fd000000) (1024K)]
  0x000001d522310b90 JavaThread "Unconstrained build operations Thread 82"        [_thread_blocked, id=31400, stack(0x000000d4fd000000,0x000000d4fd100000) (1024K)]
  0x000001d522311220 JavaThread "Unconstrained build operations Thread 83"        [_thread_blocked, id=7904, stack(0x000000d4fd100000,0x000000d4fd200000) (1024K)]
  0x000001d5223146a0 JavaThread "Unconstrained build operations Thread 84"        [_thread_blocked, id=21996, stack(0x000000d4fd200000,0x000000d4fd300000) (1024K)]
  0x000001d5223118b0 JavaThread "Unconstrained build operations Thread 85"        [_thread_blocked, id=18172, stack(0x000000d4fd300000,0x000000d4fd400000) (1024K)]
  0x000001d522315a50 JavaThread "Unconstrained build operations Thread 86"        [_thread_blocked, id=16760, stack(0x000000d4fd400000,0x000000d4fd500000) (1024K)]
  0x000001d522314d30 JavaThread "Unconstrained build operations Thread 87"        [_thread_blocked, id=26240, stack(0x000000d4fd500000,0x000000d4fd600000) (1024K)]
  0x000001d5223153c0 JavaThread "Unconstrained build operations Thread 88"        [_thread_blocked, id=24484, stack(0x000000d4fd600000,0x000000d4fd700000) (1024K)]
  0x000001d5223125d0 JavaThread "Unconstrained build operations Thread 89"        [_thread_blocked, id=26772, stack(0x000000d4fd700000,0x000000d4fd800000) (1024K)]
  0x000001d522316e00 JavaThread "Unconstrained build operations Thread 90"        [_thread_blocked, id=10432, stack(0x000000d4fd800000,0x000000d4fd900000) (1024K)]
  0x000001d522317b20 JavaThread "Unconstrained build operations Thread 91"        [_thread_blocked, id=29228, stack(0x000000d4fd900000,0x000000d4fda00000) (1024K)]
  0x000001d522317490 JavaThread "Unconstrained build operations Thread 92"        [_thread_blocked, id=30536, stack(0x000000d4fda00000,0x000000d4fdb00000) (1024K)]
  0x000001d52194b120 JavaThread "Unconstrained build operations Thread 93"        [_thread_blocked, id=7604, stack(0x000000d4fdb00000,0x000000d4fdc00000) (1024K)]
  0x000001d523025920 JavaThread "Unconstrained build operations Thread 94"        [_thread_blocked, id=12832, stack(0x000000d4fdc00000,0x000000d4fdd00000) (1024K)]
  0x000001d523024570 JavaThread "Unconstrained build operations Thread 95"        [_thread_blocked, id=30168, stack(0x000000d4fdd00000,0x000000d4fde00000) (1024K)]
  0x000001d5230231c0 JavaThread "Unconstrained build operations Thread 96"        [_thread_blocked, id=27476, stack(0x000000d4fde00000,0x000000d4fdf00000) (1024K)]
  0x000001d523022b30 JavaThread "Unconstrained build operations Thread 97"        [_thread_blocked, id=22100, stack(0x000000d4fdf00000,0x000000d4fe000000) (1024K)]
  0x000001d523023850 JavaThread "Unconstrained build operations Thread 98"        [_thread_blocked, id=12236, stack(0x000000d4fe000000,0x000000d4fe100000) (1024K)]
  0x000001d5230224a0 JavaThread "Unconstrained build operations Thread 99"        [_thread_blocked, id=24868, stack(0x000000d4fe100000,0x000000d4fe200000) (1024K)]
  0x000001d523025fb0 JavaThread "Unconstrained build operations Thread 100"        [_thread_blocked, id=28500, stack(0x000000d4fe200000,0x000000d4fe300000) (1024K)]
  0x000001d523026640 JavaThread "Unconstrained build operations Thread 101"        [_thread_blocked, id=23224, stack(0x000000d4fe300000,0x000000d4fe400000) (1024K)]
  0x000001d523026cd0 JavaThread "Unconstrained build operations Thread 102"        [_thread_blocked, id=29496, stack(0x000000d4fe400000,0x000000d4fe500000) (1024K)]
  0x000001d523027360 JavaThread "Unconstrained build operations Thread 103"        [_thread_blocked, id=18716, stack(0x000000d4fe500000,0x000000d4fe600000) (1024K)]
  0x000001d523024c00 JavaThread "Unconstrained build operations Thread 104"        [_thread_blocked, id=14648, stack(0x000000d4fe600000,0x000000d4fe700000) (1024K)]
  0x000001d523023ee0 JavaThread "Unconstrained build operations Thread 105"        [_thread_blocked, id=22912, stack(0x000000d4fe700000,0x000000d4fe800000) (1024K)]
  0x000001d5230279f0 JavaThread "Unconstrained build operations Thread 106"        [_thread_blocked, id=10184, stack(0x000000d4fe800000,0x000000d4fe900000) (1024K)]
  0x000001d523028080 JavaThread "Unconstrained build operations Thread 107"        [_thread_blocked, id=4624, stack(0x000000d4fe900000,0x000000d4fea00000) (1024K)]
  0x000001d523028710 JavaThread "Unconstrained build operations Thread 108"        [_thread_blocked, id=27176, stack(0x000000d4fea00000,0x000000d4feb00000) (1024K)]
  0x000001d523025290 JavaThread "Unconstrained build operations Thread 109"        [_thread_blocked, id=20116, stack(0x000000d4feb00000,0x000000d4fec00000) (1024K)]
  0x000001d52302bb90 JavaThread "Unconstrained build operations Thread 110"        [_thread_blocked, id=28288, stack(0x000000d4fec00000,0x000000d4fed00000) (1024K)]
  0x000001d52302a7e0 JavaThread "Unconstrained build operations Thread 111"        [_thread_blocked, id=6656, stack(0x000000d4fed00000,0x000000d4fee00000) (1024K)]
  0x000001d523028da0 JavaThread "WorkerExecutor Queue"              [_thread_in_native, id=6820, stack(0x000000d4fcb00000,0x000000d4fcc00000) (1024K)]
  0x000001d52302c8b0 JavaThread "Unconstrained build operations Thread 112"        [_thread_blocked, id=30032, stack(0x000000d4fee00000,0x000000d4fef00000) (1024K)]
  0x000001d52302cf40 JavaThread "Unconstrained build operations Thread 113"        [_thread_blocked, id=18748, stack(0x000000d4fef00000,0x000000d4ff000000) (1024K)]
  0x000001d52302d5d0 JavaThread "Unconstrained build operations Thread 114"        [_thread_blocked, id=28228, stack(0x000000d4ff000000,0x000000d4ff100000) (1024K)]
  0x000001d52302dc60 JavaThread "Unconstrained build operations Thread 115"        [_thread_blocked, id=29648, stack(0x000000d4ff100000,0x000000d4ff200000) (1024K)]
  0x000001d52302e2f0 JavaThread "Unconstrained build operations Thread 116"        [_thread_blocked, id=29292, stack(0x000000d4ff200000,0x000000d4ff300000) (1024K)]
  0x000001d52302e980 JavaThread "Unconstrained build operations Thread 117"        [_thread_blocked, id=4588, stack(0x000000d4ff300000,0x000000d4ff400000) (1024K)]
  0x000001d52302b500 JavaThread "Unconstrained build operations Thread 118"        [_thread_blocked, id=10668, stack(0x000000d4ff500000,0x000000d4ff600000) (1024K)]
  0x000001d5230303c0 JavaThread "Unconstrained build operations Thread 119"        [_thread_blocked, id=22580, stack(0x000000d4ff600000,0x000000d4ff700000) (1024K)]
  0x000001d523030a50 JavaThread "Unconstrained build operations Thread 120"        [_thread_blocked, id=23336, stack(0x000000d4ff700000,0x000000d4ff800000) (1024K)]
  0x000001d523029ac0 JavaThread "RMI Scheduler(0)"           daemon [_thread_blocked, id=28368, stack(0x000000d4ff800000,0x000000d4ff900000) (1024K)]
  0x000001d523029430 JavaThread "RMI RenewClean-[127.0.0.1:17680,org.jetbrains.kotlin.daemon.common.LoopbackNetworkInterface$ClientLoopbackSocketFactory@3221b91b]" daemon [_thread_blocked, id=26660, stack(0x000000d4ff900000,0x000000d4ffa00000) (1024K)]
  0x000001d52302f010 JavaThread "RMI GC Daemon"              daemon [_thread_blocked, id=23220, stack(0x000000d4ffa00000,0x000000d4ffb00000) (1024K)]
  0x000001d523031770 JavaThread "RMI TCP Accept-0"           daemon [_thread_in_native, id=24892, stack(0x000000d4ffb00000,0x000000d4ffc00000) (1024K)]
  0x000001d52302fd30 JavaThread "RMI Reaper"                        [_thread_blocked, id=11812, stack(0x000000d4ffc00000,0x000000d4ffd00000) (1024K)]
  0x000001d523175cf0 JavaThread "RMI TCP Connection(idle)"   daemon [_thread_blocked, id=11808, stack(0x000000d4ffd00000,0x000000d4ffe00000) (1024K)]
Total: 183

Other Threads:
=>0x000001d517c4e740 VMThread "VM Thread"                           [id=31112, stack(0x000000d4f3b00000,0x000000d4f3c00000) (1024K)]
  0x000001d517bd9c20 WatcherThread "VM Periodic Task Thread"        [id=15588, stack(0x000000d4f3a00000,0x000000d4f3b00000) (1024K)]
  0x000001d57f914d20 WorkerThread "GC Thread#0"                     [id=26336, stack(0x000000d4f3500000,0x000000d4f3600000) (1024K)]
  0x000001d51c3e0210 WorkerThread "GC Thread#1"                     [id=6836, stack(0x000000d4f4700000,0x000000d4f4800000) (1024K)]
  0x000001d51c955eb0 WorkerThread "GC Thread#2"                     [id=27860, stack(0x000000d4f4800000,0x000000d4f4900000) (1024K)]
  0x000001d51cd0d2b0 WorkerThread "GC Thread#3"                     [id=14872, stack(0x000000d4f4a00000,0x000000d4f4b00000) (1024K)]
  0x000001d51d2dfa10 WorkerThread "GC Thread#4"                     [id=21176, stack(0x000000d4f4b00000,0x000000d4f4c00000) (1024K)]
  0x000001d51d27e3e0 WorkerThread "GC Thread#5"                     [id=3820, stack(0x000000d4f4c00000,0x000000d4f4d00000) (1024K)]
  0x000001d51d27f2a0 WorkerThread "GC Thread#6"                     [id=26352, stack(0x000000d4f4d00000,0x000000d4f4e00000) (1024K)]
  0x000001d51d27eef0 WorkerThread "GC Thread#7"                     [id=11656, stack(0x000000d4f4e00000,0x000000d4f4f00000) (1024K)]
  0x000001d51d27e030 WorkerThread "GC Thread#8"                     [id=13472, stack(0x000000d4f4f00000,0x000000d4f5000000) (1024K)]
  0x000001d51d27d8d0 WorkerThread "GC Thread#9"                     [id=28340, stack(0x000000d4f5500000,0x000000d4f5600000) (1024K)]
  0x000001d57f925c20 ConcurrentGCThread "G1 Main Marker"            [id=24768, stack(0x000000d4f3600000,0x000000d4f3700000) (1024K)]
  0x000001d57f928330 WorkerThread "G1 Conc#0"                       [id=17852, stack(0x000000d4f3700000,0x000000d4f3800000) (1024K)]
  0x000001d51e9d36b0 WorkerThread "G1 Conc#1"                       [id=29132, stack(0x000000d4f5600000,0x000000d4f5700000) (1024K)]
  0x000001d51e9d3a60 WorkerThread "G1 Conc#2"                       [id=28652, stack(0x000000d4f5700000,0x000000d4f5800000) (1024K)]
  0x000001d517aa65b0 ConcurrentGCThread "G1 Refine#0"               [id=14816, stack(0x000000d4f3800000,0x000000d4f3900000) (1024K)]
  0x000001d517aa69f0 ConcurrentGCThread "G1 Service"                [id=856, stack(0x000000d4f3900000,0x000000d4f3a00000) (1024K)]
Total: 18

Threads with active compile tasks:
C2 CompilerThread0  62409 20106       4       com.android.tools.r8.internal.ca2::c (803 bytes)
Total: 1

VM state: at safepoint (normal execution)

VM Mutex/Monitor currently owned by a thread:  ([mutex/lock_event])
[0x00007fff827986d0] Threads_lock - owner thread: 0x000001d517c4e740
[0x00007fff827987d0] Heap_lock - owner thread: 0x000001d57f925c20

Heap address: 0x0000000080000000, size: 2048 MB, Compressed Oops mode: 32-bit

CDS archive(s) not mapped
Compressed class space mapped at: 0x0000000100000000-0x0000000140000000, reserved size: 1073741824
Narrow klass base: 0x0000000000000000, Narrow klass shift: 3, Narrow klass range: 0x140000000

GC Precious Log:
 CardTable entry size: 512
 Card Set container configuration: InlinePtr #cards 5 size 8 Array Of Cards #cards 12 size 40 Howl #buckets 4 coarsen threshold 1843 Howl Bitmap #cards 512 size 80 coarsen threshold 460 Card regions per heap region 1 cards per card region 2048
 CPUs: 12 total, 12 available
 Memory: 7501M
 Large Page Support: Disabled
 NUMA Support: Disabled
 Compressed Oops: Enabled (32-bit)
 Heap Region Size: 1M
 Heap Min Capacity: 8M
 Heap Initial Capacity: 118M
 Heap Max Capacity: 2G
 Pre-touch: Disabled
 Parallel Workers: 10
 Concurrent Workers: 3
 Concurrent Refinement Workers: 10
 Periodic GC: Disabled

Heap:
 garbage-first heap   total 1268736K, used 890368K [0x0000000080000000, 0x0000000100000000)
  region size 1024K, 102 young (104448K), 47 survivors (48128K)
 Metaspace       used 140742K, committed 143104K, reserved 1179648K
  class space    used 20248K, committed 21376K, reserved 1048576K

Heap Regions: E=young(eden), S=young(survivor), O=old, HS=humongous(starts), HC=humongous(continues), CS=collection set, F=free, TAMS=top-at-mark-start, PB=parsable bottom
|   0|0x0000000080000000, 0x0000000080100000, 0x0000000080100000|100%|HS|  |TAMS 0x0000000080100000| PB 0x0000000080000000| Complete 
|   1|0x0000000080100000, 0x0000000080200000, 0x0000000080200000|100%|HC|  |TAMS 0x0000000080200000| PB 0x0000000080100000| Complete 
|   2|0x0000000080200000, 0x0000000080300000, 0x0000000080300000|100%|HC|  |TAMS 0x0000000080300000| PB 0x0000000080200000| Complete 
|   3|0x0000000080300000, 0x0000000080400000, 0x0000000080400000|100%|HC|  |TAMS 0x0000000080400000| PB 0x0000000080300000| Complete 
|   4|0x0000000080400000, 0x0000000080500000, 0x0000000080500000|100%| O|  |TAMS 0x0000000080500000| PB 0x0000000080500000| Untracked 
|   5|0x0000000080500000, 0x0000000080600000, 0x0000000080600000|100%| O|  |TAMS 0x0000000080600000| PB 0x0000000080600000| Untracked 
|   6|0x0000000080600000, 0x0000000080700000, 0x0000000080700000|100%| O|  |TAMS 0x0000000080700000| PB 0x0000000080700000| Untracked 
|   7|0x0000000080700000, 0x0000000080800000, 0x0000000080800000|100%|HS|  |TAMS 0x0000000080800000| PB 0x0000000080700000| Complete 
|   8|0x0000000080800000, 0x0000000080900000, 0x0000000080900000|100%| O|  |TAMS 0x0000000080900000| PB 0x0000000080900000| Untracked 
|   9|0x0000000080900000, 0x0000000080a00000, 0x0000000080a00000|100%| O|  |TAMS 0x0000000080a00000| PB 0x0000000080a00000| Untracked 
|  10|0x0000000080a00000, 0x0000000080b00000, 0x0000000080b00000|100%| O|  |TAMS 0x0000000080b00000| PB 0x0000000080b00000| Untracked 
|  11|0x0000000080b00000, 0x0000000080c00000, 0x0000000080c00000|100%| O|  |TAMS 0x0000000080c00000| PB 0x0000000080c00000| Untracked 
|  12|0x0000000080c00000, 0x0000000080d00000, 0x0000000080d00000|100%| O|  |TAMS 0x0000000080d00000| PB 0x0000000080d00000| Untracked 
|  13|0x0000000080d00000, 0x0000000080e00000, 0x0000000080e00000|100%| O|  |TAMS 0x0000000080e00000| PB 0x0000000080e00000| Updating 
|  14|0x0000000080e00000, 0x0000000080f00000, 0x0000000080f00000|100%| O|  |TAMS 0x0000000080f00000| PB 0x0000000080f00000| Untracked 
|  15|0x0000000080f00000, 0x0000000081000000, 0x0000000081000000|100%| O|  |TAMS 0x0000000081000000| PB 0x0000000081000000| Untracked 
|  16|0x0000000081000000, 0x0000000081100000, 0x0000000081100000|100%| O|  |TAMS 0x0000000081100000| PB 0x0000000081100000| Untracked 
|  17|0x0000000081100000, 0x0000000081200000, 0x0000000081200000|100%| O|  |TAMS 0x0000000081200000| PB 0x0000000081200000| Untracked 
|  18|0x0000000081200000, 0x0000000081300000, 0x0000000081300000|100%| O|  |TAMS 0x0000000081300000| PB 0x0000000081300000| Untracked 
|  19|0x0000000081300000, 0x0000000081400000, 0x0000000081400000|100%| O|  |TAMS 0x0000000081400000| PB 0x0000000081400000| Untracked 
|  20|0x0000000081400000, 0x0000000081500000, 0x0000000081500000|100%| O|  |TAMS 0x0000000081500000| PB 0x0000000081500000| Untracked 
|  21|0x0000000081500000, 0x0000000081600000, 0x0000000081600000|100%| O|  |TAMS 0x0000000081600000| PB 0x0000000081600000| Updating 
|  22|0x0000000081600000, 0x0000000081700000, 0x0000000081700000|100%| O|  |TAMS 0x0000000081700000| PB 0x0000000081700000| Updating 
|  23|0x0000000081700000, 0x0000000081800000, 0x0000000081800000|100%| O|  |TAMS 0x0000000081800000| PB 0x0000000081800000| Updating 
|  24|0x0000000081800000, 0x0000000081900000, 0x0000000081900000|100%| O|  |TAMS 0x0000000081900000| PB 0x0000000081900000| Untracked 
|  25|0x0000000081900000, 0x0000000081a00000, 0x0000000081a00000|100%| O|  |TAMS 0x0000000081a00000| PB 0x0000000081a00000| Untracked 
|  26|0x0000000081a00000, 0x0000000081b00000, 0x0000000081b00000|100%| O|  |TAMS 0x0000000081b00000| PB 0x0000000081b00000| Untracked 
|  27|0x0000000081b00000, 0x0000000081c00000, 0x0000000081c00000|100%| O|  |TAMS 0x0000000081c00000| PB 0x0000000081c00000| Untracked 
|  28|0x0000000081c00000, 0x0000000081d00000, 0x0000000081d00000|100%| O|  |TAMS 0x0000000081d00000| PB 0x0000000081d00000| Untracked 
|  29|0x0000000081d00000, 0x0000000081e00000, 0x0000000081e00000|100%| O|  |TAMS 0x0000000081e00000| PB 0x0000000081e00000| Updating 
|  30|0x0000000081e00000, 0x0000000081f00000, 0x0000000081f00000|100%| O|  |TAMS 0x0000000081f00000| PB 0x0000000081f00000| Untracked 
|  31|0x0000000081f00000, 0x0000000082000000, 0x0000000082000000|100%| O|  |TAMS 0x0000000082000000| PB 0x0000000082000000| Updating 
|  32|0x0000000082000000, 0x0000000082100000, 0x0000000082100000|100%| O|  |TAMS 0x0000000082100000| PB 0x0000000082100000| Untracked 
|  33|0x0000000082100000, 0x0000000082200000, 0x0000000082200000|100%|HS|  |TAMS 0x0000000082200000| PB 0x0000000082100000| Complete 
|  34|0x0000000082200000, 0x0000000082300000, 0x0000000082300000|100%|HC|  |TAMS 0x0000000082300000| PB 0x0000000082200000| Complete 
|  35|0x0000000082300000, 0x0000000082400000, 0x0000000082400000|100%| O|  |TAMS 0x0000000082400000| PB 0x0000000082400000| Untracked 
|  36|0x0000000082400000, 0x0000000082500000, 0x0000000082500000|100%|HS|  |TAMS 0x0000000082500000| PB 0x0000000082400000| Complete 
|  37|0x0000000082500000, 0x0000000082600000, 0x0000000082600000|100%| O|  |TAMS 0x0000000082600000| PB 0x0000000082600000| Updating 
|  38|0x0000000082600000, 0x0000000082700000, 0x0000000082700000|100%| O|  |TAMS 0x0000000082700000| PB 0x0000000082700000| Untracked 
|  39|0x0000000082700000, 0x0000000082800000, 0x0000000082800000|100%|HS|  |TAMS 0x0000000082800000| PB 0x0000000082700000| Complete 
|  40|0x0000000082800000, 0x0000000082900000, 0x0000000082900000|100%| O|  |TAMS 0x0000000082900000| PB 0x0000000082900000| Untracked 
|  41|0x0000000082900000, 0x0000000082a00000, 0x0000000082a00000|100%| O|  |TAMS 0x0000000082a00000| PB 0x0000000082a00000| Untracked 
|  42|0x0000000082a00000, 0x0000000082b00000, 0x0000000082b00000|100%| O|  |TAMS 0x0000000082b00000| PB 0x0000000082b00000| Untracked 
|  43|0x0000000082b00000, 0x0000000082c00000, 0x0000000082c00000|100%| O|  |TAMS 0x0000000082c00000| PB 0x0000000082c00000| Untracked 
|  44|0x0000000082c00000, 0x0000000082d00000, 0x0000000082d00000|100%| O|  |TAMS 0x0000000082d00000| PB 0x0000000082d00000| Untracked 
|  45|0x0000000082d00000, 0x0000000082e00000, 0x0000000082e00000|100%| O|  |TAMS 0x0000000082e00000| PB 0x0000000082e00000| Updating 
|  46|0x0000000082e00000, 0x0000000082f00000, 0x0000000082f00000|100%| O|  |TAMS 0x0000000082f00000| PB 0x0000000082f00000| Untracked 
|  47|0x0000000082f00000, 0x0000000083000000, 0x0000000083000000|100%| O|  |TAMS 0x0000000083000000| PB 0x0000000083000000| Updating 
|  48|0x0000000083000000, 0x0000000083100000, 0x0000000083100000|100%| O|  |TAMS 0x0000000083100000| PB 0x0000000083100000| Untracked 
|  49|0x0000000083100000, 0x0000000083200000, 0x0000000083200000|100%| O|  |TAMS 0x0000000083200000| PB 0x0000000083200000| Updating 
|  50|0x0000000083200000, 0x0000000083300000, 0x0000000083300000|100%| O|  |TAMS 0x0000000083300000| PB 0x0000000083300000| Untracked 
|  51|0x0000000083300000, 0x0000000083400000, 0x0000000083400000|100%| O|  |TAMS 0x0000000083400000| PB 0x0000000083400000| Untracked 
|  52|0x0000000083400000, 0x0000000083500000, 0x0000000083500000|100%| O|  |TAMS 0x0000000083500000| PB 0x0000000083500000| Updating 
|  53|0x0000000083500000, 0x0000000083600000, 0x0000000083600000|100%| O|  |TAMS 0x0000000083600000| PB 0x0000000083600000| Untracked 
|  54|0x0000000083600000, 0x0000000083700000, 0x0000000083700000|100%|HS|  |TAMS 0x0000000083700000| PB 0x0000000083600000| Complete 
|  55|0x0000000083700000, 0x0000000083800000, 0x0000000083800000|100%| O|  |TAMS 0x0000000083800000| PB 0x0000000083800000| Untracked 
|  56|0x0000000083800000, 0x0000000083900000, 0x0000000083900000|100%| O|  |TAMS 0x0000000083900000| PB 0x0000000083900000| Untracked 
|  57|0x0000000083900000, 0x0000000083a00000, 0x0000000083a00000|100%| O|  |TAMS 0x0000000083a00000| PB 0x0000000083a00000| Untracked 
|  58|0x0000000083a00000, 0x0000000083b00000, 0x0000000083b00000|100%|HS|  |TAMS 0x0000000083b00000| PB 0x0000000083a00000| Complete 
|  59|0x0000000083b00000, 0x0000000083c00000, 0x0000000083c00000|100%|HC|  |TAMS 0x0000000083c00000| PB 0x0000000083b00000| Complete 
|  60|0x0000000083c00000, 0x0000000083d00000, 0x0000000083d00000|100%|HS|  |TAMS 0x0000000083d00000| PB 0x0000000083c00000| Complete 
|  61|0x0000000083d00000, 0x0000000083e00000, 0x0000000083e00000|100%| O|  |TAMS 0x0000000083e00000| PB 0x0000000083e00000| Untracked 
|  62|0x0000000083e00000, 0x0000000083f00000, 0x0000000083f00000|100%|HS|  |TAMS 0x0000000083f00000| PB 0x0000000083e00000| Complete 
|  63|0x0000000083f00000, 0x0000000084000000, 0x0000000084000000|100%| O|  |TAMS 0x0000000084000000| PB 0x0000000084000000| Untracked 
|  64|0x0000000084000000, 0x0000000084100000, 0x0000000084100000|100%| O|  |TAMS 0x0000000084100000| PB 0x0000000084100000| Untracked 
|  65|0x0000000084100000, 0x0000000084200000, 0x0000000084200000|100%| O|  |TAMS 0x0000000084200000| PB 0x0000000084200000| Updating 
|  66|0x0000000084200000, 0x0000000084300000, 0x0000000084300000|100%|HS|  |TAMS 0x0000000084300000| PB 0x0000000084200000| Complete 
|  67|0x0000000084300000, 0x0000000084400000, 0x0000000084400000|100%|HS|  |TAMS 0x0000000084400000| PB 0x0000000084300000| Complete 
|  68|0x0000000084400000, 0x0000000084500000, 0x0000000084500000|100%|HC|  |TAMS 0x0000000084500000| PB 0x0000000084400000| Complete 
|  69|0x0000000084500000, 0x0000000084600000, 0x0000000084600000|100%| O|  |TAMS 0x0000000084600000| PB 0x0000000084600000| Untracked 
|  70|0x0000000084600000, 0x0000000084700000, 0x0000000084700000|100%| O|  |TAMS 0x0000000084700000| PB 0x0000000084700000| Untracked 
|  71|0x0000000084700000, 0x0000000084800000, 0x0000000084800000|100%| O|  |TAMS 0x0000000084800000| PB 0x0000000084800000| Updating 
|  72|0x0000000084800000, 0x0000000084900000, 0x0000000084900000|100%| O|  |TAMS 0x0000000084900000| PB 0x0000000084900000| Updating 
|  73|0x0000000084900000, 0x0000000084a00000, 0x0000000084a00000|100%| O|  |TAMS 0x0000000084a00000| PB 0x0000000084a00000| Updating 
|  74|0x0000000084a00000, 0x0000000084b00000, 0x0000000084b00000|100%| O|  |TAMS 0x0000000084b00000| PB 0x0000000084b00000| Updating 
|  75|0x0000000084b00000, 0x0000000084c00000, 0x0000000084c00000|100%| O|  |TAMS 0x0000000084c00000| PB 0x0000000084c00000| Updating 
|  76|0x0000000084c00000, 0x0000000084d00000, 0x0000000084d00000|100%| O|  |TAMS 0x0000000084d00000| PB 0x0000000084d00000| Untracked 
|  77|0x0000000084d00000, 0x0000000084e00000, 0x0000000084e00000|100%| O|  |TAMS 0x0000000084e00000| PB 0x0000000084e00000| Untracked 
|  78|0x0000000084e00000, 0x0000000084f00000, 0x0000000084f00000|100%| O|  |TAMS 0x0000000084f00000| PB 0x0000000084f00000| Untracked 
|  79|0x0000000084f00000, 0x0000000085000000, 0x0000000085000000|100%| O|  |TAMS 0x0000000085000000| PB 0x0000000085000000| Untracked 
|  80|0x0000000085000000, 0x0000000085100000, 0x0000000085100000|100%|HS|  |TAMS 0x0000000085100000| PB 0x0000000085000000| Complete 
|  81|0x0000000085100000, 0x0000000085200000, 0x0000000085200000|100%| O|  |TAMS 0x0000000085200000| PB 0x0000000085200000| Untracked 
|  82|0x0000000085200000, 0x0000000085300000, 0x0000000085300000|100%| O|  |TAMS 0x0000000085300000| PB 0x0000000085300000| Untracked 
|  83|0x0000000085300000, 0x0000000085400000, 0x0000000085400000|100%| O|  |TAMS 0x0000000085400000| PB 0x0000000085400000| Updating 
|  84|0x0000000085400000, 0x0000000085500000, 0x0000000085500000|100%| O|  |TAMS 0x0000000085500000| PB 0x0000000085500000| Untracked 
|  85|0x0000000085500000, 0x0000000085600000, 0x0000000085600000|100%| O|  |TAMS 0x0000000085600000| PB 0x0000000085600000| Updating 
|  86|0x0000000085600000, 0x0000000085700000, 0x0000000085700000|100%| O|  |TAMS 0x0000000085700000| PB 0x0000000085700000| Untracked 
|  87|0x0000000085700000, 0x0000000085800000, 0x0000000085800000|100%| O|  |TAMS 0x0000000085800000| PB 0x0000000085800000| Untracked 
|  88|0x0000000085800000, 0x0000000085900000, 0x0000000085900000|100%| O|  |TAMS 0x0000000085900000| PB 0x0000000085900000| Updating 
|  89|0x0000000085900000, 0x0000000085a00000, 0x0000000085a00000|100%| O|  |TAMS 0x0000000085a00000| PB 0x0000000085a00000| Untracked 
|  90|0x0000000085a00000, 0x0000000085b00000, 0x0000000085b00000|100%| O|  |TAMS 0x0000000085b00000| PB 0x0000000085b00000| Untracked 
|  91|0x0000000085b00000, 0x0000000085c00000, 0x0000000085c00000|100%| O|  |TAMS 0x0000000085c00000| PB 0x0000000085c00000| Untracked 
|  92|0x0000000085c00000, 0x0000000085d00000, 0x0000000085d00000|100%| O|  |TAMS 0x0000000085d00000| PB 0x0000000085d00000| Untracked 
|  93|0x0000000085d00000, 0x0000000085e00000, 0x0000000085e00000|100%| O|  |TAMS 0x0000000085e00000| PB 0x0000000085e00000| Untracked 
|  94|0x0000000085e00000, 0x0000000085f00000, 0x0000000085f00000|100%| O|  |TAMS 0x0000000085f00000| PB 0x0000000085f00000| Untracked 
|  95|0x0000000085f00000, 0x0000000086000000, 0x0000000086000000|100%| O|  |TAMS 0x0000000086000000| PB 0x0000000086000000| Untracked 
|  96|0x0000000086000000, 0x0000000086100000, 0x0000000086100000|100%| O|  |TAMS 0x0000000086100000| PB 0x0000000086100000| Untracked 
|  97|0x0000000086100000, 0x0000000086200000, 0x0000000086200000|100%| O|  |TAMS 0x0000000086200000| PB 0x0000000086200000| Untracked 
|  98|0x0000000086200000, 0x0000000086300000, 0x0000000086300000|100%| O|  |TAMS 0x0000000086300000| PB 0x0000000086300000| Updating 
|  99|0x0000000086300000, 0x0000000086400000, 0x0000000086400000|100%| O|  |TAMS 0x0000000086400000| PB 0x0000000086400000| Untracked 
| 100|0x0000000086400000, 0x0000000086500000, 0x0000000086500000|100%| O|  |TAMS 0x0000000086500000| PB 0x0000000086500000| Untracked 
| 101|0x0000000086500000, 0x0000000086600000, 0x0000000086600000|100%| O|  |TAMS 0x0000000086600000| PB 0x0000000086600000| Untracked 
| 102|0x0000000086600000, 0x0000000086700000, 0x0000000086700000|100%| O|  |TAMS 0x0000000086700000| PB 0x0000000086700000| Untracked 
| 103|0x0000000086700000, 0x0000000086800000, 0x0000000086800000|100%| O|  |TAMS 0x0000000086800000| PB 0x0000000086800000| Untracked 
| 104|0x0000000086800000, 0x0000000086900000, 0x0000000086900000|100%| O|  |TAMS 0x0000000086900000| PB 0x0000000086900000| Untracked 
| 105|0x0000000086900000, 0x0000000086a00000, 0x0000000086a00000|100%| O|  |TAMS 0x0000000086a00000| PB 0x0000000086a00000| Untracked 
| 106|0x0000000086a00000, 0x0000000086b00000, 0x0000000086b00000|100%| O|  |TAMS 0x0000000086b00000| PB 0x0000000086b00000| Untracked 
| 107|0x0000000086b00000, 0x0000000086c00000, 0x0000000086c00000|100%| O|  |TAMS 0x0000000086c00000| PB 0x0000000086c00000| Updating 
| 108|0x0000000086c00000, 0x0000000086d00000, 0x0000000086d00000|100%| O|  |TAMS 0x0000000086d00000| PB 0x0000000086d00000| Untracked 
| 109|0x0000000086d00000, 0x0000000086e00000, 0x0000000086e00000|100%| O|  |TAMS 0x0000000086e00000| PB 0x0000000086e00000| Untracked 
| 110|0x0000000086e00000, 0x0000000086f00000, 0x0000000086f00000|100%| O|  |TAMS 0x0000000086f00000| PB 0x0000000086f00000| Untracked 
| 111|0x0000000086f00000, 0x0000000087000000, 0x0000000087000000|100%| O|  |TAMS 0x0000000087000000| PB 0x0000000087000000| Untracked 
| 112|0x0000000087000000, 0x0000000087100000, 0x0000000087100000|100%| O|  |TAMS 0x0000000087100000| PB 0x0000000087100000| Untracked 
| 113|0x0000000087100000, 0x0000000087200000, 0x0000000087200000|100%|HS|  |TAMS 0x0000000087200000| PB 0x0000000087100000| Complete 
| 114|0x0000000087200000, 0x0000000087300000, 0x0000000087300000|100%|HC|  |TAMS 0x0000000087300000| PB 0x0000000087200000| Complete 
| 115|0x0000000087300000, 0x0000000087400000, 0x0000000087400000|100%| O|  |TAMS 0x0000000087400000| PB 0x0000000087400000| Untracked 
| 116|0x0000000087400000, 0x0000000087500000, 0x0000000087500000|100%| O|  |TAMS 0x0000000087500000| PB 0x0000000087500000| Untracked 
| 117|0x0000000087500000, 0x0000000087600000, 0x0000000087600000|100%| O|  |TAMS 0x0000000087600000| PB 0x0000000087600000| Untracked 
| 118|0x0000000087600000, 0x0000000087700000, 0x0000000087700000|100%| O|  |TAMS 0x0000000087700000| PB 0x0000000087700000| Untracked 
| 119|0x0000000087700000, 0x0000000087800000, 0x0000000087800000|100%| O|  |TAMS 0x0000000087800000| PB 0x0000000087800000| Untracked 
| 120|0x0000000087800000, 0x0000000087900000, 0x0000000087900000|100%| O|  |TAMS 0x0000000087900000| PB 0x0000000087900000| Untracked 
| 121|0x0000000087900000, 0x0000000087a00000, 0x0000000087a00000|100%|HS|  |TAMS 0x0000000087a00000| PB 0x0000000087900000| Complete 
| 122|0x0000000087a00000, 0x0000000087b00000, 0x0000000087b00000|100%| O|  |TAMS 0x0000000087b00000| PB 0x0000000087b00000| Untracked 
| 123|0x0000000087b00000, 0x0000000087c00000, 0x0000000087c00000|100%| O|  |TAMS 0x0000000087c00000| PB 0x0000000087c00000| Untracked 
| 124|0x0000000087c00000, 0x0000000087d00000, 0x0000000087d00000|100%| O|  |TAMS 0x0000000087d00000| PB 0x0000000087d00000| Updating 
| 125|0x0000000087d00000, 0x0000000087e00000, 0x0000000087e00000|100%| O|  |TAMS 0x0000000087e00000| PB 0x0000000087e00000| Updating 
| 126|0x0000000087e00000, 0x0000000087f00000, 0x0000000087f00000|100%| O|  |TAMS 0x0000000087f00000| PB 0x0000000087f00000| Untracked 
| 127|0x0000000087f00000, 0x0000000088000000, 0x0000000088000000|100%| O|  |TAMS 0x0000000088000000| PB 0x0000000088000000| Untracked 
| 128|0x0000000088000000, 0x0000000088100000, 0x0000000088100000|100%| O|  |TAMS 0x0000000088100000| PB 0x0000000088100000| Untracked 
| 129|0x0000000088100000, 0x0000000088200000, 0x0000000088200000|100%| O|  |TAMS 0x0000000088200000| PB 0x0000000088200000| Untracked 
| 130|0x0000000088200000, 0x0000000088300000, 0x0000000088300000|100%| O|  |TAMS 0x0000000088300000| PB 0x0000000088300000| Updating 
| 131|0x0000000088300000, 0x0000000088400000, 0x0000000088400000|100%| O|  |TAMS 0x0000000088400000| PB 0x0000000088400000| Updating 
| 132|0x0000000088400000, 0x0000000088500000, 0x0000000088500000|100%| O|  |TAMS 0x0000000088500000| PB 0x0000000088500000| Untracked 
| 133|0x0000000088500000, 0x0000000088600000, 0x0000000088600000|100%| O|  |TAMS 0x0000000088600000| PB 0x0000000088600000| Updating 
| 134|0x0000000088600000, 0x0000000088700000, 0x0000000088700000|100%| O|  |TAMS 0x0000000088600000| PB 0x0000000088600000| Untracked 
| 135|0x0000000088700000, 0x0000000088800000, 0x0000000088800000|100%| O|  |TAMS 0x0000000088800000| PB 0x0000000088800000| Updating 
| 136|0x0000000088800000, 0x0000000088900000, 0x0000000088900000|100%| O|  |TAMS 0x0000000088900000| PB 0x0000000088900000| Updating 
| 137|0x0000000088900000, 0x0000000088a00000, 0x0000000088a00000|100%| O|  |TAMS 0x0000000088a00000| PB 0x0000000088a00000| Updating 
| 138|0x0000000088a00000, 0x0000000088b00000, 0x0000000088b00000|100%| O|  |TAMS 0x0000000088b00000| PB 0x0000000088b00000| Updating 
| 139|0x0000000088b00000, 0x0000000088c00000, 0x0000000088c00000|100%| O|  |TAMS 0x0000000088c00000| PB 0x0000000088c00000| Updating 
| 140|0x0000000088c00000, 0x0000000088d00000, 0x0000000088d00000|100%| O|  |TAMS 0x0000000088d00000| PB 0x0000000088d00000| Untracked 
| 141|0x0000000088d00000, 0x0000000088e00000, 0x0000000088e00000|100%| O|  |TAMS 0x0000000088d00000| PB 0x0000000088d00000| Untracked 
| 142|0x0000000088e00000, 0x0000000088f00000, 0x0000000088f00000|100%| O|  |TAMS 0x0000000088f00000| PB 0x0000000088f00000| Updating 
| 143|0x0000000088f00000, 0x0000000089000000, 0x0000000089000000|100%| O|  |TAMS 0x0000000089000000| PB 0x0000000089000000| Updating 
| 144|0x0000000089000000, 0x0000000089100000, 0x0000000089100000|100%| O|  |TAMS 0x0000000089100000| PB 0x0000000089100000| Untracked 
| 145|0x0000000089100000, 0x0000000089200000, 0x0000000089200000|100%| O|  |TAMS 0x0000000089200000| PB 0x0000000089200000| Untracked 
| 146|0x0000000089200000, 0x0000000089300000, 0x0000000089300000|100%| O|  |TAMS 0x0000000089300000| PB 0x0000000089300000| Untracked 
| 147|0x0000000089300000, 0x0000000089400000, 0x0000000089400000|100%| O|  |TAMS 0x0000000089400000| PB 0x0000000089400000| Untracked 
| 148|0x0000000089400000, 0x0000000089500000, 0x0000000089500000|100%| O|  |TAMS 0x0000000089500000| PB 0x0000000089500000| Untracked 
| 149|0x0000000089500000, 0x0000000089600000, 0x0000000089600000|100%| O|  |TAMS 0x0000000089600000| PB 0x0000000089600000| Untracked 
| 150|0x0000000089600000, 0x0000000089700000, 0x0000000089700000|100%| O|  |TAMS 0x0000000089700000| PB 0x0000000089700000| Untracked 
| 151|0x0000000089700000, 0x0000000089800000, 0x0000000089800000|100%| O|  |TAMS 0x0000000089800000| PB 0x0000000089800000| Untracked 
| 152|0x0000000089800000, 0x0000000089900000, 0x0000000089900000|100%| O|  |TAMS 0x0000000089900000| PB 0x0000000089900000| Untracked 
| 153|0x0000000089900000, 0x0000000089a00000, 0x0000000089a00000|100%| O|  |TAMS 0x0000000089a00000| PB 0x0000000089a00000| Untracked 
| 154|0x0000000089a00000, 0x0000000089b00000, 0x0000000089b00000|100%| O|  |TAMS 0x0000000089b00000| PB 0x0000000089b00000| Updating 
| 155|0x0000000089b00000, 0x0000000089c00000, 0x0000000089c00000|100%| O|  |TAMS 0x0000000089c00000| PB 0x0000000089c00000| Untracked 
| 156|0x0000000089c00000, 0x0000000089d00000, 0x0000000089d00000|100%| O|  |TAMS 0x0000000089d00000| PB 0x0000000089d00000| Untracked 
| 157|0x0000000089d00000, 0x0000000089e00000, 0x0000000089e00000|100%| O|  |TAMS 0x0000000089e00000| PB 0x0000000089e00000| Untracked 
| 158|0x0000000089e00000, 0x0000000089f00000, 0x0000000089f00000|100%| O|  |TAMS 0x0000000089f00000| PB 0x0000000089f00000| Updating 
| 159|0x0000000089f00000, 0x000000008a000000, 0x000000008a000000|100%| O|  |TAMS 0x000000008a000000| PB 0x000000008a000000| Updating 
| 160|0x000000008a000000, 0x000000008a100000, 0x000000008a100000|100%| O|  |TAMS 0x000000008a000000| PB 0x000000008a000000| Untracked 
| 161|0x000000008a100000, 0x000000008a200000, 0x000000008a200000|100%| O|  |TAMS 0x000000008a200000| PB 0x000000008a200000| Updating 
| 162|0x000000008a200000, 0x000000008a300000, 0x000000008a300000|100%| O|  |TAMS 0x000000008a300000| PB 0x000000008a300000| Untracked 
| 163|0x000000008a300000, 0x000000008a400000, 0x000000008a400000|100%| O|  |TAMS 0x000000008a400000| PB 0x000000008a400000| Untracked 
| 164|0x000000008a400000, 0x000000008a500000, 0x000000008a500000|100%| O|  |TAMS 0x000000008a500000| PB 0x000000008a500000| Untracked 
| 165|0x000000008a500000, 0x000000008a600000, 0x000000008a600000|100%| O|  |TAMS 0x000000008a600000| PB 0x000000008a600000| Untracked 
| 166|0x000000008a600000, 0x000000008a700000, 0x000000008a700000|100%| O|  |TAMS 0x000000008a700000| PB 0x000000008a700000| Untracked 
| 167|0x000000008a700000, 0x000000008a800000, 0x000000008a800000|100%| O|  |TAMS 0x000000008a800000| PB 0x000000008a800000| Untracked 
| 168|0x000000008a800000, 0x000000008a900000, 0x000000008a900000|100%| O|  |TAMS 0x000000008a900000| PB 0x000000008a900000| Untracked 
| 169|0x000000008a900000, 0x000000008aa00000, 0x000000008aa00000|100%| O|  |TAMS 0x000000008aa00000| PB 0x000000008aa00000| Untracked 
| 170|0x000000008aa00000, 0x000000008ab00000, 0x000000008ab00000|100%| O|  |TAMS 0x000000008ab00000| PB 0x000000008ab00000| Untracked 
| 171|0x000000008ab00000, 0x000000008ac00000, 0x000000008ac00000|100%| O|  |TAMS 0x000000008ac00000| PB 0x000000008ac00000| Updating 
| 172|0x000000008ac00000, 0x000000008ad00000, 0x000000008ad00000|100%| O|  |TAMS 0x000000008ad00000| PB 0x000000008ad00000| Updating 
| 173|0x000000008ad00000, 0x000000008ae00000, 0x000000008ae00000|100%| O|  |TAMS 0x000000008ae00000| PB 0x000000008ae00000| Untracked 
| 174|0x000000008ae00000, 0x000000008af00000, 0x000000008af00000|100%| O|  |TAMS 0x000000008af00000| PB 0x000000008af00000| Updating 
| 175|0x000000008af00000, 0x000000008b000000, 0x000000008b000000|100%| O|  |TAMS 0x000000008b000000| PB 0x000000008b000000| Updating 
| 176|0x000000008b000000, 0x000000008b100000, 0x000000008b100000|100%| O|  |TAMS 0x000000008b100000| PB 0x000000008b100000| Untracked 
| 177|0x000000008b100000, 0x000000008b200000, 0x000000008b200000|100%| O|  |TAMS 0x000000008b200000| PB 0x000000008b200000| Untracked 
| 178|0x000000008b200000, 0x000000008b300000, 0x000000008b300000|100%| O|  |TAMS 0x000000008b300000| PB 0x000000008b300000| Untracked 
| 179|0x000000008b300000, 0x000000008b400000, 0x000000008b400000|100%| O|  |TAMS 0x000000008b400000| PB 0x000000008b400000| Untracked 
| 180|0x000000008b400000, 0x000000008b500000, 0x000000008b500000|100%| O|  |TAMS 0x000000008b500000| PB 0x000000008b500000| Untracked 
| 181|0x000000008b500000, 0x000000008b600000, 0x000000008b600000|100%| O|  |TAMS 0x000000008b600000| PB 0x000000008b600000| Untracked 
| 182|0x000000008b600000, 0x000000008b700000, 0x000000008b700000|100%| O|  |TAMS 0x000000008b700000| PB 0x000000008b700000| Untracked 
| 183|0x000000008b700000, 0x000000008b800000, 0x000000008b800000|100%| O|  |TAMS 0x000000008b800000| PB 0x000000008b800000| Untracked 
| 184|0x000000008b800000, 0x000000008b900000, 0x000000008b900000|100%| O|  |TAMS 0x000000008b900000| PB 0x000000008b900000| Untracked 
| 185|0x000000008b900000, 0x000000008ba00000, 0x000000008ba00000|100%| O|  |TAMS 0x000000008ba00000| PB 0x000000008ba00000| Untracked 
| 186|0x000000008ba00000, 0x000000008bb00000, 0x000000008bb00000|100%| O|  |TAMS 0x000000008bb00000| PB 0x000000008bb00000| Untracked 
| 187|0x000000008bb00000, 0x000000008bc00000, 0x000000008bc00000|100%| O|  |TAMS 0x000000008bc00000| PB 0x000000008bc00000| Updating 
| 188|0x000000008bc00000, 0x000000008bd00000, 0x000000008bd00000|100%| O|  |TAMS 0x000000008bd00000| PB 0x000000008bd00000| Untracked 
| 189|0x000000008bd00000, 0x000000008be00000, 0x000000008be00000|100%| O|  |TAMS 0x000000008be00000| PB 0x000000008be00000| Untracked 
| 190|0x000000008be00000, 0x000000008bf00000, 0x000000008bf00000|100%| O|  |TAMS 0x000000008bf00000| PB 0x000000008bf00000| Untracked 
| 191|0x000000008bf00000, 0x000000008c000000, 0x000000008c000000|100%| O|  |TAMS 0x000000008c000000| PB 0x000000008c000000| Untracked 
| 192|0x000000008c000000, 0x000000008c100000, 0x000000008c100000|100%| O|  |TAMS 0x000000008c100000| PB 0x000000008c100000| Untracked 
| 193|0x000000008c100000, 0x000000008c200000, 0x000000008c200000|100%| O|  |TAMS 0x000000008c200000| PB 0x000000008c200000| Updating 
| 194|0x000000008c200000, 0x000000008c300000, 0x000000008c300000|100%| O|  |TAMS 0x000000008c300000| PB 0x000000008c300000| Untracked 
| 195|0x000000008c300000, 0x000000008c400000, 0x000000008c400000|100%| O|  |TAMS 0x000000008c400000| PB 0x000000008c400000| Untracked 
| 196|0x000000008c400000, 0x000000008c500000, 0x000000008c500000|100%| O|  |TAMS 0x000000008c500000| PB 0x000000008c500000| Untracked 
| 197|0x000000008c500000, 0x000000008c600000, 0x000000008c600000|100%| O|  |TAMS 0x000000008c600000| PB 0x000000008c600000| Untracked 
| 198|0x000000008c600000, 0x000000008c700000, 0x000000008c700000|100%| O|  |TAMS 0x000000008c700000| PB 0x000000008c700000| Untracked 
| 199|0x000000008c700000, 0x000000008c800000, 0x000000008c800000|100%| O|  |TAMS 0x000000008c800000| PB 0x000000008c800000| Untracked 
| 200|0x000000008c800000, 0x000000008c900000, 0x000000008c900000|100%| O|  |TAMS 0x000000008c900000| PB 0x000000008c900000| Untracked 
| 201|0x000000008c900000, 0x000000008ca00000, 0x000000008ca00000|100%| O|  |TAMS 0x000000008ca00000| PB 0x000000008ca00000| Untracked 
| 202|0x000000008ca00000, 0x000000008cb00000, 0x000000008cb00000|100%| O|  |TAMS 0x000000008cb00000| PB 0x000000008cb00000| Untracked 
| 203|0x000000008cb00000, 0x000000008cc00000, 0x000000008cc00000|100%| O|  |TAMS 0x000000008cc00000| PB 0x000000008cc00000| Untracked 
| 204|0x000000008cc00000, 0x000000008cd00000, 0x000000008cd00000|100%| O|  |TAMS 0x000000008cd00000| PB 0x000000008cd00000| Untracked 
| 205|0x000000008cd00000, 0x000000008ce00000, 0x000000008ce00000|100%| O|  |TAMS 0x000000008ce00000| PB 0x000000008ce00000| Untracked 
| 206|0x000000008ce00000, 0x000000008cf00000, 0x000000008cf00000|100%| O|  |TAMS 0x000000008cf00000| PB 0x000000008cf00000| Updating 
| 207|0x000000008cf00000, 0x000000008d000000, 0x000000008d000000|100%| O|  |TAMS 0x000000008d000000| PB 0x000000008d000000| Untracked 
| 208|0x000000008d000000, 0x000000008d100000, 0x000000008d100000|100%| O|  |TAMS 0x000000008d100000| PB 0x000000008d100000| Updating 
| 209|0x000000008d100000, 0x000000008d200000, 0x000000008d200000|100%| O|  |TAMS 0x000000008d200000| PB 0x000000008d200000| Updating 
| 210|0x000000008d200000, 0x000000008d300000, 0x000000008d300000|100%| O|  |TAMS 0x000000008d300000| PB 0x000000008d300000| Updating 
| 211|0x000000008d300000, 0x000000008d400000, 0x000000008d400000|100%| O|  |TAMS 0x000000008d400000| PB 0x000000008d400000| Updating 
| 212|0x000000008d400000, 0x000000008d500000, 0x000000008d500000|100%| O|  |TAMS 0x000000008d500000| PB 0x000000008d500000| Untracked 
| 213|0x000000008d500000, 0x000000008d600000, 0x000000008d600000|100%| O|  |TAMS 0x000000008d600000| PB 0x000000008d600000| Untracked 
| 214|0x000000008d600000, 0x000000008d700000, 0x000000008d700000|100%| O|  |TAMS 0x000000008d700000| PB 0x000000008d700000| Updating 
| 215|0x000000008d700000, 0x000000008d800000, 0x000000008d800000|100%| O|  |TAMS 0x000000008d800000| PB 0x000000008d800000| Untracked 
| 216|0x000000008d800000, 0x000000008d900000, 0x000000008d900000|100%| O|  |TAMS 0x000000008d900000| PB 0x000000008d900000| Untracked 
| 217|0x000000008d900000, 0x000000008da00000, 0x000000008da00000|100%| O|  |TAMS 0x000000008da00000| PB 0x000000008da00000| Updating 
| 218|0x000000008da00000, 0x000000008db00000, 0x000000008db00000|100%| O|  |TAMS 0x000000008db00000| PB 0x000000008db00000| Untracked 
| 219|0x000000008db00000, 0x000000008dc00000, 0x000000008dc00000|100%| O|  |TAMS 0x000000008dc00000| PB 0x000000008dc00000| Untracked 
| 220|0x000000008dc00000, 0x000000008dd00000, 0x000000008dd00000|100%| O|  |TAMS 0x000000008dd00000| PB 0x000000008dd00000| Untracked 
| 221|0x000000008dd00000, 0x000000008de00000, 0x000000008de00000|100%| O|  |TAMS 0x000000008de00000| PB 0x000000008de00000| Untracked 
| 222|0x000000008de00000, 0x000000008df00000, 0x000000008df00000|100%| O|  |TAMS 0x000000008df00000| PB 0x000000008df00000| Untracked 
| 223|0x000000008df00000, 0x000000008e000000, 0x000000008e000000|100%| O|  |TAMS 0x000000008e000000| PB 0x000000008e000000| Untracked 
| 224|0x000000008e000000, 0x000000008e100000, 0x000000008e100000|100%| O|  |TAMS 0x000000008e100000| PB 0x000000008e100000| Updating 
| 225|0x000000008e100000, 0x000000008e200000, 0x000000008e200000|100%| O|  |TAMS 0x000000008e200000| PB 0x000000008e200000| Untracked 
| 226|0x000000008e200000, 0x000000008e300000, 0x000000008e300000|100%| O|  |TAMS 0x000000008e300000| PB 0x000000008e300000| Untracked 
| 227|0x000000008e300000, 0x000000008e400000, 0x000000008e400000|100%| O|  |TAMS 0x000000008e400000| PB 0x000000008e400000| Untracked 
| 228|0x000000008e400000, 0x000000008e500000, 0x000000008e500000|100%| O|  |TAMS 0x000000008e500000| PB 0x000000008e500000| Untracked 
| 229|0x000000008e500000, 0x000000008e600000, 0x000000008e600000|100%| O|  |TAMS 0x000000008e600000| PB 0x000000008e600000| Untracked 
| 230|0x000000008e600000, 0x000000008e700000, 0x000000008e700000|100%| O|  |TAMS 0x000000008e700000| PB 0x000000008e700000| Untracked 
| 231|0x000000008e700000, 0x000000008e800000, 0x000000008e800000|100%| O|  |TAMS 0x000000008e800000| PB 0x000000008e800000| Untracked 
| 232|0x000000008e800000, 0x000000008e900000, 0x000000008e900000|100%| O|  |TAMS 0x000000008e900000| PB 0x000000008e900000| Untracked 
| 233|0x000000008e900000, 0x000000008ea00000, 0x000000008ea00000|100%| O|  |TAMS 0x000000008ea00000| PB 0x000000008ea00000| Untracked 
| 234|0x000000008ea00000, 0x000000008eb00000, 0x000000008eb00000|100%| O|  |TAMS 0x000000008eb00000| PB 0x000000008eb00000| Untracked 
| 235|0x000000008eb00000, 0x000000008ec00000, 0x000000008ec00000|100%| O|  |TAMS 0x000000008ec00000| PB 0x000000008ec00000| Untracked 
| 236|0x000000008ec00000, 0x000000008ed00000, 0x000000008ed00000|100%| O|  |TAMS 0x000000008ed00000| PB 0x000000008ed00000| Untracked 
| 237|0x000000008ed00000, 0x000000008ee00000, 0x000000008ee00000|100%| O|  |TAMS 0x000000008ee00000| PB 0x000000008ee00000| Untracked 
| 238|0x000000008ee00000, 0x000000008ef00000, 0x000000008ef00000|100%| O|  |TAMS 0x000000008ef00000| PB 0x000000008ef00000| Untracked 
| 239|0x000000008ef00000, 0x000000008f000000, 0x000000008f000000|100%| O|  |TAMS 0x000000008f000000| PB 0x000000008f000000| Untracked 
| 240|0x000000008f000000, 0x000000008f100000, 0x000000008f100000|100%| O|  |TAMS 0x000000008f100000| PB 0x000000008f100000| Untracked 
| 241|0x000000008f100000, 0x000000008f200000, 0x000000008f200000|100%| O|  |TAMS 0x000000008f200000| PB 0x000000008f200000| Untracked 
| 242|0x000000008f200000, 0x000000008f300000, 0x000000008f300000|100%| O|  |TAMS 0x000000008f300000| PB 0x000000008f300000| Untracked 
| 243|0x000000008f300000, 0x000000008f400000, 0x000000008f400000|100%| O|  |TAMS 0x000000008f400000| PB 0x000000008f400000| Untracked 
| 244|0x000000008f400000, 0x000000008f500000, 0x000000008f500000|100%| O|  |TAMS 0x000000008f500000| PB 0x000000008f500000| Untracked 
| 245|0x000000008f500000, 0x000000008f600000, 0x000000008f600000|100%| O|  |TAMS 0x000000008f600000| PB 0x000000008f600000| Untracked 
| 246|0x000000008f600000, 0x000000008f700000, 0x000000008f700000|100%| O|  |TAMS 0x000000008f700000| PB 0x000000008f700000| Untracked 
| 247|0x000000008f700000, 0x000000008f800000, 0x000000008f800000|100%| O|  |TAMS 0x000000008f800000| PB 0x000000008f800000| Untracked 
| 248|0x000000008f800000, 0x000000008f900000, 0x000000008f900000|100%| O|  |TAMS 0x000000008f900000| PB 0x000000008f900000| Untracked 
| 249|0x000000008f900000, 0x000000008fa00000, 0x000000008fa00000|100%| O|  |TAMS 0x000000008fa00000| PB 0x000000008fa00000| Untracked 
| 250|0x000000008fa00000, 0x000000008fb00000, 0x000000008fb00000|100%| O|  |TAMS 0x000000008fb00000| PB 0x000000008fb00000| Untracked 
| 251|0x000000008fb00000, 0x000000008fc00000, 0x000000008fc00000|100%| O|  |TAMS 0x000000008fc00000| PB 0x000000008fc00000| Untracked 
| 252|0x000000008fc00000, 0x000000008fd00000, 0x000000008fd00000|100%| O|  |TAMS 0x000000008fd00000| PB 0x000000008fd00000| Untracked 
| 253|0x000000008fd00000, 0x000000008fe00000, 0x000000008fe00000|100%| O|  |TAMS 0x000000008fe00000| PB 0x000000008fe00000| Untracked 
| 254|0x000000008fe00000, 0x000000008ff00000, 0x000000008ff00000|100%| O|  |TAMS 0x000000008ff00000| PB 0x000000008ff00000| Untracked 
| 255|0x000000008ff00000, 0x0000000090000000, 0x0000000090000000|100%| O|  |TAMS 0x0000000090000000| PB 0x0000000090000000| Untracked 
| 256|0x0000000090000000, 0x0000000090100000, 0x0000000090100000|100%| O|  |TAMS 0x0000000090100000| PB 0x0000000090100000| Untracked 
| 257|0x0000000090100000, 0x0000000090200000, 0x0000000090200000|100%| O|  |TAMS 0x0000000090200000| PB 0x0000000090200000| Untracked 
| 258|0x0000000090200000, 0x0000000090300000, 0x0000000090300000|100%| O|  |TAMS 0x0000000090300000| PB 0x0000000090300000| Untracked 
| 259|0x0000000090300000, 0x0000000090400000, 0x0000000090400000|100%| O|  |TAMS 0x0000000090400000| PB 0x0000000090400000| Untracked 
| 260|0x0000000090400000, 0x0000000090500000, 0x0000000090500000|100%| O|  |TAMS 0x0000000090500000| PB 0x0000000090500000| Untracked 
| 261|0x0000000090500000, 0x0000000090600000, 0x0000000090600000|100%| O|  |TAMS 0x0000000090600000| PB 0x0000000090600000| Untracked 
| 262|0x0000000090600000, 0x0000000090700000, 0x0000000090700000|100%| O|  |TAMS 0x0000000090700000| PB 0x0000000090700000| Untracked 
| 263|0x0000000090700000, 0x0000000090800000, 0x0000000090800000|100%| O|  |TAMS 0x0000000090800000| PB 0x0000000090800000| Untracked 
| 264|0x0000000090800000, 0x0000000090900000, 0x0000000090900000|100%| O|  |TAMS 0x0000000090900000| PB 0x0000000090900000| Untracked 
| 265|0x0000000090900000, 0x0000000090a00000, 0x0000000090a00000|100%| O|  |TAMS 0x0000000090a00000| PB 0x0000000090a00000| Untracked 
| 266|0x0000000090a00000, 0x0000000090b00000, 0x0000000090b00000|100%| O|  |TAMS 0x0000000090b00000| PB 0x0000000090b00000| Untracked 
| 267|0x0000000090b00000, 0x0000000090c00000, 0x0000000090c00000|100%| O|  |TAMS 0x0000000090c00000| PB 0x0000000090c00000| Updating 
| 268|0x0000000090c00000, 0x0000000090d00000, 0x0000000090d00000|100%| O|  |TAMS 0x0000000090d00000| PB 0x0000000090d00000| Updating 
| 269|0x0000000090d00000, 0x0000000090e00000, 0x0000000090e00000|100%| O|  |TAMS 0x0000000090d00000| PB 0x0000000090d00000| Untracked 
| 270|0x0000000090e00000, 0x0000000090f00000, 0x0000000090f00000|100%| O|  |TAMS 0x0000000090f00000| PB 0x0000000090f00000| Updating 
| 271|0x0000000090f00000, 0x0000000091000000, 0x0000000091000000|100%| O|  |TAMS 0x0000000091000000| PB 0x0000000091000000| Updating 
| 272|0x0000000091000000, 0x0000000091100000, 0x0000000091100000|100%| O|  |TAMS 0x0000000091100000| PB 0x0000000091100000| Untracked 
| 273|0x0000000091100000, 0x0000000091200000, 0x0000000091200000|100%| O|  |TAMS 0x0000000091200000| PB 0x0000000091200000| Updating 
| 274|0x0000000091200000, 0x0000000091300000, 0x0000000091300000|100%| O|  |TAMS 0x0000000091300000| PB 0x0000000091300000| Untracked 
| 275|0x0000000091300000, 0x0000000091400000, 0x0000000091400000|100%| O|  |TAMS 0x0000000091400000| PB 0x0000000091400000| Untracked 
| 276|0x0000000091400000, 0x0000000091500000, 0x0000000091500000|100%| O|  |TAMS 0x0000000091500000| PB 0x0000000091500000| Updating 
| 277|0x0000000091500000, 0x0000000091600000, 0x0000000091600000|100%| O|  |TAMS 0x0000000091600000| PB 0x0000000091600000| Untracked 
| 278|0x0000000091600000, 0x0000000091700000, 0x0000000091700000|100%| O|  |TAMS 0x0000000091700000| PB 0x0000000091700000| Untracked 
| 279|0x0000000091700000, 0x0000000091800000, 0x0000000091800000|100%| O|  |TAMS 0x0000000091800000| PB 0x0000000091800000| Untracked 
| 280|0x0000000091800000, 0x0000000091900000, 0x0000000091900000|100%| O|  |TAMS 0x0000000091900000| PB 0x0000000091900000| Untracked 
| 281|0x0000000091900000, 0x0000000091a00000, 0x0000000091a00000|100%| O|  |TAMS 0x0000000091a00000| PB 0x0000000091a00000| Untracked 
| 282|0x0000000091a00000, 0x0000000091b00000, 0x0000000091b00000|100%| O|  |TAMS 0x0000000091b00000| PB 0x0000000091b00000| Untracked 
| 283|0x0000000091b00000, 0x0000000091c00000, 0x0000000091c00000|100%| O|  |TAMS 0x0000000091c00000| PB 0x0000000091c00000| Untracked 
| 284|0x0000000091c00000, 0x0000000091d00000, 0x0000000091d00000|100%| O|  |TAMS 0x0000000091d00000| PB 0x0000000091d00000| Untracked 
| 285|0x0000000091d00000, 0x0000000091e00000, 0x0000000091e00000|100%| O|  |TAMS 0x0000000091e00000| PB 0x0000000091e00000| Untracked 
| 286|0x0000000091e00000, 0x0000000091f00000, 0x0000000091f00000|100%| O|  |TAMS 0x0000000091f00000| PB 0x0000000091f00000| Untracked 
| 287|0x0000000091f00000, 0x0000000092000000, 0x0000000092000000|100%| O|  |TAMS 0x0000000092000000| PB 0x0000000092000000| Untracked 
| 288|0x0000000092000000, 0x0000000092100000, 0x0000000092100000|100%| O|  |TAMS 0x0000000092100000| PB 0x0000000092100000| Untracked 
| 289|0x0000000092100000, 0x0000000092200000, 0x0000000092200000|100%| O|  |TAMS 0x0000000092200000| PB 0x0000000092200000| Untracked 
| 290|0x0000000092200000, 0x0000000092300000, 0x0000000092300000|100%| O|  |TAMS 0x0000000092300000| PB 0x0000000092300000| Untracked 
| 291|0x0000000092300000, 0x0000000092400000, 0x0000000092400000|100%| O|  |TAMS 0x0000000092400000| PB 0x0000000092400000| Untracked 
| 292|0x0000000092400000, 0x0000000092500000, 0x0000000092500000|100%| O|  |TAMS 0x0000000092500000| PB 0x0000000092500000| Untracked 
| 293|0x0000000092500000, 0x0000000092600000, 0x0000000092600000|100%| O|  |TAMS 0x0000000092600000| PB 0x0000000092600000| Untracked 
| 294|0x0000000092600000, 0x0000000092700000, 0x0000000092700000|100%| O|  |TAMS 0x0000000092700000| PB 0x0000000092700000| Updating 
| 295|0x0000000092700000, 0x0000000092800000, 0x0000000092800000|100%| O|  |TAMS 0x0000000092800000| PB 0x0000000092800000| Updating 
| 296|0x0000000092800000, 0x0000000092900000, 0x0000000092900000|100%| O|  |TAMS 0x0000000092900000| PB 0x0000000092900000| Updating 
| 297|0x0000000092900000, 0x0000000092a00000, 0x0000000092a00000|100%| O|  |TAMS 0x0000000092a00000| PB 0x0000000092a00000| Untracked 
| 298|0x0000000092a00000, 0x0000000092b00000, 0x0000000092b00000|100%| O|  |TAMS 0x0000000092b00000| PB 0x0000000092b00000| Untracked 
| 299|0x0000000092b00000, 0x0000000092c00000, 0x0000000092c00000|100%| O|  |TAMS 0x0000000092c00000| PB 0x0000000092c00000| Untracked 
| 300|0x0000000092c00000, 0x0000000092d00000, 0x0000000092d00000|100%| O|  |TAMS 0x0000000092d00000| PB 0x0000000092d00000| Untracked 
| 301|0x0000000092d00000, 0x0000000092e00000, 0x0000000092e00000|100%| O|  |TAMS 0x0000000092e00000| PB 0x0000000092e00000| Untracked 
| 302|0x0000000092e00000, 0x0000000092f00000, 0x0000000092f00000|100%| O|  |TAMS 0x0000000092f00000| PB 0x0000000092f00000| Untracked 
| 303|0x0000000092f00000, 0x0000000093000000, 0x0000000093000000|100%| O|  |TAMS 0x0000000093000000| PB 0x0000000093000000| Untracked 
| 304|0x0000000093000000, 0x0000000093100000, 0x0000000093100000|100%| O|  |TAMS 0x0000000093100000| PB 0x0000000093100000| Untracked 
| 305|0x0000000093100000, 0x0000000093200000, 0x0000000093200000|100%| O|  |TAMS 0x0000000093200000| PB 0x0000000093200000| Untracked 
| 306|0x0000000093200000, 0x0000000093300000, 0x0000000093300000|100%| O|  |TAMS 0x0000000093300000| PB 0x0000000093300000| Untracked 
| 307|0x0000000093300000, 0x0000000093400000, 0x0000000093400000|100%| O|  |TAMS 0x0000000093400000| PB 0x0000000093400000| Untracked 
| 308|0x0000000093400000, 0x0000000093500000, 0x0000000093500000|100%| O|  |TAMS 0x0000000093500000| PB 0x0000000093500000| Untracked 
| 309|0x0000000093500000, 0x0000000093600000, 0x0000000093600000|100%| O|  |TAMS 0x0000000093600000| PB 0x0000000093600000| Untracked 
| 310|0x0000000093600000, 0x0000000093700000, 0x0000000093700000|100%| O|  |TAMS 0x0000000093700000| PB 0x0000000093700000| Untracked 
| 311|0x0000000093700000, 0x0000000093800000, 0x0000000093800000|100%| O|  |TAMS 0x0000000093800000| PB 0x0000000093800000| Untracked 
| 312|0x0000000093800000, 0x0000000093900000, 0x0000000093900000|100%| O|  |TAMS 0x0000000093900000| PB 0x0000000093900000| Untracked 
| 313|0x0000000093900000, 0x0000000093a00000, 0x0000000093a00000|100%| O|  |TAMS 0x0000000093a00000| PB 0x0000000093a00000| Untracked 
| 314|0x0000000093a00000, 0x0000000093b00000, 0x0000000093b00000|100%| O|  |TAMS 0x0000000093b00000| PB 0x0000000093b00000| Updating 
| 315|0x0000000093b00000, 0x0000000093c00000, 0x0000000093c00000|100%| O|  |TAMS 0x0000000093c00000| PB 0x0000000093c00000| Untracked 
| 316|0x0000000093c00000, 0x0000000093d00000, 0x0000000093d00000|100%| O|  |TAMS 0x0000000093d00000| PB 0x0000000093d00000| Updating 
| 317|0x0000000093d00000, 0x0000000093e00000, 0x0000000093e00000|100%| O|  |TAMS 0x0000000093e00000| PB 0x0000000093e00000| Updating 
| 318|0x0000000093e00000, 0x0000000093f00000, 0x0000000093f00000|100%| O|  |TAMS 0x0000000093f00000| PB 0x0000000093f00000| Untracked 
| 319|0x0000000093f00000, 0x0000000094000000, 0x0000000094000000|100%| O|  |TAMS 0x0000000094000000| PB 0x0000000094000000| Untracked 
| 320|0x0000000094000000, 0x0000000094100000, 0x0000000094100000|100%| O|  |TAMS 0x0000000094100000| PB 0x0000000094100000| Untracked 
| 321|0x0000000094100000, 0x0000000094200000, 0x0000000094200000|100%| O|  |TAMS 0x0000000094200000| PB 0x0000000094200000| Updating 
| 322|0x0000000094200000, 0x0000000094300000, 0x0000000094300000|100%| O|  |TAMS 0x0000000094300000| PB 0x0000000094300000| Updating 
| 323|0x0000000094300000, 0x0000000094400000, 0x0000000094400000|100%| O|  |TAMS 0x0000000094400000| PB 0x0000000094400000| Updating 
| 324|0x0000000094400000, 0x0000000094500000, 0x0000000094500000|100%| O|  |TAMS 0x0000000094500000| PB 0x0000000094500000| Updating 
| 325|0x0000000094500000, 0x0000000094600000, 0x0000000094600000|100%| O|  |TAMS 0x0000000094600000| PB 0x0000000094600000| Untracked 
| 326|0x0000000094600000, 0x0000000094700000, 0x0000000094700000|100%| O|  |TAMS 0x0000000094700000| PB 0x0000000094700000| Untracked 
| 327|0x0000000094700000, 0x0000000094800000, 0x0000000094800000|100%| O|  |TAMS 0x0000000094800000| PB 0x0000000094800000| Updating 
| 328|0x0000000094800000, 0x0000000094900000, 0x0000000094900000|100%| O|  |TAMS 0x0000000094900000| PB 0x0000000094900000| Untracked 
| 329|0x0000000094900000, 0x0000000094a00000, 0x0000000094a00000|100%| O|  |TAMS 0x0000000094a00000| PB 0x0000000094a00000| Untracked 
| 330|0x0000000094a00000, 0x0000000094b00000, 0x0000000094b00000|100%| O|  |TAMS 0x0000000094b00000| PB 0x0000000094b00000| Untracked 
| 331|0x0000000094b00000, 0x0000000094c00000, 0x0000000094c00000|100%| O|  |TAMS 0x0000000094c00000| PB 0x0000000094c00000| Untracked 
| 332|0x0000000094c00000, 0x0000000094d00000, 0x0000000094d00000|100%| O|  |TAMS 0x0000000094d00000| PB 0x0000000094d00000| Updating 
| 333|0x0000000094d00000, 0x0000000094e00000, 0x0000000094e00000|100%| O|  |TAMS 0x0000000094e00000| PB 0x0000000094e00000| Updating 
| 334|0x0000000094e00000, 0x0000000094f00000, 0x0000000094f00000|100%| O|  |TAMS 0x0000000094f00000| PB 0x0000000094f00000| Untracked 
| 335|0x0000000094f00000, 0x0000000095000000, 0x0000000095000000|100%| O|  |TAMS 0x0000000095000000| PB 0x0000000095000000| Updating 
| 336|0x0000000095000000, 0x0000000095100000, 0x0000000095100000|100%| O|  |TAMS 0x0000000095100000| PB 0x0000000095100000| Untracked 
| 337|0x0000000095100000, 0x0000000095200000, 0x0000000095200000|100%| O|  |TAMS 0x0000000095200000| PB 0x0000000095200000| Untracked 
| 338|0x0000000095200000, 0x0000000095300000, 0x0000000095300000|100%| O|  |TAMS 0x0000000095300000| PB 0x0000000095300000| Untracked 
| 339|0x0000000095300000, 0x0000000095400000, 0x0000000095400000|100%| O|  |TAMS 0x0000000095400000| PB 0x0000000095400000| Untracked 
| 340|0x0000000095400000, 0x0000000095500000, 0x0000000095500000|100%| O|  |TAMS 0x0000000095500000| PB 0x0000000095500000| Untracked 
| 341|0x0000000095500000, 0x0000000095600000, 0x0000000095600000|100%| O|  |TAMS 0x0000000095600000| PB 0x0000000095600000| Untracked 
| 342|0x0000000095600000, 0x0000000095700000, 0x0000000095700000|100%| O|  |TAMS 0x0000000095700000| PB 0x0000000095700000| Untracked 
| 343|0x0000000095700000, 0x0000000095800000, 0x0000000095800000|100%| O|  |TAMS 0x0000000095800000| PB 0x0000000095800000| Untracked 
| 344|0x0000000095800000, 0x0000000095900000, 0x0000000095900000|100%| O|  |TAMS 0x0000000095900000| PB 0x0000000095900000| Updating 
| 345|0x0000000095900000, 0x0000000095a00000, 0x0000000095a00000|100%| O|  |TAMS 0x0000000095a00000| PB 0x0000000095a00000| Updating 
| 346|0x0000000095a00000, 0x0000000095b00000, 0x0000000095b00000|100%| O|  |TAMS 0x0000000095b00000| PB 0x0000000095b00000| Untracked 
| 347|0x0000000095b00000, 0x0000000095c00000, 0x0000000095c00000|100%| O|  |TAMS 0x0000000095c00000| PB 0x0000000095c00000| Untracked 
| 348|0x0000000095c00000, 0x0000000095d00000, 0x0000000095d00000|100%| O|  |TAMS 0x0000000095d00000| PB 0x0000000095d00000| Updating 
| 349|0x0000000095d00000, 0x0000000095e00000, 0x0000000095e00000|100%| O|  |TAMS 0x0000000095e00000| PB 0x0000000095e00000| Untracked 
| 350|0x0000000095e00000, 0x0000000095f00000, 0x0000000095f00000|100%| O|  |TAMS 0x0000000095f00000| PB 0x0000000095f00000| Untracked 
| 351|0x0000000095f00000, 0x0000000096000000, 0x0000000096000000|100%| O|  |TAMS 0x0000000096000000| PB 0x0000000096000000| Untracked 
| 352|0x0000000096000000, 0x0000000096100000, 0x0000000096100000|100%| O|  |TAMS 0x0000000096100000| PB 0x0000000096100000| Untracked 
| 353|0x0000000096100000, 0x0000000096200000, 0x0000000096200000|100%| O|  |TAMS 0x0000000096200000| PB 0x0000000096200000| Updating 
| 354|0x0000000096200000, 0x0000000096300000, 0x0000000096300000|100%| O|  |TAMS 0x0000000096300000| PB 0x0000000096300000| Untracked 
| 355|0x0000000096300000, 0x0000000096400000, 0x0000000096400000|100%| O|  |TAMS 0x0000000096400000| PB 0x0000000096400000| Updating 
| 356|0x0000000096400000, 0x0000000096500000, 0x0000000096500000|100%| O|  |TAMS 0x0000000096500000| PB 0x0000000096500000| Updating 
| 357|0x0000000096500000, 0x0000000096600000, 0x0000000096600000|100%| O|  |TAMS 0x0000000096600000| PB 0x0000000096600000| Untracked 
| 358|0x0000000096600000, 0x0000000096700000, 0x0000000096700000|100%| O|  |TAMS 0x0000000096700000| PB 0x0000000096700000| Updating 
| 359|0x0000000096700000, 0x0000000096800000, 0x0000000096800000|100%| O|  |TAMS 0x0000000096800000| PB 0x0000000096800000| Untracked 
| 360|0x0000000096800000, 0x0000000096900000, 0x0000000096900000|100%| O|  |TAMS 0x0000000096900000| PB 0x0000000096900000| Updating 
| 361|0x0000000096900000, 0x0000000096a00000, 0x0000000096a00000|100%| O|  |TAMS 0x0000000096a00000| PB 0x0000000096a00000| Untracked 
| 362|0x0000000096a00000, 0x0000000096b00000, 0x0000000096b00000|100%| O|  |TAMS 0x0000000096b00000| PB 0x0000000096b00000| Updating 
| 363|0x0000000096b00000, 0x0000000096c00000, 0x0000000096c00000|100%| O|  |TAMS 0x0000000096c00000| PB 0x0000000096c00000| Untracked 
| 364|0x0000000096c00000, 0x0000000096d00000, 0x0000000096d00000|100%| O|  |TAMS 0x0000000096d00000| PB 0x0000000096d00000| Untracked 
| 365|0x0000000096d00000, 0x0000000096e00000, 0x0000000096e00000|100%| O|  |TAMS 0x0000000096e00000| PB 0x0000000096e00000| Untracked 
| 366|0x0000000096e00000, 0x0000000096f00000, 0x0000000096f00000|100%| O|  |TAMS 0x0000000096f00000| PB 0x0000000096f00000| Untracked 
| 367|0x0000000096f00000, 0x0000000097000000, 0x0000000097000000|100%| O|  |TAMS 0x0000000097000000| PB 0x0000000097000000| Untracked 
| 368|0x0000000097000000, 0x0000000097100000, 0x0000000097100000|100%| O|  |TAMS 0x0000000097100000| PB 0x0000000097100000| Untracked 
| 369|0x0000000097100000, 0x0000000097200000, 0x0000000097200000|100%| O|  |TAMS 0x0000000097200000| PB 0x0000000097200000| Untracked 
| 370|0x0000000097200000, 0x0000000097300000, 0x0000000097300000|100%| O|  |TAMS 0x0000000097300000| PB 0x0000000097300000| Untracked 
| 371|0x0000000097300000, 0x0000000097400000, 0x0000000097400000|100%| O|  |TAMS 0x0000000097400000| PB 0x0000000097400000| Untracked 
| 372|0x0000000097400000, 0x0000000097500000, 0x0000000097500000|100%| O|  |TAMS 0x0000000097500000| PB 0x0000000097500000| Untracked 
| 373|0x0000000097500000, 0x0000000097600000, 0x0000000097600000|100%| O|  |TAMS 0x0000000097600000| PB 0x0000000097600000| Untracked 
| 374|0x0000000097600000, 0x0000000097700000, 0x0000000097700000|100%| O|  |TAMS 0x0000000097700000| PB 0x0000000097700000| Untracked 
| 375|0x0000000097700000, 0x0000000097800000, 0x0000000097800000|100%| O|  |TAMS 0x0000000097800000| PB 0x0000000097800000| Untracked 
| 376|0x0000000097800000, 0x0000000097900000, 0x0000000097900000|100%| O|  |TAMS 0x0000000097900000| PB 0x0000000097900000| Untracked 
| 377|0x0000000097900000, 0x0000000097a00000, 0x0000000097a00000|100%| O|  |TAMS 0x0000000097a00000| PB 0x0000000097a00000| Updating 
| 378|0x0000000097a00000, 0x0000000097b00000, 0x0000000097b00000|100%| O|  |TAMS 0x0000000097b00000| PB 0x0000000097b00000| Updating 
| 379|0x0000000097b00000, 0x0000000097c00000, 0x0000000097c00000|100%| O|  |TAMS 0x0000000097c00000| PB 0x0000000097c00000| Untracked 
| 380|0x0000000097c00000, 0x0000000097d00000, 0x0000000097d00000|100%| O|  |TAMS 0x0000000097d00000| PB 0x0000000097d00000| Untracked 
| 381|0x0000000097d00000, 0x0000000097e00000, 0x0000000097e00000|100%| O|  |TAMS 0x0000000097e00000| PB 0x0000000097e00000| Untracked 
| 382|0x0000000097e00000, 0x0000000097f00000, 0x0000000097f00000|100%| O|  |TAMS 0x0000000097f00000| PB 0x0000000097f00000| Updating 
| 383|0x0000000097f00000, 0x0000000098000000, 0x0000000098000000|100%| O|  |TAMS 0x0000000098000000| PB 0x0000000098000000| Untracked 
| 384|0x0000000098000000, 0x0000000098100000, 0x0000000098100000|100%| O|  |TAMS 0x0000000098100000| PB 0x0000000098100000| Untracked 
| 385|0x0000000098100000, 0x0000000098200000, 0x0000000098200000|100%| O|  |TAMS 0x0000000098200000| PB 0x0000000098200000| Untracked 
| 386|0x0000000098200000, 0x0000000098300000, 0x0000000098300000|100%| O|  |TAMS 0x0000000098300000| PB 0x0000000098300000| Updating 
| 387|0x0000000098300000, 0x0000000098400000, 0x0000000098400000|100%| O|  |TAMS 0x0000000098400000| PB 0x0000000098400000| Updating 
| 388|0x0000000098400000, 0x0000000098500000, 0x0000000098500000|100%| O|  |TAMS 0x0000000098500000| PB 0x0000000098500000| Updating 
| 389|0x0000000098500000, 0x0000000098600000, 0x0000000098600000|100%| O|  |TAMS 0x0000000098600000| PB 0x0000000098600000| Updating 
| 390|0x0000000098600000, 0x0000000098700000, 0x0000000098700000|100%| O|  |TAMS 0x0000000098700000| PB 0x0000000098700000| Updating 
| 391|0x0000000098700000, 0x0000000098800000, 0x0000000098800000|100%| O|  |TAMS 0x0000000098800000| PB 0x0000000098800000| Untracked 
| 392|0x0000000098800000, 0x0000000098900000, 0x0000000098900000|100%| O|  |TAMS 0x0000000098900000| PB 0x0000000098900000| Untracked 
| 393|0x0000000098900000, 0x0000000098a00000, 0x0000000098a00000|100%| O|  |TAMS 0x0000000098a00000| PB 0x0000000098a00000| Updating 
| 394|0x0000000098a00000, 0x0000000098b00000, 0x0000000098b00000|100%| O|  |TAMS 0x0000000098b00000| PB 0x0000000098b00000| Updating 
| 395|0x0000000098b00000, 0x0000000098c00000, 0x0000000098c00000|100%| O|  |TAMS 0x0000000098c00000| PB 0x0000000098c00000| Updating 
| 396|0x0000000098c00000, 0x0000000098d00000, 0x0000000098d00000|100%| O|  |TAMS 0x0000000098d00000| PB 0x0000000098d00000| Updating 
| 397|0x0000000098d00000, 0x0000000098e00000, 0x0000000098e00000|100%| O|  |TAMS 0x0000000098e00000| PB 0x0000000098e00000| Updating 
| 398|0x0000000098e00000, 0x0000000098f00000, 0x0000000098f00000|100%| O|  |TAMS 0x0000000098f00000| PB 0x0000000098f00000| Updating 
| 399|0x0000000098f00000, 0x0000000099000000, 0x0000000099000000|100%| O|  |TAMS 0x0000000099000000| PB 0x0000000099000000| Updating 
| 400|0x0000000099000000, 0x0000000099100000, 0x0000000099100000|100%| O|  |TAMS 0x0000000099100000| PB 0x0000000099100000| Untracked 
| 401|0x0000000099100000, 0x0000000099200000, 0x0000000099200000|100%| O|  |TAMS 0x0000000099200000| PB 0x0000000099200000| Untracked 
| 402|0x0000000099200000, 0x0000000099300000, 0x0000000099300000|100%| O|  |TAMS 0x0000000099300000| PB 0x0000000099300000| Updating 
| 403|0x0000000099300000, 0x0000000099400000, 0x0000000099400000|100%| O|  |TAMS 0x0000000099400000| PB 0x0000000099400000| Updating 
| 404|0x0000000099400000, 0x0000000099500000, 0x0000000099500000|100%| O|  |TAMS 0x0000000099500000| PB 0x0000000099500000| Updating 
| 405|0x0000000099500000, 0x0000000099600000, 0x0000000099600000|100%| O|  |TAMS 0x0000000099600000| PB 0x0000000099600000| Untracked 
| 406|0x0000000099600000, 0x0000000099700000, 0x0000000099700000|100%| O|  |TAMS 0x0000000099700000| PB 0x0000000099700000| Untracked 
| 407|0x0000000099700000, 0x0000000099800000, 0x0000000099800000|100%| O|  |TAMS 0x0000000099800000| PB 0x0000000099800000| Updating 
| 408|0x0000000099800000, 0x0000000099900000, 0x0000000099900000|100%| O|  |TAMS 0x0000000099900000| PB 0x0000000099900000| Untracked 
| 409|0x0000000099900000, 0x0000000099a00000, 0x0000000099a00000|100%| O|  |TAMS 0x0000000099a00000| PB 0x0000000099a00000| Untracked 
| 410|0x0000000099a00000, 0x0000000099b00000, 0x0000000099b00000|100%| O|  |TAMS 0x0000000099b00000| PB 0x0000000099b00000| Updating 
| 411|0x0000000099b00000, 0x0000000099c00000, 0x0000000099c00000|100%| O|  |TAMS 0x0000000099c00000| PB 0x0000000099c00000| Untracked 
| 412|0x0000000099c00000, 0x0000000099d00000, 0x0000000099d00000|100%| O|  |TAMS 0x0000000099d00000| PB 0x0000000099d00000| Untracked 
| 413|0x0000000099d00000, 0x0000000099e00000, 0x0000000099e00000|100%| O|  |TAMS 0x0000000099e00000| PB 0x0000000099e00000| Untracked 
| 414|0x0000000099e00000, 0x0000000099f00000, 0x0000000099f00000|100%| O|  |TAMS 0x0000000099f00000| PB 0x0000000099f00000| Untracked 
| 415|0x0000000099f00000, 0x000000009a000000, 0x000000009a000000|100%| O|  |TAMS 0x000000009a000000| PB 0x000000009a000000| Untracked 
| 416|0x000000009a000000, 0x000000009a100000, 0x000000009a100000|100%| O|  |TAMS 0x000000009a100000| PB 0x000000009a100000| Untracked 
| 417|0x000000009a100000, 0x000000009a200000, 0x000000009a200000|100%| O|  |TAMS 0x000000009a200000| PB 0x000000009a200000| Untracked 
| 418|0x000000009a200000, 0x000000009a300000, 0x000000009a300000|100%| O|  |TAMS 0x000000009a300000| PB 0x000000009a300000| Updating 
| 419|0x000000009a300000, 0x000000009a400000, 0x000000009a400000|100%| O|  |TAMS 0x000000009a400000| PB 0x000000009a400000| Updating 
| 420|0x000000009a400000, 0x000000009a500000, 0x000000009a500000|100%| O|  |TAMS 0x000000009a500000| PB 0x000000009a500000| Updating 
| 421|0x000000009a500000, 0x000000009a600000, 0x000000009a600000|100%| O|  |TAMS 0x000000009a600000| PB 0x000000009a600000| Untracked 
| 422|0x000000009a600000, 0x000000009a700000, 0x000000009a700000|100%| O|  |TAMS 0x000000009a700000| PB 0x000000009a700000| Untracked 
| 423|0x000000009a700000, 0x000000009a800000, 0x000000009a800000|100%| O|  |TAMS 0x000000009a800000| PB 0x000000009a800000| Updating 
| 424|0x000000009a800000, 0x000000009a900000, 0x000000009a900000|100%| O|  |TAMS 0x000000009a900000| PB 0x000000009a900000| Untracked 
| 425|0x000000009a900000, 0x000000009aa00000, 0x000000009aa00000|100%| O|  |TAMS 0x000000009aa00000| PB 0x000000009aa00000| Updating 
| 426|0x000000009aa00000, 0x000000009ab00000, 0x000000009ab00000|100%| O|  |TAMS 0x000000009ab00000| PB 0x000000009ab00000| Updating 
| 427|0x000000009ab00000, 0x000000009ac00000, 0x000000009ac00000|100%| O|  |TAMS 0x000000009ac00000| PB 0x000000009ac00000| Untracked 
| 428|0x000000009ac00000, 0x000000009ad00000, 0x000000009ad00000|100%| O|  |TAMS 0x000000009ad00000| PB 0x000000009ad00000| Untracked 
| 429|0x000000009ad00000, 0x000000009ae00000, 0x000000009ae00000|100%| O|  |TAMS 0x000000009ae00000| PB 0x000000009ae00000| Updating 
| 430|0x000000009ae00000, 0x000000009af00000, 0x000000009af00000|100%| O|  |TAMS 0x000000009af00000| PB 0x000000009af00000| Untracked 
| 431|0x000000009af00000, 0x000000009b000000, 0x000000009b000000|100%| O|  |TAMS 0x000000009b000000| PB 0x000000009b000000| Untracked 
| 432|0x000000009b000000, 0x000000009b100000, 0x000000009b100000|100%| O|  |TAMS 0x000000009b100000| PB 0x000000009b100000| Untracked 
| 433|0x000000009b100000, 0x000000009b200000, 0x000000009b200000|100%| O|  |TAMS 0x000000009b200000| PB 0x000000009b200000| Untracked 
| 434|0x000000009b200000, 0x000000009b300000, 0x000000009b300000|100%| O|  |TAMS 0x000000009b300000| PB 0x000000009b300000| Untracked 
| 435|0x000000009b300000, 0x000000009b400000, 0x000000009b400000|100%| O|  |TAMS 0x000000009b400000| PB 0x000000009b400000| Untracked 
| 436|0x000000009b400000, 0x000000009b500000, 0x000000009b500000|100%| O|  |TAMS 0x000000009b500000| PB 0x000000009b500000| Untracked 
| 437|0x000000009b500000, 0x000000009b600000, 0x000000009b600000|100%| O|  |TAMS 0x000000009b600000| PB 0x000000009b600000| Untracked 
| 438|0x000000009b600000, 0x000000009b700000, 0x000000009b700000|100%| O|  |TAMS 0x000000009b700000| PB 0x000000009b700000| Untracked 
| 439|0x000000009b700000, 0x000000009b800000, 0x000000009b800000|100%| O|  |TAMS 0x000000009b800000| PB 0x000000009b800000| Untracked 
| 440|0x000000009b800000, 0x000000009b900000, 0x000000009b900000|100%| O|  |TAMS 0x000000009b900000| PB 0x000000009b900000| Untracked 
| 441|0x000000009b900000, 0x000000009ba00000, 0x000000009ba00000|100%| O|  |TAMS 0x000000009ba00000| PB 0x000000009ba00000| Untracked 
| 442|0x000000009ba00000, 0x000000009bb00000, 0x000000009bb00000|100%| O|  |TAMS 0x000000009bb00000| PB 0x000000009bb00000| Untracked 
| 443|0x000000009bb00000, 0x000000009bc00000, 0x000000009bc00000|100%| O|  |TAMS 0x000000009bc00000| PB 0x000000009bc00000| Untracked 
| 444|0x000000009bc00000, 0x000000009bd00000, 0x000000009bd00000|100%| O|  |TAMS 0x000000009bd00000| PB 0x000000009bd00000| Untracked 
| 445|0x000000009bd00000, 0x000000009be00000, 0x000000009be00000|100%| O|  |TAMS 0x000000009be00000| PB 0x000000009be00000| Untracked 
| 446|0x000000009be00000, 0x000000009bf00000, 0x000000009bf00000|100%| O|  |TAMS 0x000000009bf00000| PB 0x000000009bf00000| Updating 
| 447|0x000000009bf00000, 0x000000009c000000, 0x000000009c000000|100%| O|  |TAMS 0x000000009c000000| PB 0x000000009c000000| Untracked 
| 448|0x000000009c000000, 0x000000009c100000, 0x000000009c100000|100%| O|  |TAMS 0x000000009c100000| PB 0x000000009c100000| Untracked 
| 449|0x000000009c100000, 0x000000009c200000, 0x000000009c200000|100%| O|  |TAMS 0x000000009c200000| PB 0x000000009c200000| Untracked 
| 450|0x000000009c200000, 0x000000009c300000, 0x000000009c300000|100%| O|  |TAMS 0x000000009c300000| PB 0x000000009c300000| Untracked 
| 451|0x000000009c300000, 0x000000009c400000, 0x000000009c400000|100%| O|  |TAMS 0x000000009c400000| PB 0x000000009c400000| Untracked 
| 452|0x000000009c400000, 0x000000009c500000, 0x000000009c500000|100%| O|  |TAMS 0x000000009c500000| PB 0x000000009c500000| Untracked 
| 453|0x000000009c500000, 0x000000009c600000, 0x000000009c600000|100%| O|  |TAMS 0x000000009c600000| PB 0x000000009c600000| Untracked 
| 454|0x000000009c600000, 0x000000009c700000, 0x000000009c700000|100%| O|  |TAMS 0x000000009c700000| PB 0x000000009c700000| Untracked 
| 455|0x000000009c700000, 0x000000009c800000, 0x000000009c800000|100%| O|  |TAMS 0x000000009c800000| PB 0x000000009c800000| Untracked 
| 456|0x000000009c800000, 0x000000009c900000, 0x000000009c900000|100%| O|  |TAMS 0x000000009c900000| PB 0x000000009c900000| Untracked 
| 457|0x000000009c900000, 0x000000009ca00000, 0x000000009ca00000|100%| O|  |TAMS 0x000000009ca00000| PB 0x000000009ca00000| Untracked 
| 458|0x000000009ca00000, 0x000000009cb00000, 0x000000009cb00000|100%| O|  |TAMS 0x000000009cb00000| PB 0x000000009cb00000| Untracked 
| 459|0x000000009cb00000, 0x000000009cc00000, 0x000000009cc00000|100%| O|  |TAMS 0x000000009cc00000| PB 0x000000009cc00000| Untracked 
| 460|0x000000009cc00000, 0x000000009cd00000, 0x000000009cd00000|100%| O|  |TAMS 0x000000009cd00000| PB 0x000000009cd00000| Untracked 
| 461|0x000000009cd00000, 0x000000009ce00000, 0x000000009ce00000|100%| O|  |TAMS 0x000000009ce00000| PB 0x000000009ce00000| Untracked 
| 462|0x000000009ce00000, 0x000000009cf00000, 0x000000009cf00000|100%| O|  |TAMS 0x000000009cf00000| PB 0x000000009cf00000| Untracked 
| 463|0x000000009cf00000, 0x000000009d000000, 0x000000009d000000|100%| O|  |TAMS 0x000000009d000000| PB 0x000000009d000000| Untracked 
| 464|0x000000009d000000, 0x000000009d100000, 0x000000009d100000|100%| O|  |TAMS 0x000000009d100000| PB 0x000000009d100000| Untracked 
| 465|0x000000009d100000, 0x000000009d200000, 0x000000009d200000|100%| O|  |TAMS 0x000000009d200000| PB 0x000000009d200000| Untracked 
| 466|0x000000009d200000, 0x000000009d300000, 0x000000009d300000|100%| O|  |TAMS 0x000000009d300000| PB 0x000000009d300000| Untracked 
| 467|0x000000009d300000, 0x000000009d400000, 0x000000009d400000|100%| O|  |TAMS 0x000000009d400000| PB 0x000000009d400000| Untracked 
| 468|0x000000009d400000, 0x000000009d500000, 0x000000009d500000|100%| O|  |TAMS 0x000000009d500000| PB 0x000000009d500000| Untracked 
| 469|0x000000009d500000, 0x000000009d600000, 0x000000009d600000|100%| O|  |TAMS 0x000000009d600000| PB 0x000000009d600000| Untracked 
| 470|0x000000009d600000, 0x000000009d700000, 0x000000009d700000|100%| O|  |TAMS 0x000000009d700000| PB 0x000000009d700000| Untracked 
| 471|0x000000009d700000, 0x000000009d800000, 0x000000009d800000|100%| O|  |TAMS 0x000000009d800000| PB 0x000000009d800000| Untracked 
| 472|0x000000009d800000, 0x000000009d900000, 0x000000009d900000|100%| O|  |TAMS 0x000000009d900000| PB 0x000000009d900000| Untracked 
| 473|0x000000009d900000, 0x000000009da00000, 0x000000009da00000|100%| O|  |TAMS 0x000000009da00000| PB 0x000000009da00000| Untracked 
| 474|0x000000009da00000, 0x000000009db00000, 0x000000009db00000|100%| O|  |TAMS 0x000000009db00000| PB 0x000000009db00000| Untracked 
| 475|0x000000009db00000, 0x000000009dc00000, 0x000000009dc00000|100%| O|  |TAMS 0x000000009dc00000| PB 0x000000009dc00000| Untracked 
| 476|0x000000009dc00000, 0x000000009dd00000, 0x000000009dd00000|100%| O|  |TAMS 0x000000009dd00000| PB 0x000000009dd00000| Updating 
| 477|0x000000009dd00000, 0x000000009de00000, 0x000000009de00000|100%| O|  |TAMS 0x000000009de00000| PB 0x000000009de00000| Untracked 
| 478|0x000000009de00000, 0x000000009df00000, 0x000000009df00000|100%| O|  |TAMS 0x000000009df00000| PB 0x000000009df00000| Untracked 
| 479|0x000000009df00000, 0x000000009e000000, 0x000000009e000000|100%| O|  |TAMS 0x000000009e000000| PB 0x000000009e000000| Untracked 
| 480|0x000000009e000000, 0x000000009e100000, 0x000000009e100000|100%| O|  |TAMS 0x000000009e100000| PB 0x000000009e100000| Updating 
| 481|0x000000009e100000, 0x000000009e200000, 0x000000009e200000|100%| O|  |TAMS 0x000000009e200000| PB 0x000000009e200000| Updating 
| 482|0x000000009e200000, 0x000000009e300000, 0x000000009e300000|100%| O|  |TAMS 0x000000009e300000| PB 0x000000009e300000| Untracked 
| 483|0x000000009e300000, 0x000000009e400000, 0x000000009e400000|100%| O|  |TAMS 0x000000009e400000| PB 0x000000009e400000| Untracked 
| 484|0x000000009e400000, 0x000000009e500000, 0x000000009e500000|100%| O|  |TAMS 0x000000009e500000| PB 0x000000009e500000| Updating 
| 485|0x000000009e500000, 0x000000009e600000, 0x000000009e600000|100%| O|  |TAMS 0x000000009e600000| PB 0x000000009e600000| Untracked 
| 486|0x000000009e600000, 0x000000009e700000, 0x000000009e700000|100%| O|  |TAMS 0x000000009e700000| PB 0x000000009e700000| Untracked 
| 487|0x000000009e700000, 0x000000009e800000, 0x000000009e800000|100%| O|  |TAMS 0x000000009e800000| PB 0x000000009e800000| Untracked 
| 488|0x000000009e800000, 0x000000009e900000, 0x000000009e900000|100%| O|  |TAMS 0x000000009e900000| PB 0x000000009e900000| Untracked 
| 489|0x000000009e900000, 0x000000009ea00000, 0x000000009ea00000|100%| O|  |TAMS 0x000000009ea00000| PB 0x000000009ea00000| Untracked 
| 490|0x000000009ea00000, 0x000000009eb00000, 0x000000009eb00000|100%| O|  |TAMS 0x000000009eb00000| PB 0x000000009eb00000| Untracked 
| 491|0x000000009eb00000, 0x000000009ec00000, 0x000000009ec00000|100%| O|  |TAMS 0x000000009ec00000| PB 0x000000009ec00000| Untracked 
| 492|0x000000009ec00000, 0x000000009ed00000, 0x000000009ed00000|100%| O|  |TAMS 0x000000009ed00000| PB 0x000000009ed00000| Untracked 
| 493|0x000000009ed00000, 0x000000009ee00000, 0x000000009ee00000|100%| O|  |TAMS 0x000000009ee00000| PB 0x000000009ee00000| Untracked 
| 494|0x000000009ee00000, 0x000000009ef00000, 0x000000009ef00000|100%| O|  |TAMS 0x000000009ef00000| PB 0x000000009ef00000| Untracked 
| 495|0x000000009ef00000, 0x000000009f000000, 0x000000009f000000|100%| O|  |TAMS 0x000000009f000000| PB 0x000000009f000000| Untracked 
| 496|0x000000009f000000, 0x000000009f100000, 0x000000009f100000|100%| O|  |TAMS 0x000000009f100000| PB 0x000000009f100000| Untracked 
| 497|0x000000009f100000, 0x000000009f200000, 0x000000009f200000|100%| O|  |TAMS 0x000000009f200000| PB 0x000000009f200000| Untracked 
| 498|0x000000009f200000, 0x000000009f300000, 0x000000009f300000|100%| O|  |TAMS 0x000000009f300000| PB 0x000000009f300000| Untracked 
| 499|0x000000009f300000, 0x000000009f400000, 0x000000009f400000|100%| O|  |TAMS 0x000000009f400000| PB 0x000000009f400000| Untracked 
| 500|0x000000009f400000, 0x000000009f500000, 0x000000009f500000|100%| O|  |TAMS 0x000000009f500000| PB 0x000000009f500000| Updating 
| 501|0x000000009f500000, 0x000000009f600000, 0x000000009f600000|100%| O|  |TAMS 0x000000009f600000| PB 0x000000009f600000| Untracked 
| 502|0x000000009f600000, 0x000000009f700000, 0x000000009f700000|100%| O|  |TAMS 0x000000009f700000| PB 0x000000009f700000| Untracked 
| 503|0x000000009f700000, 0x000000009f800000, 0x000000009f800000|100%| O|  |TAMS 0x000000009f800000| PB 0x000000009f800000| Untracked 
| 504|0x000000009f800000, 0x000000009f900000, 0x000000009f900000|100%| O|  |TAMS 0x000000009f900000| PB 0x000000009f900000| Untracked 
| 505|0x000000009f900000, 0x000000009fa00000, 0x000000009fa00000|100%| O|  |TAMS 0x000000009fa00000| PB 0x000000009fa00000| Untracked 
| 506|0x000000009fa00000, 0x000000009fb00000, 0x000000009fb00000|100%| O|  |TAMS 0x000000009fb00000| PB 0x000000009fb00000| Untracked 
| 507|0x000000009fb00000, 0x000000009fc00000, 0x000000009fc00000|100%| O|  |TAMS 0x000000009fc00000| PB 0x000000009fc00000| Untracked 
| 508|0x000000009fc00000, 0x000000009fd00000, 0x000000009fd00000|100%| O|  |TAMS 0x000000009fd00000| PB 0x000000009fd00000| Untracked 
| 509|0x000000009fd00000, 0x000000009fe00000, 0x000000009fe00000|100%| O|  |TAMS 0x000000009fe00000| PB 0x000000009fe00000| Untracked 
| 510|0x000000009fe00000, 0x000000009ff00000, 0x000000009ff00000|100%| O|  |TAMS 0x000000009ff00000| PB 0x000000009ff00000| Untracked 
| 511|0x000000009ff00000, 0x00000000a0000000, 0x00000000a0000000|100%| O|  |TAMS 0x00000000a0000000| PB 0x00000000a0000000| Untracked 
| 512|0x00000000a0000000, 0x00000000a0100000, 0x00000000a0100000|100%| O|  |TAMS 0x00000000a0100000| PB 0x00000000a0100000| Updating 
| 513|0x00000000a0100000, 0x00000000a0200000, 0x00000000a0200000|100%| O|  |TAMS 0x00000000a0200000| PB 0x00000000a0200000| Untracked 
| 514|0x00000000a0200000, 0x00000000a0300000, 0x00000000a0300000|100%| O|  |TAMS 0x00000000a0300000| PB 0x00000000a0300000| Untracked 
| 515|0x00000000a0300000, 0x00000000a0400000, 0x00000000a0400000|100%| O|  |TAMS 0x00000000a0400000| PB 0x00000000a0400000| Updating 
| 516|0x00000000a0400000, 0x00000000a0500000, 0x00000000a0500000|100%| O|  |TAMS 0x00000000a0500000| PB 0x00000000a0500000| Untracked 
| 517|0x00000000a0500000, 0x00000000a0600000, 0x00000000a0600000|100%| O|  |TAMS 0x00000000a0600000| PB 0x00000000a0600000| Untracked 
| 518|0x00000000a0600000, 0x00000000a0700000, 0x00000000a0700000|100%| O|  |TAMS 0x00000000a0700000| PB 0x00000000a0700000| Untracked 
| 519|0x00000000a0700000, 0x00000000a0800000, 0x00000000a0800000|100%| O|  |TAMS 0x00000000a0800000| PB 0x00000000a0800000| Untracked 
| 520|0x00000000a0800000, 0x00000000a0900000, 0x00000000a0900000|100%| O|  |TAMS 0x00000000a0900000| PB 0x00000000a0900000| Untracked 
| 521|0x00000000a0900000, 0x00000000a0a00000, 0x00000000a0a00000|100%| O|  |TAMS 0x00000000a0a00000| PB 0x00000000a0a00000| Untracked 
| 522|0x00000000a0a00000, 0x00000000a0b00000, 0x00000000a0b00000|100%| O|  |TAMS 0x00000000a0b00000| PB 0x00000000a0b00000| Untracked 
| 523|0x00000000a0b00000, 0x00000000a0c00000, 0x00000000a0c00000|100%| O|  |TAMS 0x00000000a0c00000| PB 0x00000000a0c00000| Untracked 
| 524|0x00000000a0c00000, 0x00000000a0d00000, 0x00000000a0d00000|100%| O|  |TAMS 0x00000000a0d00000| PB 0x00000000a0d00000| Untracked 
| 525|0x00000000a0d00000, 0x00000000a0e00000, 0x00000000a0e00000|100%| O|  |TAMS 0x00000000a0e00000| PB 0x00000000a0e00000| Untracked 
| 526|0x00000000a0e00000, 0x00000000a0f00000, 0x00000000a0f00000|100%| O|  |TAMS 0x00000000a0f00000| PB 0x00000000a0f00000| Untracked 
| 527|0x00000000a0f00000, 0x00000000a1000000, 0x00000000a1000000|100%| O|  |TAMS 0x00000000a1000000| PB 0x00000000a1000000| Untracked 
| 528|0x00000000a1000000, 0x00000000a1100000, 0x00000000a1100000|100%| O|  |TAMS 0x00000000a1100000| PB 0x00000000a1100000| Untracked 
| 529|0x00000000a1100000, 0x00000000a1200000, 0x00000000a1200000|100%| O|  |TAMS 0x00000000a1200000| PB 0x00000000a1200000| Untracked 
| 530|0x00000000a1200000, 0x00000000a1300000, 0x00000000a1300000|100%| O|  |TAMS 0x00000000a1300000| PB 0x00000000a1300000| Untracked 
| 531|0x00000000a1300000, 0x00000000a1400000, 0x00000000a1400000|100%| O|  |TAMS 0x00000000a1400000| PB 0x00000000a1400000| Untracked 
| 532|0x00000000a1400000, 0x00000000a1500000, 0x00000000a1500000|100%| O|  |TAMS 0x00000000a1500000| PB 0x00000000a1500000| Untracked 
| 533|0x00000000a1500000, 0x00000000a1600000, 0x00000000a1600000|100%| O|  |TAMS 0x00000000a1600000| PB 0x00000000a1600000| Untracked 
| 534|0x00000000a1600000, 0x00000000a1700000, 0x00000000a1700000|100%| O|  |TAMS 0x00000000a1700000| PB 0x00000000a1700000| Untracked 
| 535|0x00000000a1700000, 0x00000000a1800000, 0x00000000a1800000|100%| O|  |TAMS 0x00000000a1800000| PB 0x00000000a1800000| Untracked 
| 536|0x00000000a1800000, 0x00000000a1900000, 0x00000000a1900000|100%| O|  |TAMS 0x00000000a1900000| PB 0x00000000a1900000| Untracked 
| 537|0x00000000a1900000, 0x00000000a1a00000, 0x00000000a1a00000|100%| O|  |TAMS 0x00000000a1a00000| PB 0x00000000a1a00000| Untracked 
| 538|0x00000000a1a00000, 0x00000000a1b00000, 0x00000000a1b00000|100%| O|  |TAMS 0x00000000a1b00000| PB 0x00000000a1b00000| Untracked 
| 539|0x00000000a1b00000, 0x00000000a1c00000, 0x00000000a1c00000|100%| O|  |TAMS 0x00000000a1c00000| PB 0x00000000a1c00000| Untracked 
| 540|0x00000000a1c00000, 0x00000000a1d00000, 0x00000000a1d00000|100%| O|  |TAMS 0x00000000a1d00000| PB 0x00000000a1d00000| Untracked 
| 541|0x00000000a1d00000, 0x00000000a1e00000, 0x00000000a1e00000|100%| O|  |TAMS 0x00000000a1e00000| PB 0x00000000a1e00000| Untracked 
| 542|0x00000000a1e00000, 0x00000000a1f00000, 0x00000000a1f00000|100%| O|  |TAMS 0x00000000a1f00000| PB 0x00000000a1f00000| Untracked 
| 543|0x00000000a1f00000, 0x00000000a2000000, 0x00000000a2000000|100%| O|  |TAMS 0x00000000a2000000| PB 0x00000000a2000000| Untracked 
| 544|0x00000000a2000000, 0x00000000a2100000, 0x00000000a2100000|100%| O|  |TAMS 0x00000000a2100000| PB 0x00000000a2100000| Untracked 
| 545|0x00000000a2100000, 0x00000000a2200000, 0x00000000a2200000|100%| O|  |TAMS 0x00000000a2200000| PB 0x00000000a2200000| Updating 
| 546|0x00000000a2200000, 0x00000000a2300000, 0x00000000a2300000|100%| O|  |TAMS 0x00000000a2200000| PB 0x00000000a2200000| Untracked 
| 547|0x00000000a2300000, 0x00000000a2400000, 0x00000000a2400000|100%| O|  |TAMS 0x00000000a2300000| PB 0x00000000a2300000| Untracked 
| 548|0x00000000a2400000, 0x00000000a2500000, 0x00000000a2500000|100%| O|  |TAMS 0x00000000a2400000| PB 0x00000000a2400000| Untracked 
| 549|0x00000000a2500000, 0x00000000a2600000, 0x00000000a2600000|100%| O|  |TAMS 0x00000000a2500000| PB 0x00000000a2500000| Untracked 
| 550|0x00000000a2600000, 0x00000000a2700000, 0x00000000a2700000|100%| O|  |TAMS 0x00000000a2700000| PB 0x00000000a2700000| Untracked 
| 551|0x00000000a2700000, 0x00000000a2800000, 0x00000000a2800000|100%| O|  |TAMS 0x00000000a2800000| PB 0x00000000a2800000| Untracked 
| 552|0x00000000a2800000, 0x00000000a2900000, 0x00000000a2900000|100%| O|  |TAMS 0x00000000a2900000| PB 0x00000000a2900000| Untracked 
| 553|0x00000000a2900000, 0x00000000a2a00000, 0x00000000a2a00000|100%| O|  |TAMS 0x00000000a2a00000| PB 0x00000000a2a00000| Untracked 
| 554|0x00000000a2a00000, 0x00000000a2b00000, 0x00000000a2b00000|100%| O|  |TAMS 0x00000000a2b00000| PB 0x00000000a2b00000| Untracked 
| 555|0x00000000a2b00000, 0x00000000a2c00000, 0x00000000a2c00000|100%| O|  |TAMS 0x00000000a2c00000| PB 0x00000000a2c00000| Untracked 
| 556|0x00000000a2c00000, 0x00000000a2d00000, 0x00000000a2d00000|100%| O|  |TAMS 0x00000000a2d00000| PB 0x00000000a2d00000| Untracked 
| 557|0x00000000a2d00000, 0x00000000a2e00000, 0x00000000a2e00000|100%| O|  |TAMS 0x00000000a2e00000| PB 0x00000000a2e00000| Untracked 
| 558|0x00000000a2e00000, 0x00000000a2f00000, 0x00000000a2f00000|100%| O|  |TAMS 0x00000000a2f00000| PB 0x00000000a2f00000| Untracked 
| 559|0x00000000a2f00000, 0x00000000a3000000, 0x00000000a3000000|100%| O|  |TAMS 0x00000000a3000000| PB 0x00000000a3000000| Untracked 
| 560|0x00000000a3000000, 0x00000000a3100000, 0x00000000a3100000|100%| O|  |TAMS 0x00000000a3100000| PB 0x00000000a3100000| Untracked 
| 561|0x00000000a3100000, 0x00000000a3200000, 0x00000000a3200000|100%| O|  |TAMS 0x00000000a3200000| PB 0x00000000a3200000| Untracked 
| 562|0x00000000a3200000, 0x00000000a3300000, 0x00000000a3300000|100%| O|  |TAMS 0x00000000a3300000| PB 0x00000000a3300000| Untracked 
| 563|0x00000000a3300000, 0x00000000a3400000, 0x00000000a3400000|100%| O|  |TAMS 0x00000000a3400000| PB 0x00000000a3400000| Untracked 
| 564|0x00000000a3400000, 0x00000000a3500000, 0x00000000a3500000|100%| O|  |TAMS 0x00000000a3500000| PB 0x00000000a3500000| Untracked 
| 565|0x00000000a3500000, 0x00000000a3600000, 0x00000000a3600000|100%| O|  |TAMS 0x00000000a3600000| PB 0x00000000a3600000| Untracked 
| 566|0x00000000a3600000, 0x00000000a3700000, 0x00000000a3700000|100%| O|  |TAMS 0x00000000a3700000| PB 0x00000000a3700000| Untracked 
| 567|0x00000000a3700000, 0x00000000a3800000, 0x00000000a3800000|100%| O|  |TAMS 0x00000000a3800000| PB 0x00000000a3800000| Untracked 
| 568|0x00000000a3800000, 0x00000000a3900000, 0x00000000a3900000|100%| O|  |TAMS 0x00000000a3900000| PB 0x00000000a3900000| Untracked 
| 569|0x00000000a3900000, 0x00000000a3a00000, 0x00000000a3a00000|100%| O|  |TAMS 0x00000000a3a00000| PB 0x00000000a3a00000| Untracked 
| 570|0x00000000a3a00000, 0x00000000a3b00000, 0x00000000a3b00000|100%| O|  |TAMS 0x00000000a3b00000| PB 0x00000000a3b00000| Untracked 
| 571|0x00000000a3b00000, 0x00000000a3c00000, 0x00000000a3c00000|100%| O|  |TAMS 0x00000000a3c00000| PB 0x00000000a3c00000| Untracked 
| 572|0x00000000a3c00000, 0x00000000a3d00000, 0x00000000a3d00000|100%| O|  |TAMS 0x00000000a3d00000| PB 0x00000000a3d00000| Untracked 
| 573|0x00000000a3d00000, 0x00000000a3e00000, 0x00000000a3e00000|100%| O|  |TAMS 0x00000000a3e00000| PB 0x00000000a3e00000| Untracked 
| 574|0x00000000a3e00000, 0x00000000a3f00000, 0x00000000a3f00000|100%| O|  |TAMS 0x00000000a3f00000| PB 0x00000000a3f00000| Untracked 
| 575|0x00000000a3f00000, 0x00000000a4000000, 0x00000000a4000000|100%| O|  |TAMS 0x00000000a4000000| PB 0x00000000a4000000| Untracked 
| 576|0x00000000a4000000, 0x00000000a4100000, 0x00000000a4100000|100%| O|  |TAMS 0x00000000a4100000| PB 0x00000000a4100000| Untracked 
| 577|0x00000000a4100000, 0x00000000a4200000, 0x00000000a4200000|100%| O|  |TAMS 0x00000000a4200000| PB 0x00000000a4200000| Untracked 
| 578|0x00000000a4200000, 0x00000000a4300000, 0x00000000a4300000|100%| O|  |TAMS 0x00000000a4300000| PB 0x00000000a4300000| Untracked 
| 579|0x00000000a4300000, 0x00000000a4400000, 0x00000000a4400000|100%| O|  |TAMS 0x00000000a4400000| PB 0x00000000a4400000| Untracked 
| 580|0x00000000a4400000, 0x00000000a4500000, 0x00000000a4500000|100%| O|  |TAMS 0x00000000a4500000| PB 0x00000000a4500000| Untracked 
| 581|0x00000000a4500000, 0x00000000a4600000, 0x00000000a4600000|100%| O|  |TAMS 0x00000000a4600000| PB 0x00000000a4600000| Untracked 
| 582|0x00000000a4600000, 0x00000000a4700000, 0x00000000a4700000|100%| O|  |TAMS 0x00000000a4700000| PB 0x00000000a4700000| Untracked 
| 583|0x00000000a4700000, 0x00000000a4800000, 0x00000000a4800000|100%| O|  |TAMS 0x00000000a4800000| PB 0x00000000a4800000| Untracked 
| 584|0x00000000a4800000, 0x00000000a4900000, 0x00000000a4900000|100%| O|  |TAMS 0x00000000a4900000| PB 0x00000000a4900000| Untracked 
| 585|0x00000000a4900000, 0x00000000a4a00000, 0x00000000a4a00000|100%| O|  |TAMS 0x00000000a4a00000| PB 0x00000000a4a00000| Untracked 
| 586|0x00000000a4a00000, 0x00000000a4b00000, 0x00000000a4b00000|100%| O|  |TAMS 0x00000000a4b00000| PB 0x00000000a4b00000| Untracked 
| 587|0x00000000a4b00000, 0x00000000a4c00000, 0x00000000a4c00000|100%| O|  |TAMS 0x00000000a4c00000| PB 0x00000000a4c00000| Untracked 
| 588|0x00000000a4c00000, 0x00000000a4d00000, 0x00000000a4d00000|100%| O|  |TAMS 0x00000000a4d00000| PB 0x00000000a4d00000| Untracked 
| 589|0x00000000a4d00000, 0x00000000a4e00000, 0x00000000a4e00000|100%| O|  |TAMS 0x00000000a4e00000| PB 0x00000000a4e00000| Untracked 
| 590|0x00000000a4e00000, 0x00000000a4f00000, 0x00000000a4f00000|100%| O|  |TAMS 0x00000000a4f00000| PB 0x00000000a4f00000| Untracked 
| 591|0x00000000a4f00000, 0x00000000a5000000, 0x00000000a5000000|100%| O|  |TAMS 0x00000000a5000000| PB 0x00000000a5000000| Untracked 
| 592|0x00000000a5000000, 0x00000000a5100000, 0x00000000a5100000|100%| O|  |TAMS 0x00000000a5100000| PB 0x00000000a5100000| Untracked 
| 593|0x00000000a5100000, 0x00000000a5200000, 0x00000000a5200000|100%| O|  |TAMS 0x00000000a5200000| PB 0x00000000a5200000| Untracked 
| 594|0x00000000a5200000, 0x00000000a5300000, 0x00000000a5300000|100%| O|  |TAMS 0x00000000a5300000| PB 0x00000000a5300000| Untracked 
| 595|0x00000000a5300000, 0x00000000a5400000, 0x00000000a5400000|100%| O|  |TAMS 0x00000000a5400000| PB 0x00000000a5400000| Untracked 
| 596|0x00000000a5400000, 0x00000000a5500000, 0x00000000a5500000|100%| O|  |TAMS 0x00000000a5500000| PB 0x00000000a5500000| Untracked 
| 597|0x00000000a5500000, 0x00000000a5600000, 0x00000000a5600000|100%| O|  |TAMS 0x00000000a5600000| PB 0x00000000a5600000| Untracked 
| 598|0x00000000a5600000, 0x00000000a5700000, 0x00000000a5700000|100%| O|  |TAMS 0x00000000a5700000| PB 0x00000000a5700000| Untracked 
| 599|0x00000000a5700000, 0x00000000a5800000, 0x00000000a5800000|100%| O|  |TAMS 0x00000000a5800000| PB 0x00000000a5800000| Untracked 
| 600|0x00000000a5800000, 0x00000000a5900000, 0x00000000a5900000|100%| O|  |TAMS 0x00000000a5900000| PB 0x00000000a5900000| Updating 
| 601|0x00000000a5900000, 0x00000000a5a00000, 0x00000000a5a00000|100%| O|  |TAMS 0x00000000a5900000| PB 0x00000000a5900000| Untracked 
| 602|0x00000000a5a00000, 0x00000000a5b00000, 0x00000000a5b00000|100%| O|  |TAMS 0x00000000a5a00000| PB 0x00000000a5a00000| Untracked 
| 603|0x00000000a5b00000, 0x00000000a5c00000, 0x00000000a5c00000|100%| O|  |TAMS 0x00000000a5b00000| PB 0x00000000a5b00000| Untracked 
| 604|0x00000000a5c00000, 0x00000000a5d00000, 0x00000000a5d00000|100%| O|  |TAMS 0x00000000a5c00000| PB 0x00000000a5c00000| Untracked 
| 605|0x00000000a5d00000, 0x00000000a5e00000, 0x00000000a5e00000|100%| O|  |TAMS 0x00000000a5e00000| PB 0x00000000a5e00000| Untracked 
| 606|0x00000000a5e00000, 0x00000000a5f00000, 0x00000000a5f00000|100%| O|  |TAMS 0x00000000a5f00000| PB 0x00000000a5f00000| Untracked 
| 607|0x00000000a5f00000, 0x00000000a6000000, 0x00000000a6000000|100%| O|  |TAMS 0x00000000a6000000| PB 0x00000000a6000000| Untracked 
| 608|0x00000000a6000000, 0x00000000a6100000, 0x00000000a6100000|100%| O|  |TAMS 0x00000000a6100000| PB 0x00000000a6100000| Untracked 
| 609|0x00000000a6100000, 0x00000000a6200000, 0x00000000a6200000|100%| O|  |TAMS 0x00000000a6200000| PB 0x00000000a6200000| Untracked 
| 610|0x00000000a6200000, 0x00000000a6300000, 0x00000000a6300000|100%| O|  |TAMS 0x00000000a6300000| PB 0x00000000a6300000| Untracked 
| 611|0x00000000a6300000, 0x00000000a6400000, 0x00000000a6400000|100%| O|  |TAMS 0x00000000a6400000| PB 0x00000000a6400000| Untracked 
| 612|0x00000000a6400000, 0x00000000a6500000, 0x00000000a6500000|100%| O|  |TAMS 0x00000000a6500000| PB 0x00000000a6500000| Untracked 
| 613|0x00000000a6500000, 0x00000000a6600000, 0x00000000a6600000|100%| O|  |TAMS 0x00000000a6600000| PB 0x00000000a6600000| Untracked 
| 614|0x00000000a6600000, 0x00000000a6700000, 0x00000000a6700000|100%| O|  |TAMS 0x00000000a6700000| PB 0x00000000a6700000| Untracked 
| 615|0x00000000a6700000, 0x00000000a6800000, 0x00000000a6800000|100%| O|  |TAMS 0x00000000a6800000| PB 0x00000000a6800000| Untracked 
| 616|0x00000000a6800000, 0x00000000a6900000, 0x00000000a6900000|100%| O|  |TAMS 0x00000000a6900000| PB 0x00000000a6900000| Untracked 
| 617|0x00000000a6900000, 0x00000000a6a00000, 0x00000000a6a00000|100%| O|  |TAMS 0x00000000a6a00000| PB 0x00000000a6a00000| Untracked 
| 618|0x00000000a6a00000, 0x00000000a6b00000, 0x00000000a6b00000|100%| O|  |TAMS 0x00000000a6b00000| PB 0x00000000a6b00000| Untracked 
| 619|0x00000000a6b00000, 0x00000000a6c00000, 0x00000000a6c00000|100%| O|  |TAMS 0x00000000a6c00000| PB 0x00000000a6c00000| Untracked 
| 620|0x00000000a6c00000, 0x00000000a6d00000, 0x00000000a6d00000|100%| O|  |TAMS 0x00000000a6d00000| PB 0x00000000a6d00000| Untracked 
| 621|0x00000000a6d00000, 0x00000000a6e00000, 0x00000000a6e00000|100%| O|  |TAMS 0x00000000a6e00000| PB 0x00000000a6e00000| Untracked 
| 622|0x00000000a6e00000, 0x00000000a6f00000, 0x00000000a6f00000|100%| O|  |TAMS 0x00000000a6f00000| PB 0x00000000a6f00000| Untracked 
| 623|0x00000000a6f00000, 0x00000000a7000000, 0x00000000a7000000|100%| O|  |TAMS 0x00000000a7000000| PB 0x00000000a7000000| Untracked 
| 624|0x00000000a7000000, 0x00000000a7100000, 0x00000000a7100000|100%| O|  |TAMS 0x00000000a7100000| PB 0x00000000a7100000| Untracked 
| 625|0x00000000a7100000, 0x00000000a7200000, 0x00000000a7200000|100%| O|  |TAMS 0x00000000a7200000| PB 0x00000000a7200000| Untracked 
| 626|0x00000000a7200000, 0x00000000a7300000, 0x00000000a7300000|100%| O|  |TAMS 0x00000000a7300000| PB 0x00000000a7300000| Untracked 
| 627|0x00000000a7300000, 0x00000000a7400000, 0x00000000a7400000|100%| O|  |TAMS 0x00000000a7400000| PB 0x00000000a7400000| Untracked 
| 628|0x00000000a7400000, 0x00000000a7500000, 0x00000000a7500000|100%| O|  |TAMS 0x00000000a7500000| PB 0x00000000a7500000| Untracked 
| 629|0x00000000a7500000, 0x00000000a7600000, 0x00000000a7600000|100%| O|  |TAMS 0x00000000a7600000| PB 0x00000000a7600000| Untracked 
| 630|0x00000000a7600000, 0x00000000a7700000, 0x00000000a7700000|100%| O|  |TAMS 0x00000000a7700000| PB 0x00000000a7700000| Untracked 
| 631|0x00000000a7700000, 0x00000000a7800000, 0x00000000a7800000|100%| O|  |TAMS 0x00000000a7800000| PB 0x00000000a7800000| Untracked 
| 632|0x00000000a7800000, 0x00000000a7900000, 0x00000000a7900000|100%| O|  |TAMS 0x00000000a7900000| PB 0x00000000a7900000| Untracked 
| 633|0x00000000a7900000, 0x00000000a7a00000, 0x00000000a7a00000|100%| O|  |TAMS 0x00000000a7a00000| PB 0x00000000a7a00000| Untracked 
| 634|0x00000000a7a00000, 0x00000000a7b00000, 0x00000000a7b00000|100%| O|  |TAMS 0x00000000a7b00000| PB 0x00000000a7b00000| Untracked 
| 635|0x00000000a7b00000, 0x00000000a7c00000, 0x00000000a7c00000|100%| O|  |TAMS 0x00000000a7c00000| PB 0x00000000a7c00000| Untracked 
| 636|0x00000000a7c00000, 0x00000000a7d00000, 0x00000000a7d00000|100%| O|  |TAMS 0x00000000a7d00000| PB 0x00000000a7d00000| Untracked 
| 637|0x00000000a7d00000, 0x00000000a7e00000, 0x00000000a7e00000|100%| O|  |TAMS 0x00000000a7e00000| PB 0x00000000a7e00000| Untracked 
| 638|0x00000000a7e00000, 0x00000000a7f00000, 0x00000000a7f00000|100%| O|  |TAMS 0x00000000a7f00000| PB 0x00000000a7f00000| Untracked 
| 639|0x00000000a7f00000, 0x00000000a8000000, 0x00000000a8000000|100%| O|  |TAMS 0x00000000a8000000| PB 0x00000000a8000000| Untracked 
| 640|0x00000000a8000000, 0x00000000a8100000, 0x00000000a8100000|100%| O|  |TAMS 0x00000000a8100000| PB 0x00000000a8100000| Untracked 
| 641|0x00000000a8100000, 0x00000000a8200000, 0x00000000a8200000|100%| O|  |TAMS 0x00000000a8200000| PB 0x00000000a8200000| Untracked 
| 642|0x00000000a8200000, 0x00000000a8300000, 0x00000000a8300000|100%| O|  |TAMS 0x00000000a8300000| PB 0x00000000a8300000| Untracked 
| 643|0x00000000a8300000, 0x00000000a8400000, 0x00000000a8400000|100%| O|  |TAMS 0x00000000a8400000| PB 0x00000000a8400000| Untracked 
| 644|0x00000000a8400000, 0x00000000a8500000, 0x00000000a8500000|100%| O|  |TAMS 0x00000000a8500000| PB 0x00000000a8500000| Updating 
| 645|0x00000000a8500000, 0x00000000a8600000, 0x00000000a8600000|100%| O|  |TAMS 0x00000000a8600000| PB 0x00000000a8600000| Untracked 
| 646|0x00000000a8600000, 0x00000000a8700000, 0x00000000a8700000|100%| O|  |TAMS 0x00000000a8700000| PB 0x00000000a8700000| Untracked 
| 647|0x00000000a8700000, 0x00000000a8800000, 0x00000000a8800000|100%| O|  |TAMS 0x00000000a8800000| PB 0x00000000a8800000| Untracked 
| 648|0x00000000a8800000, 0x00000000a8900000, 0x00000000a8900000|100%| O|  |TAMS 0x00000000a8900000| PB 0x00000000a8900000| Updating 
| 649|0x00000000a8900000, 0x00000000a8a00000, 0x00000000a8a00000|100%| O|  |TAMS 0x00000000a8900000| PB 0x00000000a8900000| Untracked 
| 650|0x00000000a8a00000, 0x00000000a8b00000, 0x00000000a8b00000|100%| O|  |TAMS 0x00000000a8b00000| PB 0x00000000a8b00000| Updating 
| 651|0x00000000a8b00000, 0x00000000a8c00000, 0x00000000a8c00000|100%| O|  |TAMS 0x00000000a8b00000| PB 0x00000000a8b00000| Untracked 
| 652|0x00000000a8c00000, 0x00000000a8d00000, 0x00000000a8d00000|100%| O|  |TAMS 0x00000000a8c00000| PB 0x00000000a8c00000| Untracked 
| 653|0x00000000a8d00000, 0x00000000a8e00000, 0x00000000a8e00000|100%| O|  |TAMS 0x00000000a8e00000| PB 0x00000000a8e00000| Untracked 
| 654|0x00000000a8e00000, 0x00000000a8f00000, 0x00000000a8f00000|100%| O|  |TAMS 0x00000000a8f00000| PB 0x00000000a8f00000| Untracked 
| 655|0x00000000a8f00000, 0x00000000a9000000, 0x00000000a9000000|100%| O|  |TAMS 0x00000000a9000000| PB 0x00000000a9000000| Updating 
| 656|0x00000000a9000000, 0x00000000a9100000, 0x00000000a9100000|100%| O|  |TAMS 0x00000000a9100000| PB 0x00000000a9100000| Untracked 
| 657|0x00000000a9100000, 0x00000000a9200000, 0x00000000a9200000|100%| O|  |TAMS 0x00000000a9200000| PB 0x00000000a9200000| Untracked 
| 658|0x00000000a9200000, 0x00000000a9300000, 0x00000000a9300000|100%| O|  |TAMS 0x00000000a9300000| PB 0x00000000a9300000| Untracked 
| 659|0x00000000a9300000, 0x00000000a9400000, 0x00000000a9400000|100%| O|  |TAMS 0x00000000a9400000| PB 0x00000000a9400000| Untracked 
| 660|0x00000000a9400000, 0x00000000a9500000, 0x00000000a9500000|100%| O|  |TAMS 0x00000000a9500000| PB 0x00000000a9500000| Untracked 
| 661|0x00000000a9500000, 0x00000000a9600000, 0x00000000a9600000|100%| O|  |TAMS 0x00000000a9600000| PB 0x00000000a9600000| Updating 
| 662|0x00000000a9600000, 0x00000000a9700000, 0x00000000a9700000|100%| O|  |TAMS 0x00000000a9700000| PB 0x00000000a9700000| Updating 
| 663|0x00000000a9700000, 0x00000000a9800000, 0x00000000a9800000|100%| O|  |TAMS 0x00000000a9800000| PB 0x00000000a9800000| Updating 
| 664|0x00000000a9800000, 0x00000000a9900000, 0x00000000a9900000|100%| O|  |TAMS 0x00000000a9900000| PB 0x00000000a9900000| Updating 
| 665|0x00000000a9900000, 0x00000000a9a00000, 0x00000000a9a00000|100%| O|  |TAMS 0x00000000a9a00000| PB 0x00000000a9a00000| Untracked 
| 666|0x00000000a9a00000, 0x00000000a9b00000, 0x00000000a9b00000|100%| O|  |TAMS 0x00000000a9b00000| PB 0x00000000a9b00000| Untracked 
| 667|0x00000000a9b00000, 0x00000000a9c00000, 0x00000000a9c00000|100%| O|  |TAMS 0x00000000a9c00000| PB 0x00000000a9c00000| Untracked 
| 668|0x00000000a9c00000, 0x00000000a9d00000, 0x00000000a9d00000|100%| O|  |TAMS 0x00000000a9d00000| PB 0x00000000a9d00000| Untracked 
| 669|0x00000000a9d00000, 0x00000000a9e00000, 0x00000000a9e00000|100%| O|  |TAMS 0x00000000a9e00000| PB 0x00000000a9e00000| Untracked 
| 670|0x00000000a9e00000, 0x00000000a9f00000, 0x00000000a9f00000|100%| O|  |TAMS 0x00000000a9f00000| PB 0x00000000a9f00000| Untracked 
| 671|0x00000000a9f00000, 0x00000000aa000000, 0x00000000aa000000|100%| O|  |TAMS 0x00000000aa000000| PB 0x00000000aa000000| Untracked 
| 672|0x00000000aa000000, 0x00000000aa100000, 0x00000000aa100000|100%| O|  |TAMS 0x00000000aa100000| PB 0x00000000aa100000| Untracked 
| 673|0x00000000aa100000, 0x00000000aa200000, 0x00000000aa200000|100%| O|  |TAMS 0x00000000aa200000| PB 0x00000000aa200000| Untracked 
| 674|0x00000000aa200000, 0x00000000aa300000, 0x00000000aa300000|100%| O|  |TAMS 0x00000000aa300000| PB 0x00000000aa300000| Untracked 
| 675|0x00000000aa300000, 0x00000000aa400000, 0x00000000aa400000|100%| O|  |TAMS 0x00000000aa400000| PB 0x00000000aa400000| Untracked 
| 676|0x00000000aa400000, 0x00000000aa500000, 0x00000000aa500000|100%| O|  |TAMS 0x00000000aa500000| PB 0x00000000aa500000| Untracked 
| 677|0x00000000aa500000, 0x00000000aa600000, 0x00000000aa600000|100%| O|  |TAMS 0x00000000aa600000| PB 0x00000000aa600000| Untracked 
| 678|0x00000000aa600000, 0x00000000aa700000, 0x00000000aa700000|100%| O|  |TAMS 0x00000000aa700000| PB 0x00000000aa700000| Untracked 
| 679|0x00000000aa700000, 0x00000000aa800000, 0x00000000aa800000|100%| O|  |TAMS 0x00000000aa800000| PB 0x00000000aa800000| Untracked 
| 680|0x00000000aa800000, 0x00000000aa900000, 0x00000000aa900000|100%| O|  |TAMS 0x00000000aa900000| PB 0x00000000aa900000| Untracked 
| 681|0x00000000aa900000, 0x00000000aaa00000, 0x00000000aaa00000|100%| O|  |TAMS 0x00000000aaa00000| PB 0x00000000aaa00000| Untracked 
| 682|0x00000000aaa00000, 0x00000000aab00000, 0x00000000aab00000|100%| O|  |TAMS 0x00000000aab00000| PB 0x00000000aab00000| Untracked 
| 683|0x00000000aab00000, 0x00000000aac00000, 0x00000000aac00000|100%| O|  |TAMS 0x00000000aac00000| PB 0x00000000aac00000| Untracked 
| 684|0x00000000aac00000, 0x00000000aad00000, 0x00000000aad00000|100%| O|  |TAMS 0x00000000aad00000| PB 0x00000000aad00000| Untracked 
| 685|0x00000000aad00000, 0x00000000aae00000, 0x00000000aae00000|100%| O|  |TAMS 0x00000000aae00000| PB 0x00000000aae00000| Untracked 
| 686|0x00000000aae00000, 0x00000000aaf00000, 0x00000000aaf00000|100%| O|  |TAMS 0x00000000aaf00000| PB 0x00000000aaf00000| Untracked 
| 687|0x00000000aaf00000, 0x00000000ab000000, 0x00000000ab000000|100%| O|  |TAMS 0x00000000ab000000| PB 0x00000000ab000000| Untracked 
| 688|0x00000000ab000000, 0x00000000ab100000, 0x00000000ab100000|100%| O|  |TAMS 0x00000000ab100000| PB 0x00000000ab100000| Untracked 
| 689|0x00000000ab100000, 0x00000000ab200000, 0x00000000ab200000|100%| O|  |TAMS 0x00000000ab200000| PB 0x00000000ab200000| Untracked 
| 690|0x00000000ab200000, 0x00000000ab300000, 0x00000000ab300000|100%| O|  |TAMS 0x00000000ab300000| PB 0x00000000ab300000| Untracked 
| 691|0x00000000ab300000, 0x00000000ab400000, 0x00000000ab400000|100%| O|  |TAMS 0x00000000ab400000| PB 0x00000000ab400000| Untracked 
| 692|0x00000000ab400000, 0x00000000ab500000, 0x00000000ab500000|100%| O|  |TAMS 0x00000000ab500000| PB 0x00000000ab500000| Untracked 
| 693|0x00000000ab500000, 0x00000000ab600000, 0x00000000ab600000|100%| O|  |TAMS 0x00000000ab600000| PB 0x00000000ab600000| Untracked 
| 694|0x00000000ab600000, 0x00000000ab700000, 0x00000000ab700000|100%| O|  |TAMS 0x00000000ab700000| PB 0x00000000ab700000| Untracked 
| 695|0x00000000ab700000, 0x00000000ab800000, 0x00000000ab800000|100%| O|  |TAMS 0x00000000ab800000| PB 0x00000000ab800000| Untracked 
| 696|0x00000000ab800000, 0x00000000ab900000, 0x00000000ab900000|100%| O|  |TAMS 0x00000000ab900000| PB 0x00000000ab900000| Untracked 
| 697|0x00000000ab900000, 0x00000000aba00000, 0x00000000aba00000|100%| O|  |TAMS 0x00000000aba00000| PB 0x00000000aba00000| Untracked 
| 698|0x00000000aba00000, 0x00000000abb00000, 0x00000000abb00000|100%| O|  |TAMS 0x00000000abb00000| PB 0x00000000abb00000| Untracked 
| 699|0x00000000abb00000, 0x00000000abc00000, 0x00000000abc00000|100%| O|  |TAMS 0x00000000abc00000| PB 0x00000000abc00000| Untracked 
| 700|0x00000000abc00000, 0x00000000abd00000, 0x00000000abd00000|100%| O|  |TAMS 0x00000000abd00000| PB 0x00000000abd00000| Untracked 
| 701|0x00000000abd00000, 0x00000000abe00000, 0x00000000abe00000|100%| O|  |TAMS 0x00000000abe00000| PB 0x00000000abe00000| Updating 
| 702|0x00000000abe00000, 0x00000000abf00000, 0x00000000abf00000|100%| O|  |TAMS 0x00000000abf00000| PB 0x00000000abf00000| Updating 
| 703|0x00000000abf00000, 0x00000000ac000000, 0x00000000ac000000|100%| O|  |TAMS 0x00000000ac000000| PB 0x00000000ac000000| Updating 
| 704|0x00000000ac000000, 0x00000000ac100000, 0x00000000ac100000|100%| O|  |TAMS 0x00000000ac100000| PB 0x00000000ac100000| Updating 
| 705|0x00000000ac100000, 0x00000000ac200000, 0x00000000ac200000|100%| O|  |TAMS 0x00000000ac200000| PB 0x00000000ac200000| Untracked 
| 706|0x00000000ac200000, 0x00000000ac300000, 0x00000000ac300000|100%| O|  |TAMS 0x00000000ac300000| PB 0x00000000ac300000| Updating 
| 707|0x00000000ac300000, 0x00000000ac400000, 0x00000000ac400000|100%| O|  |TAMS 0x00000000ac400000| PB 0x00000000ac400000| Untracked 
| 708|0x00000000ac400000, 0x00000000ac500000, 0x00000000ac500000|100%| O|  |TAMS 0x00000000ac500000| PB 0x00000000ac500000| Updating 
| 709|0x00000000ac500000, 0x00000000ac600000, 0x00000000ac600000|100%| O|  |TAMS 0x00000000ac600000| PB 0x00000000ac600000| Untracked 
| 710|0x00000000ac600000, 0x00000000ac700000, 0x00000000ac700000|100%| O|  |TAMS 0x00000000ac700000| PB 0x00000000ac700000| Updating 
| 711|0x00000000ac700000, 0x00000000ac800000, 0x00000000ac800000|100%| O|  |TAMS 0x00000000ac800000| PB 0x00000000ac800000| Untracked 
| 712|0x00000000ac800000, 0x00000000ac900000, 0x00000000ac900000|100%| O|  |TAMS 0x00000000ac900000| PB 0x00000000ac900000| Updating 
| 713|0x00000000ac900000, 0x00000000aca00000, 0x00000000aca00000|100%| O|  |TAMS 0x00000000aca00000| PB 0x00000000aca00000| Updating 
| 714|0x00000000aca00000, 0x00000000acb00000, 0x00000000acb00000|100%| O|  |TAMS 0x00000000acb00000| PB 0x00000000acb00000| Updating 
| 715|0x00000000acb00000, 0x00000000acc00000, 0x00000000acc00000|100%| O|  |TAMS 0x00000000acb00000| PB 0x00000000acb00000| Untracked 
| 716|0x00000000acc00000, 0x00000000acd00000, 0x00000000acd00000|100%| O|  |TAMS 0x00000000acc00000| PB 0x00000000acc00000| Untracked 
| 717|0x00000000acd00000, 0x00000000ace00000, 0x00000000ace00000|100%| O|  |TAMS 0x00000000acd00000| PB 0x00000000acd00000| Untracked 
| 718|0x00000000ace00000, 0x00000000acf00000, 0x00000000acf00000|100%| O|  |TAMS 0x00000000ace00000| PB 0x00000000ace00000| Untracked 
| 719|0x00000000acf00000, 0x00000000ad000000, 0x00000000ad000000|100%| O|  |TAMS 0x00000000acf00000| PB 0x00000000acf00000| Untracked 
| 720|0x00000000ad000000, 0x00000000ad100000, 0x00000000ad100000|100%| O|  |TAMS 0x00000000ad000000| PB 0x00000000ad000000| Untracked 
| 721|0x00000000ad100000, 0x00000000ad200000, 0x00000000ad200000|100%| O|  |TAMS 0x00000000ad100000| PB 0x00000000ad100000| Untracked 
| 722|0x00000000ad200000, 0x00000000ad300000, 0x00000000ad300000|100%| O|  |TAMS 0x00000000ad200000| PB 0x00000000ad200000| Untracked 
| 723|0x00000000ad300000, 0x00000000ad400000, 0x00000000ad400000|100%| O|  |TAMS 0x00000000ad300000| PB 0x00000000ad300000| Untracked 
| 724|0x00000000ad400000, 0x00000000ad500000, 0x00000000ad500000|100%| O|  |TAMS 0x00000000ad400000| PB 0x00000000ad400000| Untracked 
| 725|0x00000000ad500000, 0x00000000ad600000, 0x00000000ad600000|100%| O|  |TAMS 0x00000000ad500000| PB 0x00000000ad500000| Untracked 
| 726|0x00000000ad600000, 0x00000000ad700000, 0x00000000ad700000|100%| O|  |TAMS 0x00000000ad600000| PB 0x00000000ad600000| Untracked 
| 727|0x00000000ad700000, 0x00000000ad800000, 0x00000000ad800000|100%| O|  |TAMS 0x00000000ad700000| PB 0x00000000ad700000| Untracked 
| 728|0x00000000ad800000, 0x00000000ad900000, 0x00000000ad900000|100%| O|  |TAMS 0x00000000ad800000| PB 0x00000000ad800000| Untracked 
| 729|0x00000000ad900000, 0x00000000ada00000, 0x00000000ada00000|100%| O|  |TAMS 0x00000000ad900000| PB 0x00000000ad900000| Untracked 
| 730|0x00000000ada00000, 0x00000000adb00000, 0x00000000adb00000|100%| O|  |TAMS 0x00000000ada00000| PB 0x00000000ada00000| Untracked 
| 731|0x00000000adb00000, 0x00000000adc00000, 0x00000000adc00000|100%| O|  |TAMS 0x00000000adb00000| PB 0x00000000adb00000| Untracked 
| 732|0x00000000adc00000, 0x00000000add00000, 0x00000000add00000|100%| O|  |TAMS 0x00000000adc00000| PB 0x00000000adc00000| Untracked 
| 733|0x00000000add00000, 0x00000000ade00000, 0x00000000ade00000|100%| O|  |TAMS 0x00000000add00000| PB 0x00000000add00000| Untracked 
| 734|0x00000000ade00000, 0x00000000adf00000, 0x00000000adf00000|100%| O|  |TAMS 0x00000000ade00000| PB 0x00000000ade00000| Untracked 
| 735|0x00000000adf00000, 0x00000000adf00000, 0x00000000ae000000|  0%| F|  |TAMS 0x00000000adf00000| PB 0x00000000adf00000| Untracked 
| 736|0x00000000ae000000, 0x00000000ae000000, 0x00000000ae100000|  0%| F|  |TAMS 0x00000000ae000000| PB 0x00000000ae000000| Untracked 
| 737|0x00000000ae100000, 0x00000000ae100000, 0x00000000ae200000|  0%| F|  |TAMS 0x00000000ae100000| PB 0x00000000ae100000| Untracked 
| 738|0x00000000ae200000, 0x00000000ae200000, 0x00000000ae300000|  0%| F|  |TAMS 0x00000000ae200000| PB 0x00000000ae200000| Untracked 
| 739|0x00000000ae300000, 0x00000000ae300000, 0x00000000ae400000|  0%| F|  |TAMS 0x00000000ae300000| PB 0x00000000ae300000| Untracked 
| 740|0x00000000ae400000, 0x00000000ae400000, 0x00000000ae500000|  0%| F|  |TAMS 0x00000000ae400000| PB 0x00000000ae400000| Untracked 
| 741|0x00000000ae500000, 0x00000000ae500000, 0x00000000ae600000|  0%| F|  |TAMS 0x00000000ae500000| PB 0x00000000ae500000| Untracked 
| 742|0x00000000ae600000, 0x00000000ae600000, 0x00000000ae700000|  0%| F|  |TAMS 0x00000000ae600000| PB 0x00000000ae600000| Untracked 
| 743|0x00000000ae700000, 0x00000000ae700000, 0x00000000ae800000|  0%| F|  |TAMS 0x00000000ae700000| PB 0x00000000ae700000| Untracked 
| 744|0x00000000ae800000, 0x00000000ae800000, 0x00000000ae900000|  0%| F|  |TAMS 0x00000000ae800000| PB 0x00000000ae800000| Untracked 
| 745|0x00000000ae900000, 0x00000000ae900000, 0x00000000aea00000|  0%| F|  |TAMS 0x00000000ae900000| PB 0x00000000ae900000| Untracked 
| 746|0x00000000aea00000, 0x00000000aea00000, 0x00000000aeb00000|  0%| F|  |TAMS 0x00000000aea00000| PB 0x00000000aea00000| Untracked 
| 747|0x00000000aeb00000, 0x00000000aeb00000, 0x00000000aec00000|  0%| F|  |TAMS 0x00000000aeb00000| PB 0x00000000aeb00000| Untracked 
| 748|0x00000000aec00000, 0x00000000aec00000, 0x00000000aed00000|  0%| F|  |TAMS 0x00000000aec00000| PB 0x00000000aec00000| Untracked 
| 749|0x00000000aed00000, 0x00000000aed00000, 0x00000000aee00000|  0%| F|  |TAMS 0x00000000aed00000| PB 0x00000000aed00000| Untracked 
| 750|0x00000000aee00000, 0x00000000aee80000, 0x00000000aef00000| 50%| S|CS|TAMS 0x00000000aee00000| PB 0x00000000aee00000| Complete 
| 751|0x00000000aef00000, 0x00000000af000000, 0x00000000af000000|100%| S|CS|TAMS 0x00000000aef00000| PB 0x00000000aef00000| Complete 
| 752|0x00000000af000000, 0x00000000af100000, 0x00000000af100000|100%| S|CS|TAMS 0x00000000af000000| PB 0x00000000af000000| Complete 
| 753|0x00000000af100000, 0x00000000af100000, 0x00000000af200000|  0%| F|  |TAMS 0x00000000af100000| PB 0x00000000af100000| Untracked 
| 754|0x00000000af200000, 0x00000000af200000, 0x00000000af300000|  0%| F|  |TAMS 0x00000000af200000| PB 0x00000000af200000| Untracked 
| 755|0x00000000af300000, 0x00000000af300000, 0x00000000af400000|  0%| F|  |TAMS 0x00000000af300000| PB 0x00000000af300000| Untracked 
| 756|0x00000000af400000, 0x00000000af400000, 0x00000000af500000|  0%| F|  |TAMS 0x00000000af400000| PB 0x00000000af400000| Untracked 
| 757|0x00000000af500000, 0x00000000af500000, 0x00000000af600000|  0%| F|  |TAMS 0x00000000af500000| PB 0x00000000af500000| Untracked 
| 758|0x00000000af600000, 0x00000000af600000, 0x00000000af700000|  0%| F|  |TAMS 0x00000000af600000| PB 0x00000000af600000| Untracked 
| 759|0x00000000af700000, 0x00000000af700000, 0x00000000af800000|  0%| F|  |TAMS 0x00000000af700000| PB 0x00000000af700000| Untracked 
| 760|0x00000000af800000, 0x00000000af800000, 0x00000000af900000|  0%| F|  |TAMS 0x00000000af800000| PB 0x00000000af800000| Untracked 
| 761|0x00000000af900000, 0x00000000af900000, 0x00000000afa00000|  0%| F|  |TAMS 0x00000000af900000| PB 0x00000000af900000| Untracked 
| 762|0x00000000afa00000, 0x00000000afa00000, 0x00000000afb00000|  0%| F|  |TAMS 0x00000000afa00000| PB 0x00000000afa00000| Untracked 
| 763|0x00000000afb00000, 0x00000000afb00000, 0x00000000afc00000|  0%| F|  |TAMS 0x00000000afb00000| PB 0x00000000afb00000| Untracked 
| 764|0x00000000afc00000, 0x00000000afc00000, 0x00000000afd00000|  0%| F|  |TAMS 0x00000000afc00000| PB 0x00000000afc00000| Untracked 
| 765|0x00000000afd00000, 0x00000000afd00000, 0x00000000afe00000|  0%| F|  |TAMS 0x00000000afd00000| PB 0x00000000afd00000| Untracked 
| 766|0x00000000afe00000, 0x00000000afe00000, 0x00000000aff00000|  0%| F|  |TAMS 0x00000000afe00000| PB 0x00000000afe00000| Untracked 
| 767|0x00000000aff00000, 0x00000000aff00000, 0x00000000b0000000|  0%| F|  |TAMS 0x00000000aff00000| PB 0x00000000aff00000| Untracked 
| 768|0x00000000b0000000, 0x00000000b0000000, 0x00000000b0100000|  0%| F|  |TAMS 0x00000000b0000000| PB 0x00000000b0000000| Untracked 
| 769|0x00000000b0100000, 0x00000000b0100000, 0x00000000b0200000|  0%| F|  |TAMS 0x00000000b0100000| PB 0x00000000b0100000| Untracked 
| 770|0x00000000b0200000, 0x00000000b0200000, 0x00000000b0300000|  0%| F|  |TAMS 0x00000000b0200000| PB 0x00000000b0200000| Untracked 
| 771|0x00000000b0300000, 0x00000000b0300000, 0x00000000b0400000|  0%| F|  |TAMS 0x00000000b0300000| PB 0x00000000b0300000| Untracked 
| 772|0x00000000b0400000, 0x00000000b0400000, 0x00000000b0500000|  0%| F|  |TAMS 0x00000000b0400000| PB 0x00000000b0400000| Untracked 
| 773|0x00000000b0500000, 0x00000000b0600000, 0x00000000b0600000|100%| S|CS|TAMS 0x00000000b0500000| PB 0x00000000b0500000| Complete 
| 774|0x00000000b0600000, 0x00000000b0700000, 0x00000000b0700000|100%| S|CS|TAMS 0x00000000b0600000| PB 0x00000000b0600000| Complete 
| 775|0x00000000b0700000, 0x00000000b0800000, 0x00000000b0800000|100%| S|CS|TAMS 0x00000000b0700000| PB 0x00000000b0700000| Complete 
| 776|0x00000000b0800000, 0x00000000b0900000, 0x00000000b0900000|100%| S|CS|TAMS 0x00000000b0800000| PB 0x00000000b0800000| Complete 
| 777|0x00000000b0900000, 0x00000000b0a00000, 0x00000000b0a00000|100%| S|CS|TAMS 0x00000000b0900000| PB 0x00000000b0900000| Complete 
| 778|0x00000000b0a00000, 0x00000000b0b00000, 0x00000000b0b00000|100%| S|CS|TAMS 0x00000000b0a00000| PB 0x00000000b0a00000| Complete 
| 779|0x00000000b0b00000, 0x00000000b0c00000, 0x00000000b0c00000|100%| S|CS|TAMS 0x00000000b0b00000| PB 0x00000000b0b00000| Complete 
| 780|0x00000000b0c00000, 0x00000000b0d00000, 0x00000000b0d00000|100%| S|CS|TAMS 0x00000000b0c00000| PB 0x00000000b0c00000| Complete 
| 781|0x00000000b0d00000, 0x00000000b0e00000, 0x00000000b0e00000|100%| S|CS|TAMS 0x00000000b0d00000| PB 0x00000000b0d00000| Complete 
| 782|0x00000000b0e00000, 0x00000000b0f00000, 0x00000000b0f00000|100%| S|CS|TAMS 0x00000000b0e00000| PB 0x00000000b0e00000| Complete 
| 783|0x00000000b0f00000, 0x00000000b1000000, 0x00000000b1000000|100%| S|CS|TAMS 0x00000000b0f00000| PB 0x00000000b0f00000| Complete 
| 784|0x00000000b1000000, 0x00000000b1100000, 0x00000000b1100000|100%| S|CS|TAMS 0x00000000b1000000| PB 0x00000000b1000000| Complete 
| 785|0x00000000b1100000, 0x00000000b1200000, 0x00000000b1200000|100%| S|CS|TAMS 0x00000000b1100000| PB 0x00000000b1100000| Complete 
| 786|0x00000000b1200000, 0x00000000b1300000, 0x00000000b1300000|100%| S|CS|TAMS 0x00000000b1200000| PB 0x00000000b1200000| Complete 
| 787|0x00000000b1300000, 0x00000000b1400000, 0x00000000b1400000|100%| S|CS|TAMS 0x00000000b1300000| PB 0x00000000b1300000| Complete 
| 788|0x00000000b1400000, 0x00000000b1500000, 0x00000000b1500000|100%| S|CS|TAMS 0x00000000b1400000| PB 0x00000000b1400000| Complete 
| 789|0x00000000b1500000, 0x00000000b1600000, 0x00000000b1600000|100%| S|CS|TAMS 0x00000000b1500000| PB 0x00000000b1500000| Complete 
| 790|0x00000000b1600000, 0x00000000b1700000, 0x00000000b1700000|100%| S|CS|TAMS 0x00000000b1600000| PB 0x00000000b1600000| Complete 
| 791|0x00000000b1700000, 0x00000000b1800000, 0x00000000b1800000|100%| S|CS|TAMS 0x00000000b1700000| PB 0x00000000b1700000| Complete 
| 792|0x00000000b1800000, 0x00000000b1900000, 0x00000000b1900000|100%| S|CS|TAMS 0x00000000b1800000| PB 0x00000000b1800000| Complete 
| 793|0x00000000b1900000, 0x00000000b1a00000, 0x00000000b1a00000|100%| S|CS|TAMS 0x00000000b1900000| PB 0x00000000b1900000| Complete 
| 794|0x00000000b1a00000, 0x00000000b1b00000, 0x00000000b1b00000|100%| S|CS|TAMS 0x00000000b1a00000| PB 0x00000000b1a00000| Complete 
| 795|0x00000000b1b00000, 0x00000000b1c00000, 0x00000000b1c00000|100%| S|CS|TAMS 0x00000000b1b00000| PB 0x00000000b1b00000| Complete 
| 796|0x00000000b1c00000, 0x00000000b1d00000, 0x00000000b1d00000|100%| S|CS|TAMS 0x00000000b1c00000| PB 0x00000000b1c00000| Complete 
| 797|0x00000000b1d00000, 0x00000000b1e00000, 0x00000000b1e00000|100%| S|CS|TAMS 0x00000000b1d00000| PB 0x00000000b1d00000| Complete 
| 798|0x00000000b1e00000, 0x00000000b1f00000, 0x00000000b1f00000|100%| S|CS|TAMS 0x00000000b1e00000| PB 0x00000000b1e00000| Complete 
| 799|0x00000000b1f00000, 0x00000000b2000000, 0x00000000b2000000|100%| S|CS|TAMS 0x00000000b1f00000| PB 0x00000000b1f00000| Complete 
| 800|0x00000000b2000000, 0x00000000b2100000, 0x00000000b2100000|100%| S|CS|TAMS 0x00000000b2000000| PB 0x00000000b2000000| Complete 
| 801|0x00000000b2100000, 0x00000000b2200000, 0x00000000b2200000|100%| S|CS|TAMS 0x00000000b2100000| PB 0x00000000b2100000| Complete 
| 802|0x00000000b2200000, 0x00000000b2300000, 0x00000000b2300000|100%| S|CS|TAMS 0x00000000b2200000| PB 0x00000000b2200000| Complete 
| 803|0x00000000b2300000, 0x00000000b2400000, 0x00000000b2400000|100%| S|CS|TAMS 0x00000000b2300000| PB 0x00000000b2300000| Complete 
| 804|0x00000000b2400000, 0x00000000b2500000, 0x00000000b2500000|100%| S|CS|TAMS 0x00000000b2400000| PB 0x00000000b2400000| Complete 
| 805|0x00000000b2500000, 0x00000000b2600000, 0x00000000b2600000|100%| S|CS|TAMS 0x00000000b2500000| PB 0x00000000b2500000| Complete 
| 806|0x00000000b2600000, 0x00000000b2700000, 0x00000000b2700000|100%| S|CS|TAMS 0x00000000b2600000| PB 0x00000000b2600000| Complete 
| 807|0x00000000b2700000, 0x00000000b2800000, 0x00000000b2800000|100%| S|CS|TAMS 0x00000000b2700000| PB 0x00000000b2700000| Complete 
| 808|0x00000000b2800000, 0x00000000b2900000, 0x00000000b2900000|100%| S|CS|TAMS 0x00000000b2800000| PB 0x00000000b2800000| Complete 
| 809|0x00000000b2900000, 0x00000000b2900000, 0x00000000b2a00000|  0%| F|  |TAMS 0x00000000b2900000| PB 0x00000000b2900000| Untracked 
| 810|0x00000000b2a00000, 0x00000000b2a00000, 0x00000000b2b00000|  0%| F|  |TAMS 0x00000000b2a00000| PB 0x00000000b2a00000| Untracked 
| 811|0x00000000b2b00000, 0x00000000b2b00000, 0x00000000b2c00000|  0%| F|  |TAMS 0x00000000b2b00000| PB 0x00000000b2b00000| Untracked 
| 812|0x00000000b2c00000, 0x00000000b2c00000, 0x00000000b2d00000|  0%| F|  |TAMS 0x00000000b2c00000| PB 0x00000000b2c00000| Untracked 
| 813|0x00000000b2d00000, 0x00000000b2d00000, 0x00000000b2e00000|  0%| F|  |TAMS 0x00000000b2d00000| PB 0x00000000b2d00000| Untracked 
| 814|0x00000000b2e00000, 0x00000000b2e00000, 0x00000000b2f00000|  0%| F|  |TAMS 0x00000000b2e00000| PB 0x00000000b2e00000| Untracked 
| 815|0x00000000b2f00000, 0x00000000b2f00000, 0x00000000b3000000|  0%| F|  |TAMS 0x00000000b2f00000| PB 0x00000000b2f00000| Untracked 
| 816|0x00000000b3000000, 0x00000000b3000000, 0x00000000b3100000|  0%| F|  |TAMS 0x00000000b3000000| PB 0x00000000b3000000| Untracked 
| 817|0x00000000b3100000, 0x00000000b3100000, 0x00000000b3200000|  0%| F|  |TAMS 0x00000000b3100000| PB 0x00000000b3100000| Untracked 
| 818|0x00000000b3200000, 0x00000000b3200000, 0x00000000b3300000|  0%| F|  |TAMS 0x00000000b3200000| PB 0x00000000b3200000| Untracked 
| 819|0x00000000b3300000, 0x00000000b3300000, 0x00000000b3400000|  0%| F|  |TAMS 0x00000000b3300000| PB 0x00000000b3300000| Untracked 
| 820|0x00000000b3400000, 0x00000000b3400000, 0x00000000b3500000|  0%| F|  |TAMS 0x00000000b3400000| PB 0x00000000b3400000| Untracked 
| 821|0x00000000b3500000, 0x00000000b3500000, 0x00000000b3600000|  0%| F|  |TAMS 0x00000000b3500000| PB 0x00000000b3500000| Untracked 
| 822|0x00000000b3600000, 0x00000000b3600000, 0x00000000b3700000|  0%| F|  |TAMS 0x00000000b3600000| PB 0x00000000b3600000| Untracked 
| 823|0x00000000b3700000, 0x00000000b3700000, 0x00000000b3800000|  0%| F|  |TAMS 0x00000000b3700000| PB 0x00000000b3700000| Untracked 
| 824|0x00000000b3800000, 0x00000000b3800000, 0x00000000b3900000|  0%| F|  |TAMS 0x00000000b3800000| PB 0x00000000b3800000| Untracked 
| 825|0x00000000b3900000, 0x00000000b3900000, 0x00000000b3a00000|  0%| F|  |TAMS 0x00000000b3900000| PB 0x00000000b3900000| Untracked 
| 826|0x00000000b3a00000, 0x00000000b3a00000, 0x00000000b3b00000|  0%| F|  |TAMS 0x00000000b3a00000| PB 0x00000000b3a00000| Untracked 
| 827|0x00000000b3b00000, 0x00000000b3b00000, 0x00000000b3c00000|  0%| F|  |TAMS 0x00000000b3b00000| PB 0x00000000b3b00000| Untracked 
| 828|0x00000000b3c00000, 0x00000000b3d00000, 0x00000000b3d00000|100%| S|CS|TAMS 0x00000000b3c00000| PB 0x00000000b3c00000| Complete 
| 829|0x00000000b3d00000, 0x00000000b3e00000, 0x00000000b3e00000|100%| S|CS|TAMS 0x00000000b3d00000| PB 0x00000000b3d00000| Complete 
| 830|0x00000000b3e00000, 0x00000000b3f00000, 0x00000000b3f00000|100%| S|CS|TAMS 0x00000000b3e00000| PB 0x00000000b3e00000| Complete 
| 831|0x00000000b3f00000, 0x00000000b4000000, 0x00000000b4000000|100%| S|CS|TAMS 0x00000000b3f00000| PB 0x00000000b3f00000| Complete 
| 832|0x00000000b4000000, 0x00000000b4100000, 0x00000000b4100000|100%| S|CS|TAMS 0x00000000b4000000| PB 0x00000000b4000000| Complete 
| 833|0x00000000b4100000, 0x00000000b4200000, 0x00000000b4200000|100%| S|CS|TAMS 0x00000000b4100000| PB 0x00000000b4100000| Complete 
| 834|0x00000000b4200000, 0x00000000b4300000, 0x00000000b4300000|100%| S|CS|TAMS 0x00000000b4200000| PB 0x00000000b4200000| Complete 
| 835|0x00000000b4300000, 0x00000000b4400000, 0x00000000b4400000|100%| S|CS|TAMS 0x00000000b4300000| PB 0x00000000b4300000| Complete 
| 836|0x00000000b4400000, 0x00000000b4400000, 0x00000000b4500000|  0%| F|  |TAMS 0x00000000b4400000| PB 0x00000000b4400000| Untracked 
| 837|0x00000000b4500000, 0x00000000b4500000, 0x00000000b4600000|  0%| F|  |TAMS 0x00000000b4500000| PB 0x00000000b4500000| Untracked 
| 838|0x00000000b4600000, 0x00000000b4600000, 0x00000000b4700000|  0%| F|  |TAMS 0x00000000b4600000| PB 0x00000000b4600000| Untracked 
| 839|0x00000000b4700000, 0x00000000b4700000, 0x00000000b4800000|  0%| F|  |TAMS 0x00000000b4700000| PB 0x00000000b4700000| Untracked 
| 840|0x00000000b4800000, 0x00000000b4800000, 0x00000000b4900000|  0%| F|  |TAMS 0x00000000b4800000| PB 0x00000000b4800000| Untracked 
| 841|0x00000000b4900000, 0x00000000b4900000, 0x00000000b4a00000|  0%| F|  |TAMS 0x00000000b4900000| PB 0x00000000b4900000| Untracked 
| 842|0x00000000b4a00000, 0x00000000b4a00000, 0x00000000b4b00000|  0%| F|  |TAMS 0x00000000b4a00000| PB 0x00000000b4a00000| Untracked 
| 843|0x00000000b4b00000, 0x00000000b4b00000, 0x00000000b4c00000|  0%| F|  |TAMS 0x00000000b4b00000| PB 0x00000000b4b00000| Untracked 
| 844|0x00000000b4c00000, 0x00000000b4c00000, 0x00000000b4d00000|  0%| F|  |TAMS 0x00000000b4c00000| PB 0x00000000b4c00000| Untracked 
| 845|0x00000000b4d00000, 0x00000000b4d00000, 0x00000000b4e00000|  0%| F|  |TAMS 0x00000000b4d00000| PB 0x00000000b4d00000| Untracked 
| 846|0x00000000b4e00000, 0x00000000b4e00000, 0x00000000b4f00000|  0%| F|  |TAMS 0x00000000b4e00000| PB 0x00000000b4e00000| Untracked 
| 847|0x00000000b4f00000, 0x00000000b4f00000, 0x00000000b5000000|  0%| F|  |TAMS 0x00000000b4f00000| PB 0x00000000b4f00000| Untracked 
| 848|0x00000000b5000000, 0x00000000b5000000, 0x00000000b5100000|  0%| F|  |TAMS 0x00000000b5000000| PB 0x00000000b5000000| Untracked 
| 849|0x00000000b5100000, 0x00000000b5100000, 0x00000000b5200000|  0%| F|  |TAMS 0x00000000b5100000| PB 0x00000000b5100000| Untracked 
| 850|0x00000000b5200000, 0x00000000b5200000, 0x00000000b5300000|  0%| F|  |TAMS 0x00000000b5200000| PB 0x00000000b5200000| Untracked 
| 851|0x00000000b5300000, 0x00000000b5300000, 0x00000000b5400000|  0%| F|  |TAMS 0x00000000b5300000| PB 0x00000000b5300000| Untracked 
| 852|0x00000000b5400000, 0x00000000b5400000, 0x00000000b5500000|  0%| F|  |TAMS 0x00000000b5400000| PB 0x00000000b5400000| Untracked 
| 853|0x00000000b5500000, 0x00000000b5500000, 0x00000000b5600000|  0%| F|  |TAMS 0x00000000b5500000| PB 0x00000000b5500000| Untracked 
| 854|0x00000000b5600000, 0x00000000b5600000, 0x00000000b5700000|  0%| F|  |TAMS 0x00000000b5600000| PB 0x00000000b5600000| Untracked 
| 855|0x00000000b5700000, 0x00000000b5700000, 0x00000000b5800000|  0%| F|  |TAMS 0x00000000b5700000| PB 0x00000000b5700000| Untracked 
| 856|0x00000000b5800000, 0x00000000b5800000, 0x00000000b5900000|  0%| F|  |TAMS 0x00000000b5800000| PB 0x00000000b5800000| Untracked 
| 857|0x00000000b5900000, 0x00000000b5900000, 0x00000000b5a00000|  0%| F|  |TAMS 0x00000000b5900000| PB 0x00000000b5900000| Untracked 
| 858|0x00000000b5a00000, 0x00000000b5a00000, 0x00000000b5b00000|  0%| F|  |TAMS 0x00000000b5a00000| PB 0x00000000b5a00000| Untracked 
| 859|0x00000000b5b00000, 0x00000000b5b00000, 0x00000000b5c00000|  0%| F|  |TAMS 0x00000000b5b00000| PB 0x00000000b5b00000| Untracked 
| 860|0x00000000b5c00000, 0x00000000b5c00000, 0x00000000b5d00000|  0%| F|  |TAMS 0x00000000b5c00000| PB 0x00000000b5c00000| Untracked 
| 861|0x00000000b5d00000, 0x00000000b5d00000, 0x00000000b5e00000|  0%| F|  |TAMS 0x00000000b5d00000| PB 0x00000000b5d00000| Untracked 
| 862|0x00000000b5e00000, 0x00000000b5e00000, 0x00000000b5f00000|  0%| F|  |TAMS 0x00000000b5e00000| PB 0x00000000b5e00000| Untracked 
| 863|0x00000000b5f00000, 0x00000000b5f00000, 0x00000000b6000000|  0%| F|  |TAMS 0x00000000b5f00000| PB 0x00000000b5f00000| Untracked 
| 864|0x00000000b6000000, 0x00000000b6000000, 0x00000000b6100000|  0%| F|  |TAMS 0x00000000b6000000| PB 0x00000000b6000000| Untracked 
| 865|0x00000000b6100000, 0x00000000b6100000, 0x00000000b6200000|  0%| F|  |TAMS 0x00000000b6100000| PB 0x00000000b6100000| Untracked 
| 866|0x00000000b6200000, 0x00000000b6200000, 0x00000000b6300000|  0%| F|  |TAMS 0x00000000b6200000| PB 0x00000000b6200000| Untracked 
| 867|0x00000000b6300000, 0x00000000b6300000, 0x00000000b6400000|  0%| F|  |TAMS 0x00000000b6300000| PB 0x00000000b6300000| Untracked 
| 868|0x00000000b6400000, 0x00000000b6400000, 0x00000000b6500000|  0%| F|  |TAMS 0x00000000b6400000| PB 0x00000000b6400000| Untracked 
| 869|0x00000000b6500000, 0x00000000b6500000, 0x00000000b6600000|  0%| F|  |TAMS 0x00000000b6500000| PB 0x00000000b6500000| Untracked 
| 870|0x00000000b6600000, 0x00000000b6600000, 0x00000000b6700000|  0%| F|  |TAMS 0x00000000b6600000| PB 0x00000000b6600000| Untracked 
| 871|0x00000000b6700000, 0x00000000b6700000, 0x00000000b6800000|  0%| F|  |TAMS 0x00000000b6700000| PB 0x00000000b6700000| Untracked 
| 872|0x00000000b6800000, 0x00000000b6800000, 0x00000000b6900000|  0%| F|  |TAMS 0x00000000b6800000| PB 0x00000000b6800000| Untracked 
| 873|0x00000000b6900000, 0x00000000b6900000, 0x00000000b6a00000|  0%| F|  |TAMS 0x00000000b6900000| PB 0x00000000b6900000| Untracked 
| 874|0x00000000b6a00000, 0x00000000b6a00000, 0x00000000b6b00000|  0%| F|  |TAMS 0x00000000b6a00000| PB 0x00000000b6a00000| Untracked 
| 875|0x00000000b6b00000, 0x00000000b6b00000, 0x00000000b6c00000|  0%| F|  |TAMS 0x00000000b6b00000| PB 0x00000000b6b00000| Untracked 
| 876|0x00000000b6c00000, 0x00000000b6c00000, 0x00000000b6d00000|  0%| F|  |TAMS 0x00000000b6c00000| PB 0x00000000b6c00000| Untracked 
| 877|0x00000000b6d00000, 0x00000000b6d00000, 0x00000000b6e00000|  0%| F|  |TAMS 0x00000000b6d00000| PB 0x00000000b6d00000| Untracked 
| 878|0x00000000b6e00000, 0x00000000b6e00000, 0x00000000b6f00000|  0%| F|  |TAMS 0x00000000b6e00000| PB 0x00000000b6e00000| Untracked 
| 879|0x00000000b6f00000, 0x00000000b6f00000, 0x00000000b7000000|  0%| F|  |TAMS 0x00000000b6f00000| PB 0x00000000b6f00000| Untracked 
| 880|0x00000000b7000000, 0x00000000b7000000, 0x00000000b7100000|  0%| F|  |TAMS 0x00000000b7000000| PB 0x00000000b7000000| Untracked 
| 881|0x00000000b7100000, 0x00000000b7100000, 0x00000000b7200000|  0%| F|  |TAMS 0x00000000b7100000| PB 0x00000000b7100000| Untracked 
| 882|0x00000000b7200000, 0x00000000b7200000, 0x00000000b7300000|  0%| F|  |TAMS 0x00000000b7200000| PB 0x00000000b7200000| Untracked 
| 883|0x00000000b7300000, 0x00000000b7300000, 0x00000000b7400000|  0%| F|  |TAMS 0x00000000b7300000| PB 0x00000000b7300000| Untracked 
| 884|0x00000000b7400000, 0x00000000b7400000, 0x00000000b7500000|  0%| F|  |TAMS 0x00000000b7400000| PB 0x00000000b7400000| Untracked 
| 885|0x00000000b7500000, 0x00000000b7500000, 0x00000000b7600000|  0%| F|  |TAMS 0x00000000b7500000| PB 0x00000000b7500000| Untracked 
| 886|0x00000000b7600000, 0x00000000b7600000, 0x00000000b7700000|  0%| F|  |TAMS 0x00000000b7600000| PB 0x00000000b7600000| Untracked 
| 887|0x00000000b7700000, 0x00000000b7700000, 0x00000000b7800000|  0%| F|  |TAMS 0x00000000b7700000| PB 0x00000000b7700000| Untracked 
| 888|0x00000000b7800000, 0x00000000b7800000, 0x00000000b7900000|  0%| F|  |TAMS 0x00000000b7800000| PB 0x00000000b7800000| Untracked 
| 889|0x00000000b7900000, 0x00000000b7900000, 0x00000000b7a00000|  0%| F|  |TAMS 0x00000000b7900000| PB 0x00000000b7900000| Untracked 
| 890|0x00000000b7a00000, 0x00000000b7a00000, 0x00000000b7b00000|  0%| F|  |TAMS 0x00000000b7a00000| PB 0x00000000b7a00000| Untracked 
| 891|0x00000000b7b00000, 0x00000000b7b00000, 0x00000000b7c00000|  0%| F|  |TAMS 0x00000000b7b00000| PB 0x00000000b7b00000| Untracked 
| 892|0x00000000b7c00000, 0x00000000b7c00000, 0x00000000b7d00000|  0%| F|  |TAMS 0x00000000b7c00000| PB 0x00000000b7c00000| Untracked 
| 893|0x00000000b7d00000, 0x00000000b7d00000, 0x00000000b7e00000|  0%| F|  |TAMS 0x00000000b7d00000| PB 0x00000000b7d00000| Untracked 
| 894|0x00000000b7e00000, 0x00000000b7e00000, 0x00000000b7f00000|  0%| F|  |TAMS 0x00000000b7e00000| PB 0x00000000b7e00000| Untracked 
| 895|0x00000000b7f00000, 0x00000000b7f00000, 0x00000000b8000000|  0%| F|  |TAMS 0x00000000b7f00000| PB 0x00000000b7f00000| Untracked 
| 896|0x00000000b8000000, 0x00000000b8000000, 0x00000000b8100000|  0%| F|  |TAMS 0x00000000b8000000| PB 0x00000000b8000000| Untracked 
| 897|0x00000000b8100000, 0x00000000b8100000, 0x00000000b8200000|  0%| F|  |TAMS 0x00000000b8100000| PB 0x00000000b8100000| Untracked 
| 898|0x00000000b8200000, 0x00000000b8200000, 0x00000000b8300000|  0%| F|  |TAMS 0x00000000b8200000| PB 0x00000000b8200000| Untracked 
| 899|0x00000000b8300000, 0x00000000b8300000, 0x00000000b8400000|  0%| F|  |TAMS 0x00000000b8300000| PB 0x00000000b8300000| Untracked 
| 900|0x00000000b8400000, 0x00000000b8400000, 0x00000000b8500000|  0%| F|  |TAMS 0x00000000b8400000| PB 0x00000000b8400000| Untracked 
| 901|0x00000000b8500000, 0x00000000b8500000, 0x00000000b8600000|  0%| F|  |TAMS 0x00000000b8500000| PB 0x00000000b8500000| Untracked 
| 902|0x00000000b8600000, 0x00000000b8600000, 0x00000000b8700000|  0%| F|  |TAMS 0x00000000b8600000| PB 0x00000000b8600000| Untracked 
| 903|0x00000000b8700000, 0x00000000b8700000, 0x00000000b8800000|  0%| F|  |TAMS 0x00000000b8700000| PB 0x00000000b8700000| Untracked 
| 904|0x00000000b8800000, 0x00000000b8800000, 0x00000000b8900000|  0%| F|  |TAMS 0x00000000b8800000| PB 0x00000000b8800000| Untracked 
| 905|0x00000000b8900000, 0x00000000b8900000, 0x00000000b8a00000|  0%| F|  |TAMS 0x00000000b8900000| PB 0x00000000b8900000| Untracked 
| 906|0x00000000b8a00000, 0x00000000b8a00000, 0x00000000b8b00000|  0%| F|  |TAMS 0x00000000b8a00000| PB 0x00000000b8a00000| Untracked 
| 907|0x00000000b8b00000, 0x00000000b8b00000, 0x00000000b8c00000|  0%| F|  |TAMS 0x00000000b8b00000| PB 0x00000000b8b00000| Untracked 
| 908|0x00000000b8c00000, 0x00000000b8c00000, 0x00000000b8d00000|  0%| F|  |TAMS 0x00000000b8c00000| PB 0x00000000b8c00000| Untracked 
| 909|0x00000000b8d00000, 0x00000000b8d00000, 0x00000000b8e00000|  0%| F|  |TAMS 0x00000000b8d00000| PB 0x00000000b8d00000| Untracked 
| 910|0x00000000b8e00000, 0x00000000b8e00000, 0x00000000b8f00000|  0%| F|  |TAMS 0x00000000b8e00000| PB 0x00000000b8e00000| Untracked 
| 911|0x00000000b8f00000, 0x00000000b8f00000, 0x00000000b9000000|  0%| F|  |TAMS 0x00000000b8f00000| PB 0x00000000b8f00000| Untracked 
| 912|0x00000000b9000000, 0x00000000b9000000, 0x00000000b9100000|  0%| F|  |TAMS 0x00000000b9000000| PB 0x00000000b9000000| Untracked 
| 913|0x00000000b9100000, 0x00000000b9100000, 0x00000000b9200000|  0%| F|  |TAMS 0x00000000b9100000| PB 0x00000000b9100000| Untracked 
| 914|0x00000000b9200000, 0x00000000b9200000, 0x00000000b9300000|  0%| F|  |TAMS 0x00000000b9200000| PB 0x00000000b9200000| Untracked 
| 915|0x00000000b9300000, 0x00000000b9300000, 0x00000000b9400000|  0%| F|  |TAMS 0x00000000b9300000| PB 0x00000000b9300000| Untracked 
| 916|0x00000000b9400000, 0x00000000b9400000, 0x00000000b9500000|  0%| F|  |TAMS 0x00000000b9400000| PB 0x00000000b9400000| Untracked 
| 917|0x00000000b9500000, 0x00000000b9500000, 0x00000000b9600000|  0%| F|  |TAMS 0x00000000b9500000| PB 0x00000000b9500000| Untracked 
| 918|0x00000000b9600000, 0x00000000b9600000, 0x00000000b9700000|  0%| F|  |TAMS 0x00000000b9600000| PB 0x00000000b9600000| Untracked 
| 919|0x00000000b9700000, 0x00000000b9700000, 0x00000000b9800000|  0%| F|  |TAMS 0x00000000b9700000| PB 0x00000000b9700000| Untracked 
| 920|0x00000000b9800000, 0x00000000b9800000, 0x00000000b9900000|  0%| F|  |TAMS 0x00000000b9800000| PB 0x00000000b9800000| Untracked 
| 921|0x00000000b9900000, 0x00000000b9900000, 0x00000000b9a00000|  0%| F|  |TAMS 0x00000000b9900000| PB 0x00000000b9900000| Untracked 
| 922|0x00000000b9a00000, 0x00000000b9a00000, 0x00000000b9b00000|  0%| F|  |TAMS 0x00000000b9a00000| PB 0x00000000b9a00000| Untracked 
| 923|0x00000000b9b00000, 0x00000000b9b00000, 0x00000000b9c00000|  0%| F|  |TAMS 0x00000000b9b00000| PB 0x00000000b9b00000| Untracked 
| 924|0x00000000b9c00000, 0x00000000b9c00000, 0x00000000b9d00000|  0%| F|  |TAMS 0x00000000b9c00000| PB 0x00000000b9c00000| Untracked 
| 925|0x00000000b9d00000, 0x00000000b9d00000, 0x00000000b9e00000|  0%| F|  |TAMS 0x00000000b9d00000| PB 0x00000000b9d00000| Untracked 
| 926|0x00000000b9e00000, 0x00000000b9e00000, 0x00000000b9f00000|  0%| F|  |TAMS 0x00000000b9e00000| PB 0x00000000b9e00000| Untracked 
| 927|0x00000000b9f00000, 0x00000000b9f00000, 0x00000000ba000000|  0%| F|  |TAMS 0x00000000b9f00000| PB 0x00000000b9f00000| Untracked 
| 928|0x00000000ba000000, 0x00000000ba000000, 0x00000000ba100000|  0%| F|  |TAMS 0x00000000ba000000| PB 0x00000000ba000000| Untracked 
| 929|0x00000000ba100000, 0x00000000ba100000, 0x00000000ba200000|  0%| F|  |TAMS 0x00000000ba100000| PB 0x00000000ba100000| Untracked 
| 930|0x00000000ba200000, 0x00000000ba200000, 0x00000000ba300000|  0%| F|  |TAMS 0x00000000ba200000| PB 0x00000000ba200000| Untracked 
| 931|0x00000000ba300000, 0x00000000ba300000, 0x00000000ba400000|  0%| F|  |TAMS 0x00000000ba300000| PB 0x00000000ba300000| Untracked 
| 932|0x00000000ba400000, 0x00000000ba400000, 0x00000000ba500000|  0%| F|  |TAMS 0x00000000ba400000| PB 0x00000000ba400000| Untracked 
| 933|0x00000000ba500000, 0x00000000ba500000, 0x00000000ba600000|  0%| F|  |TAMS 0x00000000ba500000| PB 0x00000000ba500000| Untracked 
| 934|0x00000000ba600000, 0x00000000ba600000, 0x00000000ba700000|  0%| F|  |TAMS 0x00000000ba600000| PB 0x00000000ba600000| Untracked 
| 935|0x00000000ba700000, 0x00000000ba700000, 0x00000000ba800000|  0%| F|  |TAMS 0x00000000ba700000| PB 0x00000000ba700000| Untracked 
| 936|0x00000000ba800000, 0x00000000ba800000, 0x00000000ba900000|  0%| F|  |TAMS 0x00000000ba800000| PB 0x00000000ba800000| Untracked 
| 937|0x00000000ba900000, 0x00000000ba900000, 0x00000000baa00000|  0%| F|  |TAMS 0x00000000ba900000| PB 0x00000000ba900000| Untracked 
| 938|0x00000000baa00000, 0x00000000baa00000, 0x00000000bab00000|  0%| F|  |TAMS 0x00000000baa00000| PB 0x00000000baa00000| Untracked 
| 939|0x00000000bab00000, 0x00000000bab00000, 0x00000000bac00000|  0%| F|  |TAMS 0x00000000bab00000| PB 0x00000000bab00000| Untracked 
| 940|0x00000000bac00000, 0x00000000bac00000, 0x00000000bad00000|  0%| F|  |TAMS 0x00000000bac00000| PB 0x00000000bac00000| Untracked 
| 941|0x00000000bad00000, 0x00000000bad00000, 0x00000000bae00000|  0%| F|  |TAMS 0x00000000bad00000| PB 0x00000000bad00000| Untracked 
| 942|0x00000000bae00000, 0x00000000bae00000, 0x00000000baf00000|  0%| F|  |TAMS 0x00000000bae00000| PB 0x00000000bae00000| Untracked 
| 943|0x00000000baf00000, 0x00000000baf00000, 0x00000000bb000000|  0%| F|  |TAMS 0x00000000baf00000| PB 0x00000000baf00000| Untracked 
| 944|0x00000000bb000000, 0x00000000bb000000, 0x00000000bb100000|  0%| F|  |TAMS 0x00000000bb000000| PB 0x00000000bb000000| Untracked 
| 945|0x00000000bb100000, 0x00000000bb100000, 0x00000000bb200000|  0%| F|  |TAMS 0x00000000bb100000| PB 0x00000000bb100000| Untracked 
| 946|0x00000000bb200000, 0x00000000bb200000, 0x00000000bb300000|  0%| F|  |TAMS 0x00000000bb200000| PB 0x00000000bb200000| Untracked 
| 947|0x00000000bb300000, 0x00000000bb300000, 0x00000000bb400000|  0%| F|  |TAMS 0x00000000bb300000| PB 0x00000000bb300000| Untracked 
| 948|0x00000000bb400000, 0x00000000bb400000, 0x00000000bb500000|  0%| F|  |TAMS 0x00000000bb400000| PB 0x00000000bb400000| Untracked 
| 949|0x00000000bb500000, 0x00000000bb500000, 0x00000000bb600000|  0%| F|  |TAMS 0x00000000bb500000| PB 0x00000000bb500000| Untracked 
| 950|0x00000000bb600000, 0x00000000bb600000, 0x00000000bb700000|  0%| F|  |TAMS 0x00000000bb600000| PB 0x00000000bb600000| Untracked 
| 951|0x00000000bb700000, 0x00000000bb700000, 0x00000000bb800000|  0%| F|  |TAMS 0x00000000bb700000| PB 0x00000000bb700000| Untracked 
| 952|0x00000000bb800000, 0x00000000bb800000, 0x00000000bb900000|  0%| F|  |TAMS 0x00000000bb800000| PB 0x00000000bb800000| Untracked 
| 953|0x00000000bb900000, 0x00000000bb900000, 0x00000000bba00000|  0%| F|  |TAMS 0x00000000bb900000| PB 0x00000000bb900000| Untracked 
| 954|0x00000000bba00000, 0x00000000bba00000, 0x00000000bbb00000|  0%| F|  |TAMS 0x00000000bba00000| PB 0x00000000bba00000| Untracked 
| 955|0x00000000bbb00000, 0x00000000bbb00000, 0x00000000bbc00000|  0%| F|  |TAMS 0x00000000bbb00000| PB 0x00000000bbb00000| Untracked 
| 956|0x00000000bbc00000, 0x00000000bbc00000, 0x00000000bbd00000|  0%| F|  |TAMS 0x00000000bbc00000| PB 0x00000000bbc00000| Untracked 
| 957|0x00000000bbd00000, 0x00000000bbd00000, 0x00000000bbe00000|  0%| F|  |TAMS 0x00000000bbd00000| PB 0x00000000bbd00000| Untracked 
| 958|0x00000000bbe00000, 0x00000000bbe00000, 0x00000000bbf00000|  0%| F|  |TAMS 0x00000000bbe00000| PB 0x00000000bbe00000| Untracked 
| 959|0x00000000bbf00000, 0x00000000bbf00000, 0x00000000bc000000|  0%| F|  |TAMS 0x00000000bbf00000| PB 0x00000000bbf00000| Untracked 
| 960|0x00000000bc000000, 0x00000000bc000000, 0x00000000bc100000|  0%| F|  |TAMS 0x00000000bc000000| PB 0x00000000bc000000| Untracked 
| 961|0x00000000bc100000, 0x00000000bc100000, 0x00000000bc200000|  0%| F|  |TAMS 0x00000000bc100000| PB 0x00000000bc100000| Untracked 
| 962|0x00000000bc200000, 0x00000000bc200000, 0x00000000bc300000|  0%| F|  |TAMS 0x00000000bc200000| PB 0x00000000bc200000| Untracked 
| 963|0x00000000bc300000, 0x00000000bc300000, 0x00000000bc400000|  0%| F|  |TAMS 0x00000000bc300000| PB 0x00000000bc300000| Untracked 
| 964|0x00000000bc400000, 0x00000000bc400000, 0x00000000bc500000|  0%| F|  |TAMS 0x00000000bc400000| PB 0x00000000bc400000| Untracked 
| 965|0x00000000bc500000, 0x00000000bc500000, 0x00000000bc600000|  0%| F|  |TAMS 0x00000000bc500000| PB 0x00000000bc500000| Untracked 
| 966|0x00000000bc600000, 0x00000000bc600000, 0x00000000bc700000|  0%| F|  |TAMS 0x00000000bc600000| PB 0x00000000bc600000| Untracked 
| 967|0x00000000bc700000, 0x00000000bc700000, 0x00000000bc800000|  0%| F|  |TAMS 0x00000000bc700000| PB 0x00000000bc700000| Untracked 
| 968|0x00000000bc800000, 0x00000000bc800000, 0x00000000bc900000|  0%| F|  |TAMS 0x00000000bc800000| PB 0x00000000bc800000| Untracked 
| 969|0x00000000bc900000, 0x00000000bc900000, 0x00000000bca00000|  0%| F|  |TAMS 0x00000000bc900000| PB 0x00000000bc900000| Untracked 
| 970|0x00000000bca00000, 0x00000000bca00000, 0x00000000bcb00000|  0%| F|  |TAMS 0x00000000bca00000| PB 0x00000000bca00000| Untracked 
| 971|0x00000000bcb00000, 0x00000000bcb00000, 0x00000000bcc00000|  0%| F|  |TAMS 0x00000000bcb00000| PB 0x00000000bcb00000| Untracked 
| 972|0x00000000bcc00000, 0x00000000bcc00000, 0x00000000bcd00000|  0%| F|  |TAMS 0x00000000bcc00000| PB 0x00000000bcc00000| Untracked 
| 973|0x00000000bcd00000, 0x00000000bcd00000, 0x00000000bce00000|  0%| F|  |TAMS 0x00000000bcd00000| PB 0x00000000bcd00000| Untracked 
| 974|0x00000000bce00000, 0x00000000bce00000, 0x00000000bcf00000|  0%| F|  |TAMS 0x00000000bce00000| PB 0x00000000bce00000| Untracked 
| 975|0x00000000bcf00000, 0x00000000bcf00000, 0x00000000bd000000|  0%| F|  |TAMS 0x00000000bcf00000| PB 0x00000000bcf00000| Untracked 
| 976|0x00000000bd000000, 0x00000000bd000000, 0x00000000bd100000|  0%| F|  |TAMS 0x00000000bd000000| PB 0x00000000bd000000| Untracked 
| 977|0x00000000bd100000, 0x00000000bd100000, 0x00000000bd200000|  0%| F|  |TAMS 0x00000000bd100000| PB 0x00000000bd100000| Untracked 
| 978|0x00000000bd200000, 0x00000000bd200000, 0x00000000bd300000|  0%| F|  |TAMS 0x00000000bd200000| PB 0x00000000bd200000| Untracked 
| 979|0x00000000bd300000, 0x00000000bd300000, 0x00000000bd400000|  0%| F|  |TAMS 0x00000000bd300000| PB 0x00000000bd300000| Untracked 
| 980|0x00000000bd400000, 0x00000000bd400000, 0x00000000bd500000|  0%| F|  |TAMS 0x00000000bd400000| PB 0x00000000bd400000| Untracked 
| 981|0x00000000bd500000, 0x00000000bd500000, 0x00000000bd600000|  0%| F|  |TAMS 0x00000000bd500000| PB 0x00000000bd500000| Untracked 
| 982|0x00000000bd600000, 0x00000000bd600000, 0x00000000bd700000|  0%| F|  |TAMS 0x00000000bd600000| PB 0x00000000bd600000| Untracked 
| 983|0x00000000bd700000, 0x00000000bd700000, 0x00000000bd800000|  0%| F|  |TAMS 0x00000000bd700000| PB 0x00000000bd700000| Untracked 
| 984|0x00000000bd800000, 0x00000000bd800000, 0x00000000bd900000|  0%| F|  |TAMS 0x00000000bd800000| PB 0x00000000bd800000| Untracked 
| 985|0x00000000bd900000, 0x00000000bd900000, 0x00000000bda00000|  0%| F|  |TAMS 0x00000000bd900000| PB 0x00000000bd900000| Untracked 
| 986|0x00000000bda00000, 0x00000000bda00000, 0x00000000bdb00000|  0%| F|  |TAMS 0x00000000bda00000| PB 0x00000000bda00000| Untracked 
| 987|0x00000000bdb00000, 0x00000000bdb00000, 0x00000000bdc00000|  0%| F|  |TAMS 0x00000000bdb00000| PB 0x00000000bdb00000| Untracked 
| 988|0x00000000bdc00000, 0x00000000bdc00000, 0x00000000bdd00000|  0%| F|  |TAMS 0x00000000bdc00000| PB 0x00000000bdc00000| Untracked 
| 989|0x00000000bdd00000, 0x00000000bdd00000, 0x00000000bde00000|  0%| F|  |TAMS 0x00000000bdd00000| PB 0x00000000bdd00000| Untracked 
| 990|0x00000000bde00000, 0x00000000bde00000, 0x00000000bdf00000|  0%| F|  |TAMS 0x00000000bde00000| PB 0x00000000bde00000| Untracked 
| 991|0x00000000bdf00000, 0x00000000bdf00000, 0x00000000be000000|  0%| F|  |TAMS 0x00000000bdf00000| PB 0x00000000bdf00000| Untracked 
| 992|0x00000000be000000, 0x00000000be000000, 0x00000000be100000|  0%| F|  |TAMS 0x00000000be000000| PB 0x00000000be000000| Untracked 
| 993|0x00000000be100000, 0x00000000be100000, 0x00000000be200000|  0%| F|  |TAMS 0x00000000be100000| PB 0x00000000be100000| Untracked 
| 994|0x00000000be200000, 0x00000000be200000, 0x00000000be300000|  0%| F|  |TAMS 0x00000000be200000| PB 0x00000000be200000| Untracked 
| 995|0x00000000be300000, 0x00000000be300000, 0x00000000be400000|  0%| F|  |TAMS 0x00000000be300000| PB 0x00000000be300000| Untracked 
| 996|0x00000000be400000, 0x00000000be400000, 0x00000000be500000|  0%| F|  |TAMS 0x00000000be400000| PB 0x00000000be400000| Untracked 
| 997|0x00000000be500000, 0x00000000be500000, 0x00000000be600000|  0%| F|  |TAMS 0x00000000be500000| PB 0x00000000be500000| Untracked 
| 998|0x00000000be600000, 0x00000000be600000, 0x00000000be700000|  0%| F|  |TAMS 0x00000000be600000| PB 0x00000000be600000| Untracked 
| 999|0x00000000be700000, 0x00000000be700000, 0x00000000be800000|  0%| F|  |TAMS 0x00000000be700000| PB 0x00000000be700000| Untracked 
|1000|0x00000000be800000, 0x00000000be800000, 0x00000000be900000|  0%| F|  |TAMS 0x00000000be800000| PB 0x00000000be800000| Untracked 
|1001|0x00000000be900000, 0x00000000be900000, 0x00000000bea00000|  0%| F|  |TAMS 0x00000000be900000| PB 0x00000000be900000| Untracked 
|1002|0x00000000bea00000, 0x00000000bea00000, 0x00000000beb00000|  0%| F|  |TAMS 0x00000000bea00000| PB 0x00000000bea00000| Untracked 
|1003|0x00000000beb00000, 0x00000000beb00000, 0x00000000bec00000|  0%| F|  |TAMS 0x00000000beb00000| PB 0x00000000beb00000| Untracked 
|1004|0x00000000bec00000, 0x00000000bec00000, 0x00000000bed00000|  0%| F|  |TAMS 0x00000000bec00000| PB 0x00000000bec00000| Untracked 
|1005|0x00000000bed00000, 0x00000000bed00000, 0x00000000bee00000|  0%| F|  |TAMS 0x00000000bed00000| PB 0x00000000bed00000| Untracked 
|1006|0x00000000bee00000, 0x00000000bee00000, 0x00000000bef00000|  0%| F|  |TAMS 0x00000000bee00000| PB 0x00000000bee00000| Untracked 
|1007|0x00000000bef00000, 0x00000000bef00000, 0x00000000bf000000|  0%| F|  |TAMS 0x00000000bef00000| PB 0x00000000bef00000| Untracked 
|1008|0x00000000bf000000, 0x00000000bf000000, 0x00000000bf100000|  0%| F|  |TAMS 0x00000000bf000000| PB 0x00000000bf000000| Untracked 
|1009|0x00000000bf100000, 0x00000000bf100000, 0x00000000bf200000|  0%| F|  |TAMS 0x00000000bf100000| PB 0x00000000bf100000| Untracked 
|1010|0x00000000bf200000, 0x00000000bf200000, 0x00000000bf300000|  0%| F|  |TAMS 0x00000000bf200000| PB 0x00000000bf200000| Untracked 
|1011|0x00000000bf300000, 0x00000000bf300000, 0x00000000bf400000|  0%| F|  |TAMS 0x00000000bf300000| PB 0x00000000bf300000| Untracked 
|1012|0x00000000bf400000, 0x00000000bf400000, 0x00000000bf500000|  0%| F|  |TAMS 0x00000000bf400000| PB 0x00000000bf400000| Untracked 
|1013|0x00000000bf500000, 0x00000000bf500000, 0x00000000bf600000|  0%| F|  |TAMS 0x00000000bf500000| PB 0x00000000bf500000| Untracked 
|1014|0x00000000bf600000, 0x00000000bf600000, 0x00000000bf700000|  0%| F|  |TAMS 0x00000000bf600000| PB 0x00000000bf600000| Untracked 
|1015|0x00000000bf700000, 0x00000000bf700000, 0x00000000bf800000|  0%| F|  |TAMS 0x00000000bf700000| PB 0x00000000bf700000| Untracked 
|1016|0x00000000bf800000, 0x00000000bf800000, 0x00000000bf900000|  0%| F|  |TAMS 0x00000000bf800000| PB 0x00000000bf800000| Untracked 
|1017|0x00000000bf900000, 0x00000000bf900000, 0x00000000bfa00000|  0%| F|  |TAMS 0x00000000bf900000| PB 0x00000000bf900000| Untracked 
|1018|0x00000000bfa00000, 0x00000000bfa00000, 0x00000000bfb00000|  0%| F|  |TAMS 0x00000000bfa00000| PB 0x00000000bfa00000| Untracked 
|1019|0x00000000bfb00000, 0x00000000bfb00000, 0x00000000bfc00000|  0%| F|  |TAMS 0x00000000bfb00000| PB 0x00000000bfb00000| Untracked 
|1020|0x00000000bfc00000, 0x00000000bfc00000, 0x00000000bfd00000|  0%| F|  |TAMS 0x00000000bfc00000| PB 0x00000000bfc00000| Untracked 
|1021|0x00000000bfd00000, 0x00000000bfd00000, 0x00000000bfe00000|  0%| F|  |TAMS 0x00000000bfd00000| PB 0x00000000bfd00000| Untracked 
|1022|0x00000000bfe00000, 0x00000000bfe00000, 0x00000000bff00000|  0%| F|  |TAMS 0x00000000bfe00000| PB 0x00000000bfe00000| Untracked 
|1023|0x00000000bff00000, 0x00000000bff00000, 0x00000000c0000000|  0%| F|  |TAMS 0x00000000bff00000| PB 0x00000000bff00000| Untracked 
|1024|0x00000000c0000000, 0x00000000c0000000, 0x00000000c0100000|  0%| F|  |TAMS 0x00000000c0000000| PB 0x00000000c0000000| Untracked 
|1025|0x00000000c0100000, 0x00000000c0100000, 0x00000000c0200000|  0%| F|  |TAMS 0x00000000c0100000| PB 0x00000000c0100000| Untracked 
|1026|0x00000000c0200000, 0x00000000c0200000, 0x00000000c0300000|  0%| F|  |TAMS 0x00000000c0200000| PB 0x00000000c0200000| Untracked 
|1027|0x00000000c0300000, 0x00000000c0300000, 0x00000000c0400000|  0%| F|  |TAMS 0x00000000c0300000| PB 0x00000000c0300000| Untracked 
|1028|0x00000000c0400000, 0x00000000c0400000, 0x00000000c0500000|  0%| F|  |TAMS 0x00000000c0400000| PB 0x00000000c0400000| Untracked 
|1029|0x00000000c0500000, 0x00000000c0500000, 0x00000000c0600000|  0%| F|  |TAMS 0x00000000c0500000| PB 0x00000000c0500000| Untracked 
|1030|0x00000000c0600000, 0x00000000c0600000, 0x00000000c0700000|  0%| F|  |TAMS 0x00000000c0600000| PB 0x00000000c0600000| Untracked 
|1031|0x00000000c0700000, 0x00000000c0700000, 0x00000000c0800000|  0%| F|  |TAMS 0x00000000c0700000| PB 0x00000000c0700000| Untracked 
|1032|0x00000000c0800000, 0x00000000c0800000, 0x00000000c0900000|  0%| F|  |TAMS 0x00000000c0800000| PB 0x00000000c0800000| Untracked 
|1033|0x00000000c0900000, 0x00000000c0900000, 0x00000000c0a00000|  0%| F|  |TAMS 0x00000000c0900000| PB 0x00000000c0900000| Untracked 
|1034|0x00000000c0a00000, 0x00000000c0a00000, 0x00000000c0b00000|  0%| F|  |TAMS 0x00000000c0a00000| PB 0x00000000c0a00000| Untracked 
|1035|0x00000000c0b00000, 0x00000000c0b00000, 0x00000000c0c00000|  0%| F|  |TAMS 0x00000000c0b00000| PB 0x00000000c0b00000| Untracked 
|1036|0x00000000c0c00000, 0x00000000c0c00000, 0x00000000c0d00000|  0%| F|  |TAMS 0x00000000c0c00000| PB 0x00000000c0c00000| Untracked 
|1037|0x00000000c0d00000, 0x00000000c0d00000, 0x00000000c0e00000|  0%| F|  |TAMS 0x00000000c0d00000| PB 0x00000000c0d00000| Untracked 
|1038|0x00000000c0e00000, 0x00000000c0e00000, 0x00000000c0f00000|  0%| F|  |TAMS 0x00000000c0e00000| PB 0x00000000c0e00000| Untracked 
|1039|0x00000000c0f00000, 0x00000000c0f00000, 0x00000000c1000000|  0%| F|  |TAMS 0x00000000c0f00000| PB 0x00000000c0f00000| Untracked 
|1040|0x00000000c1000000, 0x00000000c1000000, 0x00000000c1100000|  0%| F|  |TAMS 0x00000000c1000000| PB 0x00000000c1000000| Untracked 
|1041|0x00000000c1100000, 0x00000000c1100000, 0x00000000c1200000|  0%| F|  |TAMS 0x00000000c1100000| PB 0x00000000c1100000| Untracked 
|1042|0x00000000c1200000, 0x00000000c1200000, 0x00000000c1300000|  0%| F|  |TAMS 0x00000000c1200000| PB 0x00000000c1200000| Untracked 
|1043|0x00000000c1300000, 0x00000000c1300000, 0x00000000c1400000|  0%| F|  |TAMS 0x00000000c1300000| PB 0x00000000c1300000| Untracked 
|1044|0x00000000c1400000, 0x00000000c1400000, 0x00000000c1500000|  0%| F|  |TAMS 0x00000000c1400000| PB 0x00000000c1400000| Untracked 
|1045|0x00000000c1500000, 0x00000000c1500000, 0x00000000c1600000|  0%| F|  |TAMS 0x00000000c1500000| PB 0x00000000c1500000| Untracked 
|1046|0x00000000c1600000, 0x00000000c1600000, 0x00000000c1700000|  0%| F|  |TAMS 0x00000000c1600000| PB 0x00000000c1600000| Untracked 
|1047|0x00000000c1700000, 0x00000000c1700000, 0x00000000c1800000|  0%| F|  |TAMS 0x00000000c1700000| PB 0x00000000c1700000| Untracked 
|1048|0x00000000c1800000, 0x00000000c1800000, 0x00000000c1900000|  0%| F|  |TAMS 0x00000000c1800000| PB 0x00000000c1800000| Untracked 
|1049|0x00000000c1900000, 0x00000000c1900000, 0x00000000c1a00000|  0%| F|  |TAMS 0x00000000c1900000| PB 0x00000000c1900000| Untracked 
|1050|0x00000000c1a00000, 0x00000000c1a00000, 0x00000000c1b00000|  0%| F|  |TAMS 0x00000000c1a00000| PB 0x00000000c1a00000| Untracked 
|1051|0x00000000c1b00000, 0x00000000c1b00000, 0x00000000c1c00000|  0%| F|  |TAMS 0x00000000c1b00000| PB 0x00000000c1b00000| Untracked 
|1052|0x00000000c1c00000, 0x00000000c1c00000, 0x00000000c1d00000|  0%| F|  |TAMS 0x00000000c1c00000| PB 0x00000000c1c00000| Untracked 
|1053|0x00000000c1d00000, 0x00000000c1d00000, 0x00000000c1e00000|  0%| F|  |TAMS 0x00000000c1d00000| PB 0x00000000c1d00000| Untracked 
|1054|0x00000000c1e00000, 0x00000000c1e00000, 0x00000000c1f00000|  0%| F|  |TAMS 0x00000000c1e00000| PB 0x00000000c1e00000| Untracked 
|1055|0x00000000c1f00000, 0x00000000c1f00000, 0x00000000c2000000|  0%| F|  |TAMS 0x00000000c1f00000| PB 0x00000000c1f00000| Untracked 
|1056|0x00000000c2000000, 0x00000000c2000000, 0x00000000c2100000|  0%| F|  |TAMS 0x00000000c2000000| PB 0x00000000c2000000| Untracked 
|1057|0x00000000c2100000, 0x00000000c2100000, 0x00000000c2200000|  0%| F|  |TAMS 0x00000000c2100000| PB 0x00000000c2100000| Untracked 
|1058|0x00000000c2200000, 0x00000000c2200000, 0x00000000c2300000|  0%| F|  |TAMS 0x00000000c2200000| PB 0x00000000c2200000| Untracked 
|1059|0x00000000c2300000, 0x00000000c2300000, 0x00000000c2400000|  0%| F|  |TAMS 0x00000000c2300000| PB 0x00000000c2300000| Untracked 
|1060|0x00000000c2400000, 0x00000000c2400000, 0x00000000c2500000|  0%| F|  |TAMS 0x00000000c2400000| PB 0x00000000c2400000| Untracked 
|1061|0x00000000c2500000, 0x00000000c2500000, 0x00000000c2600000|  0%| F|  |TAMS 0x00000000c2500000| PB 0x00000000c2500000| Untracked 
|1062|0x00000000c2600000, 0x00000000c2600000, 0x00000000c2700000|  0%| F|  |TAMS 0x00000000c2600000| PB 0x00000000c2600000| Untracked 
|1063|0x00000000c2700000, 0x00000000c2700000, 0x00000000c2800000|  0%| F|  |TAMS 0x00000000c2700000| PB 0x00000000c2700000| Untracked 
|1064|0x00000000c2800000, 0x00000000c2800000, 0x00000000c2900000|  0%| F|  |TAMS 0x00000000c2800000| PB 0x00000000c2800000| Untracked 
|1065|0x00000000c2900000, 0x00000000c2900000, 0x00000000c2a00000|  0%| F|  |TAMS 0x00000000c2900000| PB 0x00000000c2900000| Untracked 
|1066|0x00000000c2a00000, 0x00000000c2a00000, 0x00000000c2b00000|  0%| F|  |TAMS 0x00000000c2a00000| PB 0x00000000c2a00000| Untracked 
|1067|0x00000000c2b00000, 0x00000000c2b00000, 0x00000000c2c00000|  0%| F|  |TAMS 0x00000000c2b00000| PB 0x00000000c2b00000| Untracked 
|1068|0x00000000c2c00000, 0x00000000c2c00000, 0x00000000c2d00000|  0%| F|  |TAMS 0x00000000c2c00000| PB 0x00000000c2c00000| Untracked 
|1069|0x00000000c2d00000, 0x00000000c2d00000, 0x00000000c2e00000|  0%| F|  |TAMS 0x00000000c2d00000| PB 0x00000000c2d00000| Untracked 
|1070|0x00000000c2e00000, 0x00000000c2e00000, 0x00000000c2f00000|  0%| F|  |TAMS 0x00000000c2e00000| PB 0x00000000c2e00000| Untracked 
|1071|0x00000000c2f00000, 0x00000000c2f00000, 0x00000000c3000000|  0%| F|  |TAMS 0x00000000c2f00000| PB 0x00000000c2f00000| Untracked 
|1072|0x00000000c3000000, 0x00000000c3000000, 0x00000000c3100000|  0%| F|  |TAMS 0x00000000c3000000| PB 0x00000000c3000000| Untracked 
|1073|0x00000000c3100000, 0x00000000c3100000, 0x00000000c3200000|  0%| F|  |TAMS 0x00000000c3100000| PB 0x00000000c3100000| Untracked 
|1074|0x00000000c3200000, 0x00000000c3200000, 0x00000000c3300000|  0%| F|  |TAMS 0x00000000c3200000| PB 0x00000000c3200000| Untracked 
|1075|0x00000000c3300000, 0x00000000c3300000, 0x00000000c3400000|  0%| F|  |TAMS 0x00000000c3300000| PB 0x00000000c3300000| Untracked 
|1076|0x00000000c3400000, 0x00000000c3400000, 0x00000000c3500000|  0%| F|  |TAMS 0x00000000c3400000| PB 0x00000000c3400000| Untracked 
|1077|0x00000000c3500000, 0x00000000c3500000, 0x00000000c3600000|  0%| F|  |TAMS 0x00000000c3500000| PB 0x00000000c3500000| Untracked 
|1078|0x00000000c3600000, 0x00000000c3600000, 0x00000000c3700000|  0%| F|  |TAMS 0x00000000c3600000| PB 0x00000000c3600000| Untracked 
|1079|0x00000000c3700000, 0x00000000c3700000, 0x00000000c3800000|  0%| F|  |TAMS 0x00000000c3700000| PB 0x00000000c3700000| Untracked 
|1080|0x00000000c3800000, 0x00000000c3800000, 0x00000000c3900000|  0%| F|  |TAMS 0x00000000c3800000| PB 0x00000000c3800000| Untracked 
|1081|0x00000000c3900000, 0x00000000c3900000, 0x00000000c3a00000|  0%| F|  |TAMS 0x00000000c3900000| PB 0x00000000c3900000| Untracked 
|1082|0x00000000c3a00000, 0x00000000c3a00000, 0x00000000c3b00000|  0%| F|  |TAMS 0x00000000c3a00000| PB 0x00000000c3a00000| Untracked 
|1083|0x00000000c3b00000, 0x00000000c3b00000, 0x00000000c3c00000|  0%| F|  |TAMS 0x00000000c3b00000| PB 0x00000000c3b00000| Untracked 
|1084|0x00000000c3c00000, 0x00000000c3c00000, 0x00000000c3d00000|  0%| F|  |TAMS 0x00000000c3c00000| PB 0x00000000c3c00000| Untracked 
|1085|0x00000000c3d00000, 0x00000000c3d00000, 0x00000000c3e00000|  0%| F|  |TAMS 0x00000000c3d00000| PB 0x00000000c3d00000| Untracked 
|1086|0x00000000c3e00000, 0x00000000c3e00000, 0x00000000c3f00000|  0%| F|  |TAMS 0x00000000c3e00000| PB 0x00000000c3e00000| Untracked 
|1087|0x00000000c3f00000, 0x00000000c3f00000, 0x00000000c4000000|  0%| F|  |TAMS 0x00000000c3f00000| PB 0x00000000c3f00000| Untracked 
|1088|0x00000000c4000000, 0x00000000c4000000, 0x00000000c4100000|  0%| F|  |TAMS 0x00000000c4000000| PB 0x00000000c4000000| Untracked 
|1089|0x00000000c4100000, 0x00000000c4100000, 0x00000000c4200000|  0%| F|  |TAMS 0x00000000c4100000| PB 0x00000000c4100000| Untracked 
|1090|0x00000000c4200000, 0x00000000c4200000, 0x00000000c4300000|  0%| F|  |TAMS 0x00000000c4200000| PB 0x00000000c4200000| Untracked 
|1091|0x00000000c4300000, 0x00000000c4300000, 0x00000000c4400000|  0%| F|  |TAMS 0x00000000c4300000| PB 0x00000000c4300000| Untracked 
|1092|0x00000000c4400000, 0x00000000c4400000, 0x00000000c4500000|  0%| F|  |TAMS 0x00000000c4400000| PB 0x00000000c4400000| Untracked 
|1093|0x00000000c4500000, 0x00000000c4500000, 0x00000000c4600000|  0%| F|  |TAMS 0x00000000c4500000| PB 0x00000000c4500000| Untracked 
|1094|0x00000000c4600000, 0x00000000c4600000, 0x00000000c4700000|  0%| F|  |TAMS 0x00000000c4600000| PB 0x00000000c4600000| Untracked 
|1095|0x00000000c4700000, 0x00000000c4700000, 0x00000000c4800000|  0%| F|  |TAMS 0x00000000c4700000| PB 0x00000000c4700000| Untracked 
|1096|0x00000000c4800000, 0x00000000c4800000, 0x00000000c4900000|  0%| F|  |TAMS 0x00000000c4800000| PB 0x00000000c4800000| Untracked 
|1097|0x00000000c4900000, 0x00000000c4900000, 0x00000000c4a00000|  0%| F|  |TAMS 0x00000000c4900000| PB 0x00000000c4900000| Untracked 
|1098|0x00000000c4a00000, 0x00000000c4a00000, 0x00000000c4b00000|  0%| F|  |TAMS 0x00000000c4a00000| PB 0x00000000c4a00000| Untracked 
|1099|0x00000000c4b00000, 0x00000000c4b00000, 0x00000000c4c00000|  0%| F|  |TAMS 0x00000000c4b00000| PB 0x00000000c4b00000| Untracked 
|1100|0x00000000c4c00000, 0x00000000c4c00000, 0x00000000c4d00000|  0%| F|  |TAMS 0x00000000c4c00000| PB 0x00000000c4c00000| Untracked 
|1101|0x00000000c4d00000, 0x00000000c4d00000, 0x00000000c4e00000|  0%| F|  |TAMS 0x00000000c4d00000| PB 0x00000000c4d00000| Untracked 
|1102|0x00000000c4e00000, 0x00000000c4e00000, 0x00000000c4f00000|  0%| F|  |TAMS 0x00000000c4e00000| PB 0x00000000c4e00000| Untracked 
|1103|0x00000000c4f00000, 0x00000000c4f00000, 0x00000000c5000000|  0%| F|  |TAMS 0x00000000c4f00000| PB 0x00000000c4f00000| Untracked 
|1104|0x00000000c5000000, 0x00000000c5000000, 0x00000000c5100000|  0%| F|  |TAMS 0x00000000c5000000| PB 0x00000000c5000000| Untracked 
|1105|0x00000000c5100000, 0x00000000c5100000, 0x00000000c5200000|  0%| F|  |TAMS 0x00000000c5100000| PB 0x00000000c5100000| Untracked 
|1106|0x00000000c5200000, 0x00000000c5200000, 0x00000000c5300000|  0%| F|  |TAMS 0x00000000c5200000| PB 0x00000000c5200000| Untracked 
|1107|0x00000000c5300000, 0x00000000c5300000, 0x00000000c5400000|  0%| F|  |TAMS 0x00000000c5300000| PB 0x00000000c5300000| Untracked 
|1108|0x00000000c5400000, 0x00000000c5400000, 0x00000000c5500000|  0%| F|  |TAMS 0x00000000c5400000| PB 0x00000000c5400000| Untracked 
|1109|0x00000000c5500000, 0x00000000c5500000, 0x00000000c5600000|  0%| F|  |TAMS 0x00000000c5500000| PB 0x00000000c5500000| Untracked 
|1110|0x00000000c5600000, 0x00000000c5600000, 0x00000000c5700000|  0%| F|  |TAMS 0x00000000c5600000| PB 0x00000000c5600000| Untracked 
|1111|0x00000000c5700000, 0x00000000c5700000, 0x00000000c5800000|  0%| F|  |TAMS 0x00000000c5700000| PB 0x00000000c5700000| Untracked 
|1112|0x00000000c5800000, 0x00000000c5800000, 0x00000000c5900000|  0%| F|  |TAMS 0x00000000c5800000| PB 0x00000000c5800000| Untracked 
|1113|0x00000000c5900000, 0x00000000c5900000, 0x00000000c5a00000|  0%| F|  |TAMS 0x00000000c5900000| PB 0x00000000c5900000| Untracked 
|1114|0x00000000c5a00000, 0x00000000c5a00000, 0x00000000c5b00000|  0%| F|  |TAMS 0x00000000c5a00000| PB 0x00000000c5a00000| Untracked 
|1115|0x00000000c5b00000, 0x00000000c5b00000, 0x00000000c5c00000|  0%| F|  |TAMS 0x00000000c5b00000| PB 0x00000000c5b00000| Untracked 
|1116|0x00000000c5c00000, 0x00000000c5c00000, 0x00000000c5d00000|  0%| F|  |TAMS 0x00000000c5c00000| PB 0x00000000c5c00000| Untracked 
|1117|0x00000000c5d00000, 0x00000000c5d00000, 0x00000000c5e00000|  0%| F|  |TAMS 0x00000000c5d00000| PB 0x00000000c5d00000| Untracked 
|1118|0x00000000c5e00000, 0x00000000c5e00000, 0x00000000c5f00000|  0%| F|  |TAMS 0x00000000c5e00000| PB 0x00000000c5e00000| Untracked 
|1119|0x00000000c5f00000, 0x00000000c5f00000, 0x00000000c6000000|  0%| F|  |TAMS 0x00000000c5f00000| PB 0x00000000c5f00000| Untracked 
|1120|0x00000000c6000000, 0x00000000c6000000, 0x00000000c6100000|  0%| F|  |TAMS 0x00000000c6000000| PB 0x00000000c6000000| Untracked 
|1121|0x00000000c6100000, 0x00000000c6100000, 0x00000000c6200000|  0%| F|  |TAMS 0x00000000c6100000| PB 0x00000000c6100000| Untracked 
|1122|0x00000000c6200000, 0x00000000c6200000, 0x00000000c6300000|  0%| F|  |TAMS 0x00000000c6200000| PB 0x00000000c6200000| Untracked 
|1123|0x00000000c6300000, 0x00000000c6300000, 0x00000000c6400000|  0%| F|  |TAMS 0x00000000c6300000| PB 0x00000000c6300000| Untracked 
|1124|0x00000000c6400000, 0x00000000c6400000, 0x00000000c6500000|  0%| F|  |TAMS 0x00000000c6400000| PB 0x00000000c6400000| Untracked 
|1125|0x00000000c6500000, 0x00000000c6500000, 0x00000000c6600000|  0%| F|  |TAMS 0x00000000c6500000| PB 0x00000000c6500000| Untracked 
|1126|0x00000000c6600000, 0x00000000c6600000, 0x00000000c6700000|  0%| F|  |TAMS 0x00000000c6600000| PB 0x00000000c6600000| Untracked 
|1127|0x00000000c6700000, 0x00000000c6700000, 0x00000000c6800000|  0%| F|  |TAMS 0x00000000c6700000| PB 0x00000000c6700000| Untracked 
|1128|0x00000000c6800000, 0x00000000c6800000, 0x00000000c6900000|  0%| F|  |TAMS 0x00000000c6800000| PB 0x00000000c6800000| Untracked 
|1129|0x00000000c6900000, 0x00000000c6900000, 0x00000000c6a00000|  0%| F|  |TAMS 0x00000000c6900000| PB 0x00000000c6900000| Untracked 
|1130|0x00000000c6a00000, 0x00000000c6a00000, 0x00000000c6b00000|  0%| F|  |TAMS 0x00000000c6a00000| PB 0x00000000c6a00000| Untracked 
|1131|0x00000000c6b00000, 0x00000000c6b00000, 0x00000000c6c00000|  0%| F|  |TAMS 0x00000000c6b00000| PB 0x00000000c6b00000| Untracked 
|1132|0x00000000c6c00000, 0x00000000c6c00000, 0x00000000c6d00000|  0%| F|  |TAMS 0x00000000c6c00000| PB 0x00000000c6c00000| Untracked 
|1133|0x00000000c6d00000, 0x00000000c6d00000, 0x00000000c6e00000|  0%| F|  |TAMS 0x00000000c6d00000| PB 0x00000000c6d00000| Untracked 
|1134|0x00000000c6e00000, 0x00000000c6e00000, 0x00000000c6f00000|  0%| F|  |TAMS 0x00000000c6e00000| PB 0x00000000c6e00000| Untracked 
|1135|0x00000000c6f00000, 0x00000000c6f00000, 0x00000000c7000000|  0%| F|  |TAMS 0x00000000c6f00000| PB 0x00000000c6f00000| Untracked 
|1136|0x00000000c7000000, 0x00000000c7000000, 0x00000000c7100000|  0%| F|  |TAMS 0x00000000c7000000| PB 0x00000000c7000000| Untracked 
|1137|0x00000000c7100000, 0x00000000c7100000, 0x00000000c7200000|  0%| F|  |TAMS 0x00000000c7100000| PB 0x00000000c7100000| Untracked 
|1138|0x00000000c7200000, 0x00000000c7200000, 0x00000000c7300000|  0%| F|  |TAMS 0x00000000c7200000| PB 0x00000000c7200000| Untracked 
|1139|0x00000000c7300000, 0x00000000c7300000, 0x00000000c7400000|  0%| F|  |TAMS 0x00000000c7300000| PB 0x00000000c7300000| Untracked 
|1140|0x00000000c7400000, 0x00000000c7400000, 0x00000000c7500000|  0%| F|  |TAMS 0x00000000c7400000| PB 0x00000000c7400000| Untracked 
|1141|0x00000000c7500000, 0x00000000c7500000, 0x00000000c7600000|  0%| F|  |TAMS 0x00000000c7500000| PB 0x00000000c7500000| Untracked 
|1142|0x00000000c7600000, 0x00000000c7600000, 0x00000000c7700000|  0%| F|  |TAMS 0x00000000c7600000| PB 0x00000000c7600000| Untracked 
|1143|0x00000000c7700000, 0x00000000c7700000, 0x00000000c7800000|  0%| F|  |TAMS 0x00000000c7700000| PB 0x00000000c7700000| Untracked 
|1144|0x00000000c7800000, 0x00000000c7800000, 0x00000000c7900000|  0%| F|  |TAMS 0x00000000c7800000| PB 0x00000000c7800000| Untracked 
|1145|0x00000000c7900000, 0x00000000c7900000, 0x00000000c7a00000|  0%| F|  |TAMS 0x00000000c7900000| PB 0x00000000c7900000| Untracked 
|1146|0x00000000c7a00000, 0x00000000c7a00000, 0x00000000c7b00000|  0%| F|  |TAMS 0x00000000c7a00000| PB 0x00000000c7a00000| Untracked 
|1147|0x00000000c7b00000, 0x00000000c7b00000, 0x00000000c7c00000|  0%| F|  |TAMS 0x00000000c7b00000| PB 0x00000000c7b00000| Untracked 
|1148|0x00000000c7c00000, 0x00000000c7c00000, 0x00000000c7d00000|  0%| F|  |TAMS 0x00000000c7c00000| PB 0x00000000c7c00000| Untracked 
|1149|0x00000000c7d00000, 0x00000000c7e00000, 0x00000000c7e00000|100%| E|  |TAMS 0x00000000c7d00000| PB 0x00000000c7d00000| Complete 
|1150|0x00000000c7e00000, 0x00000000c7f00000, 0x00000000c7f00000|100%| E|CS|TAMS 0x00000000c7e00000| PB 0x00000000c7e00000| Complete 
|1151|0x00000000c7f00000, 0x00000000c8000000, 0x00000000c8000000|100%| E|CS|TAMS 0x00000000c7f00000| PB 0x00000000c7f00000| Complete 
|1152|0x00000000c8000000, 0x00000000c8100000, 0x00000000c8100000|100%| E|CS|TAMS 0x00000000c8000000| PB 0x00000000c8000000| Complete 
|1153|0x00000000c8100000, 0x00000000c8200000, 0x00000000c8200000|100%| E|CS|TAMS 0x00000000c8100000| PB 0x00000000c8100000| Complete 
|1154|0x00000000c8200000, 0x00000000c8300000, 0x00000000c8300000|100%| E|CS|TAMS 0x00000000c8200000| PB 0x00000000c8200000| Complete 
|1155|0x00000000c8300000, 0x00000000c8400000, 0x00000000c8400000|100%| E|CS|TAMS 0x00000000c8300000| PB 0x00000000c8300000| Complete 
|1156|0x00000000c8400000, 0x00000000c8500000, 0x00000000c8500000|100%| E|CS|TAMS 0x00000000c8400000| PB 0x00000000c8400000| Complete 
|1157|0x00000000c8500000, 0x00000000c8600000, 0x00000000c8600000|100%| E|CS|TAMS 0x00000000c8500000| PB 0x00000000c8500000| Complete 
|1158|0x00000000c8600000, 0x00000000c8700000, 0x00000000c8700000|100%| E|CS|TAMS 0x00000000c8600000| PB 0x00000000c8600000| Complete 
|1159|0x00000000c8700000, 0x00000000c8800000, 0x00000000c8800000|100%| E|CS|TAMS 0x00000000c8700000| PB 0x00000000c8700000| Complete 
|1160|0x00000000c8800000, 0x00000000c8900000, 0x00000000c8900000|100%| E|CS|TAMS 0x00000000c8800000| PB 0x00000000c8800000| Complete 
|1161|0x00000000c8900000, 0x00000000c8a00000, 0x00000000c8a00000|100%| E|CS|TAMS 0x00000000c8900000| PB 0x00000000c8900000| Complete 
|1162|0x00000000c8a00000, 0x00000000c8b00000, 0x00000000c8b00000|100%| E|CS|TAMS 0x00000000c8a00000| PB 0x00000000c8a00000| Complete 
|1163|0x00000000c8b00000, 0x00000000c8c00000, 0x00000000c8c00000|100%| E|CS|TAMS 0x00000000c8b00000| PB 0x00000000c8b00000| Complete 
|1164|0x00000000c8c00000, 0x00000000c8d00000, 0x00000000c8d00000|100%| E|CS|TAMS 0x00000000c8c00000| PB 0x00000000c8c00000| Complete 
|1165|0x00000000c8d00000, 0x00000000c8e00000, 0x00000000c8e00000|100%| E|CS|TAMS 0x00000000c8d00000| PB 0x00000000c8d00000| Complete 
|1166|0x00000000c8e00000, 0x00000000c8f00000, 0x00000000c8f00000|100%| E|CS|TAMS 0x00000000c8e00000| PB 0x00000000c8e00000| Complete 
|1167|0x00000000c8f00000, 0x00000000c9000000, 0x00000000c9000000|100%| E|CS|TAMS 0x00000000c8f00000| PB 0x00000000c8f00000| Complete 
|1168|0x00000000c9000000, 0x00000000c9100000, 0x00000000c9100000|100%| E|CS|TAMS 0x00000000c9000000| PB 0x00000000c9000000| Complete 
|1169|0x00000000c9100000, 0x00000000c9200000, 0x00000000c9200000|100%| E|CS|TAMS 0x00000000c9100000| PB 0x00000000c9100000| Complete 
|1170|0x00000000c9200000, 0x00000000c9300000, 0x00000000c9300000|100%| E|CS|TAMS 0x00000000c9200000| PB 0x00000000c9200000| Complete 
|1171|0x00000000c9300000, 0x00000000c9400000, 0x00000000c9400000|100%| E|CS|TAMS 0x00000000c9300000| PB 0x00000000c9300000| Complete 
|1172|0x00000000c9400000, 0x00000000c9500000, 0x00000000c9500000|100%| E|CS|TAMS 0x00000000c9400000| PB 0x00000000c9400000| Complete 
|1173|0x00000000c9500000, 0x00000000c9600000, 0x00000000c9600000|100%| E|CS|TAMS 0x00000000c9500000| PB 0x00000000c9500000| Complete 
|1174|0x00000000c9600000, 0x00000000c9700000, 0x00000000c9700000|100%| E|CS|TAMS 0x00000000c9600000| PB 0x00000000c9600000| Complete 
|1175|0x00000000c9700000, 0x00000000c9800000, 0x00000000c9800000|100%| E|CS|TAMS 0x00000000c9700000| PB 0x00000000c9700000| Complete 
|1176|0x00000000c9800000, 0x00000000c9900000, 0x00000000c9900000|100%| E|CS|TAMS 0x00000000c9800000| PB 0x00000000c9800000| Complete 
|1177|0x00000000c9900000, 0x00000000c9a00000, 0x00000000c9a00000|100%| E|CS|TAMS 0x00000000c9900000| PB 0x00000000c9900000| Complete 
|1178|0x00000000c9a00000, 0x00000000c9b00000, 0x00000000c9b00000|100%| E|CS|TAMS 0x00000000c9a00000| PB 0x00000000c9a00000| Complete 
|1179|0x00000000c9b00000, 0x00000000c9c00000, 0x00000000c9c00000|100%| E|CS|TAMS 0x00000000c9b00000| PB 0x00000000c9b00000| Complete 
|1180|0x00000000c9c00000, 0x00000000c9d00000, 0x00000000c9d00000|100%| E|CS|TAMS 0x00000000c9c00000| PB 0x00000000c9c00000| Complete 
|1181|0x00000000c9d00000, 0x00000000c9e00000, 0x00000000c9e00000|100%| E|CS|TAMS 0x00000000c9d00000| PB 0x00000000c9d00000| Complete 
|1182|0x00000000c9e00000, 0x00000000c9f00000, 0x00000000c9f00000|100%| E|CS|TAMS 0x00000000c9e00000| PB 0x00000000c9e00000| Complete 
|1183|0x00000000c9f00000, 0x00000000ca000000, 0x00000000ca000000|100%| E|CS|TAMS 0x00000000c9f00000| PB 0x00000000c9f00000| Complete 
|1184|0x00000000ca000000, 0x00000000ca100000, 0x00000000ca100000|100%| E|CS|TAMS 0x00000000ca000000| PB 0x00000000ca000000| Complete 
|1185|0x00000000ca100000, 0x00000000ca200000, 0x00000000ca200000|100%| E|CS|TAMS 0x00000000ca100000| PB 0x00000000ca100000| Complete 
|1186|0x00000000ca200000, 0x00000000ca300000, 0x00000000ca300000|100%| E|CS|TAMS 0x00000000ca200000| PB 0x00000000ca200000| Complete 
|1187|0x00000000ca300000, 0x00000000ca400000, 0x00000000ca400000|100%| E|CS|TAMS 0x00000000ca300000| PB 0x00000000ca300000| Complete 
|1188|0x00000000ca400000, 0x00000000ca500000, 0x00000000ca500000|100%| E|CS|TAMS 0x00000000ca400000| PB 0x00000000ca400000| Complete 
|1189|0x00000000ca500000, 0x00000000ca600000, 0x00000000ca600000|100%| E|CS|TAMS 0x00000000ca500000| PB 0x00000000ca500000| Complete 
|1190|0x00000000ca600000, 0x00000000ca700000, 0x00000000ca700000|100%| E|CS|TAMS 0x00000000ca600000| PB 0x00000000ca600000| Complete 
|1191|0x00000000ca700000, 0x00000000ca800000, 0x00000000ca800000|100%| E|CS|TAMS 0x00000000ca700000| PB 0x00000000ca700000| Complete 
|1192|0x00000000ca800000, 0x00000000ca900000, 0x00000000ca900000|100%| E|CS|TAMS 0x00000000ca800000| PB 0x00000000ca800000| Complete 
|1193|0x00000000ca900000, 0x00000000caa00000, 0x00000000caa00000|100%| E|CS|TAMS 0x00000000ca900000| PB 0x00000000ca900000| Complete 
|1194|0x00000000caa00000, 0x00000000cab00000, 0x00000000cab00000|100%| E|CS|TAMS 0x00000000caa00000| PB 0x00000000caa00000| Complete 
|1195|0x00000000cab00000, 0x00000000cac00000, 0x00000000cac00000|100%| E|CS|TAMS 0x00000000cab00000| PB 0x00000000cab00000| Complete 
|1196|0x00000000cac00000, 0x00000000cad00000, 0x00000000cad00000|100%| E|CS|TAMS 0x00000000cac00000| PB 0x00000000cac00000| Complete 
|2006|0x00000000fd600000, 0x00000000fd700000, 0x00000000fd700000|100%| O|  |TAMS 0x00000000fd700000| PB 0x00000000fd700000| Updating 
|2007|0x00000000fd700000, 0x00000000fd800000, 0x00000000fd800000|100%| E|CS|TAMS 0x00000000fd700000| PB 0x00000000fd700000| Complete 
|2008|0x00000000fd800000, 0x00000000fd900000, 0x00000000fd900000|100%| E|CS|TAMS 0x00000000fd800000| PB 0x00000000fd800000| Complete 
|2009|0x00000000fd900000, 0x00000000fda00000, 0x00000000fda00000|100%| O|  |TAMS 0x00000000fda00000| PB 0x00000000fda00000| Updating 
|2010|0x00000000fda00000, 0x00000000fdb00000, 0x00000000fdb00000|100%| O|  |TAMS 0x00000000fdb00000| PB 0x00000000fdb00000| Untracked 
|2011|0x00000000fdb00000, 0x00000000fdc00000, 0x00000000fdc00000|100%| O|  |TAMS 0x00000000fdc00000| PB 0x00000000fdc00000| Untracked 
|2012|0x00000000fdc00000, 0x00000000fdd00000, 0x00000000fdd00000|100%| E|CS|TAMS 0x00000000fdc00000| PB 0x00000000fdc00000| Complete 
|2013|0x00000000fdd00000, 0x00000000fde00000, 0x00000000fde00000|100%| O|  |TAMS 0x00000000fde00000| PB 0x00000000fde00000| Updating 
|2014|0x00000000fde00000, 0x00000000fdf00000, 0x00000000fdf00000|100%| O|  |TAMS 0x00000000fdf00000| PB 0x00000000fdf00000| Untracked 
|2015|0x00000000fdf00000, 0x00000000fe000000, 0x00000000fe000000|100%| O|  |TAMS 0x00000000fe000000| PB 0x00000000fe000000| Untracked 
|2016|0x00000000fe000000, 0x00000000fe100000, 0x00000000fe100000|100%| O|  |TAMS 0x00000000fe100000| PB 0x00000000fe100000| Untracked 
|2017|0x00000000fe100000, 0x00000000fe200000, 0x00000000fe200000|100%| O|  |TAMS 0x00000000fe200000| PB 0x00000000fe200000| Untracked 
|2018|0x00000000fe200000, 0x00000000fe300000, 0x00000000fe300000|100%| O|  |TAMS 0x00000000fe300000| PB 0x00000000fe300000| Untracked 
|2019|0x00000000fe300000, 0x00000000fe400000, 0x00000000fe400000|100%| O|  |TAMS 0x00000000fe400000| PB 0x00000000fe400000| Untracked 
|2020|0x00000000fe400000, 0x00000000fe500000, 0x00000000fe500000|100%| O|  |TAMS 0x00000000fe500000| PB 0x00000000fe500000| Untracked 
|2021|0x00000000fe500000, 0x00000000fe600000, 0x00000000fe600000|100%| O|  |TAMS 0x00000000fe600000| PB 0x00000000fe600000| Untracked 
|2022|0x00000000fe600000, 0x00000000fe700000, 0x00000000fe700000|100%| O|  |TAMS 0x00000000fe700000| PB 0x00000000fe700000| Untracked 
|2023|0x00000000fe700000, 0x00000000fe800000, 0x00000000fe800000|100%| O|  |TAMS 0x00000000fe800000| PB 0x00000000fe800000| Untracked 
|2024|0x00000000fe800000, 0x00000000fe900000, 0x00000000fe900000|100%| O|  |TAMS 0x00000000fe900000| PB 0x00000000fe900000| Untracked 
|2025|0x00000000fe900000, 0x00000000fea00000, 0x00000000fea00000|100%| O|  |TAMS 0x00000000fea00000| PB 0x00000000fea00000| Untracked 
|2026|0x00000000fea00000, 0x00000000feb00000, 0x00000000feb00000|100%| O|  |TAMS 0x00000000feb00000| PB 0x00000000feb00000| Untracked 
|2027|0x00000000feb00000, 0x00000000fec00000, 0x00000000fec00000|100%| O|  |TAMS 0x00000000fec00000| PB 0x00000000fec00000| Untracked 
|2028|0x00000000fec00000, 0x00000000fed00000, 0x00000000fed00000|100%| O|  |TAMS 0x00000000fed00000| PB 0x00000000fed00000| Untracked 
|2029|0x00000000fed00000, 0x00000000fee00000, 0x00000000fee00000|100%| O|  |TAMS 0x00000000fee00000| PB 0x00000000fee00000| Untracked 
|2030|0x00000000fee00000, 0x00000000fef00000, 0x00000000fef00000|100%| O|  |TAMS 0x00000000fef00000| PB 0x00000000fef00000| Untracked 
|2031|0x00000000fef00000, 0x00000000ff000000, 0x00000000ff000000|100%| O|  |TAMS 0x00000000ff000000| PB 0x00000000ff000000| Untracked 
|2032|0x00000000ff000000, 0x00000000ff100000, 0x00000000ff100000|100%| O|  |TAMS 0x00000000ff100000| PB 0x00000000ff100000| Untracked 
|2033|0x00000000ff100000, 0x00000000ff200000, 0x00000000ff200000|100%| O|  |TAMS 0x00000000ff200000| PB 0x00000000ff200000| Untracked 
|2034|0x00000000ff200000, 0x00000000ff300000, 0x00000000ff300000|100%| O|  |TAMS 0x00000000ff300000| PB 0x00000000ff300000| Untracked 
|2035|0x00000000ff300000, 0x00000000ff400000, 0x00000000ff400000|100%| O|  |TAMS 0x00000000ff400000| PB 0x00000000ff400000| Untracked 
|2036|0x00000000ff400000, 0x00000000ff500000, 0x00000000ff500000|100%| E|  |TAMS 0x00000000ff400000| PB 0x00000000ff400000| Complete 
|2037|0x00000000ff500000, 0x00000000ff600000, 0x00000000ff600000|100%| O|  |TAMS 0x00000000ff600000| PB 0x00000000ff600000| Untracked 
|2038|0x00000000ff600000, 0x00000000ff700000, 0x00000000ff700000|100%| O|  |TAMS 0x00000000ff700000| PB 0x00000000ff700000| Untracked 
|2039|0x00000000ff700000, 0x00000000ff800000, 0x00000000ff800000|100%| O|  |TAMS 0x00000000ff800000| PB 0x00000000ff800000| Untracked 
|2040|0x00000000ff800000, 0x00000000ff900000, 0x00000000ff900000|100%| O|  |TAMS 0x00000000ff900000| PB 0x00000000ff900000| Untracked 
|2041|0x00000000ff900000, 0x00000000ffa00000, 0x00000000ffa00000|100%| O|  |TAMS 0x00000000ffa00000| PB 0x00000000ffa00000| Untracked 
|2042|0x00000000ffa00000, 0x00000000ffb00000, 0x00000000ffb00000|100%| O|  |TAMS 0x00000000ffb00000| PB 0x00000000ffb00000| Updating 
|2043|0x00000000ffb00000, 0x00000000ffc00000, 0x00000000ffc00000|100%| E|CS|TAMS 0x00000000ffb00000| PB 0x00000000ffb00000| Complete 
|2044|0x00000000ffc00000, 0x00000000ffd00000, 0x00000000ffd00000|100%| E|CS|TAMS 0x00000000ffc00000| PB 0x00000000ffc00000| Complete 
|2045|0x00000000ffd00000, 0x00000000ffe00000, 0x00000000ffe00000|100%| O|  |TAMS 0x00000000ffe00000| PB 0x00000000ffe00000| Untracked 
|2046|0x00000000ffe00000, 0x00000000fff00000, 0x00000000fff00000|100%| O|  |TAMS 0x00000000fff00000| PB 0x00000000fff00000| Updating 
|2047|0x00000000fff00000, 0x0000000100000000, 0x0000000100000000|100%| E|CS|TAMS 0x00000000fff00000| PB 0x00000000fff00000| Complete 

Card table byte_map: [0x000001d512b00000,0x000001d512f00000] _byte_map_base: 0x000001d512700000

Marking Bits: (CMBitMap*) 0x000001d57f915340
 Bits: [0x000001d512f00000, 0x000001d514f00000)

Polling page: 0x000001d57dee0000

Metaspace:

Usage:
  Non-class:    117.67 MB used.
      Class:     19.77 MB used.
       Both:    137.44 MB used.

Virtual space:
  Non-class space:      128.00 MB reserved,     118.88 MB ( 93%) committed,  2 nodes.
      Class space:        1.00 GB reserved,      20.88 MB (  2%) committed,  1 nodes.
             Both:        1.12 GB reserved,     139.75 MB ( 12%) committed. 

Chunk freelists:
   Non-Class:  8.77 MB
       Class:  10.95 MB
        Both:  19.72 MB

MaxMetaspaceSize: unlimited
CompressedClassSpaceSize: 1.00 GB
Initial GC threshold: 21.00 MB
Current GC threshold: 229.06 MB
CDS: off
 - commit_granule_bytes: 65536.
 - commit_granule_words: 8192.
 - virtual_space_node_default_size: 8388608.
 - enlarge_chunks_in_place: 1.
 - use_allocation_guard: 0.


Internal statistics:

num_allocs_failed_limit: 9.
num_arena_births: 4856.
num_arena_deaths: 30.
num_vsnodes_births: 3.
num_vsnodes_deaths: 0.
num_space_committed: 2236.
num_space_uncommitted: 0.
num_chunks_returned_to_freelist: 54.
num_chunks_taken_from_freelist: 10965.
num_chunk_merges: 21.
num_chunk_splits: 7176.
num_chunks_enlarged: 4575.
num_inconsistent_stats: 0.

CodeHeap 'non-profiled nmethods': size=120000Kb used=9760Kb max_used=9919Kb free=110239Kb
 bounds [0x000001d50ab70000, 0x000001d50b520000, 0x000001d5120a0000]
CodeHeap 'profiled nmethods': size=120000Kb used=34162Kb max_used=36214Kb free=85838Kb
 bounds [0x000001d5030a0000, 0x000001d505400000, 0x000001d50a5d0000]
CodeHeap 'non-nmethods': size=5760Kb used=2088Kb max_used=2138Kb free=3672Kb
 bounds [0x000001d50a5d0000, 0x000001d50a840000, 0x000001d50ab70000]
CodeCache: size=245760Kb, used=46010Kb, max_used=48271Kb, free=199749Kb
 total_blobs=17494, nmethods=16541, adapters=856, full_count=0
Compilation: enabled, stopped_count=0, restarted_count=0

Compilation events (20 events):
Event: 60.946 Thread 0x000001d51c0a53d0 21691       3       com.android.tools.r8.internal.ki2::a (524 bytes)
Event: 60.952 Thread 0x000001d51c0a53d0 nmethod 21691 0x000001d5053f6a10 code [0x000001d5053f6f00, 0x000001d5053f9fd0]
Event: 61.016 Thread 0x000001d51c0a53d0 21692 %     2       com.android.tools.r8.graph.oa::b @ 15 (64 bytes)
Event: 61.021 Thread 0x000001d51c0a53d0 nmethod 21692% 0x000001d5053fad90 code [0x000001d5053fafc0, 0x000001d5053fb418]
Event: 61.047 Thread 0x000001d51c0a53d0 21694       3       com.android.tools.r8.internal.oq2::<init> (37 bytes)
Event: 61.048 Thread 0x000001d51c0a53d0 nmethod 21694 0x000001d5053fb610 code [0x000001d5053fb7c0, 0x000001d5053fb978]
Event: 61.070 Thread 0x000001d51c0a53d0 21695       3       com.android.tools.r8.internal.tn::a (51 bytes)
Event: 61.071 Thread 0x000001d51c0a53d0 nmethod 21695 0x000001d5053fba10 code [0x000001d5053fbc00, 0x000001d5053fc080]
Event: 61.094 Thread 0x000001d51c0a53d0 21697       3       com.android.tools.r8.ir.optimize.j1$$Lambda/0x0000000101453c18::apply (8 bytes)
Event: 61.095 Thread 0x000001d51c0a53d0 nmethod 21697 0x000001d5053fc290 code [0x000001d5053fc460, 0x000001d5053fc8e8]
Event: 61.108 Thread 0x000001d51c0a53d0 21698       2       com.android.tools.r8.internal.rm::a (24 bytes)
Event: 61.109 Thread 0x000001d51c0a53d0 nmethod 21698 0x000001d5053fca90 code [0x000001d5053fcc40, 0x000001d5053fcdf0]
Event: 61.139 Thread 0x000001d51c0a53d0 21699       3       com.android.tools.r8.internal.tk::a (109 bytes)
Event: 61.140 Thread 0x000001d51c0a53d0 nmethod 21699 0x000001d5053fcf90 code [0x000001d5053fd1a0, 0x000001d5053fd688]
Event: 61.144 Thread 0x000001d51c0a53d0 21701       1       com.sun.management.internal.PlatformMBeanProviderImpl$3::mbeanInterfaceNames (5 bytes)
Event: 61.144 Thread 0x000001d51c0a53d0 nmethod 21701 0x000001d50b51f410 code [0x000001d50b51f5a0, 0x000001d50b51f668]
Event: 61.144 Thread 0x000001d51c0a53d0 21702       1       java.lang.management.DefaultPlatformMBeanProvider$5::mbeanInterfaceNames (5 bytes)
Event: 61.144 Thread 0x000001d51c0a53d0 nmethod 21702 0x000001d50b51f710 code [0x000001d50b51f8a0, 0x000001d50b51f968]
Event: 61.144 Thread 0x000001d51c0a53d0 21703       1       java.lang.management.DefaultPlatformMBeanProvider$6::mbeanInterfaceNames (5 bytes)
Event: 61.144 Thread 0x000001d51c0a53d0 nmethod 21703 0x000001d50b51fa10 code [0x000001d50b51fba0, 0x000001d50b51fc68]

GC Heap History (20 events):
Event: 51.893 GC heap before
{Heap before GC invocations=77 (full 0):
 garbage-first heap   total 842752K, used 749568K [0x0000000080000000, 0x0000000100000000)
  region size 1024K, 220 young (225280K), 32 survivors (32768K)
 Metaspace       used 133191K, committed 135552K, reserved 1179648K
  class space    used 19253K, committed 20416K, reserved 1048576K
}
Event: 51.958 GC heap after
{Heap after GC invocations=78 (full 0):
 garbage-first heap   total 1170432K, used 582144K [0x0000000080000000, 0x0000000100000000)
  region size 1024K, 28 young (28672K), 28 survivors (28672K)
 Metaspace       used 133191K, committed 135552K, reserved 1179648K
  class space    used 19253K, committed 20416K, reserved 1048576K
}
Event: 53.403 GC heap before
{Heap before GC invocations=78 (full 0):
 garbage-first heap   total 1170432K, used 986624K [0x0000000080000000, 0x0000000100000000)
  region size 1024K, 423 young (433152K), 28 survivors (28672K)
 Metaspace       used 135112K, committed 137536K, reserved 1179648K
  class space    used 19614K, committed 20736K, reserved 1048576K
}
Event: 53.485 GC heap after
{Heap after GC invocations=79 (full 0):
 garbage-first heap   total 1170432K, used 653824K [0x0000000080000000, 0x0000000100000000)
  region size 1024K, 53 young (54272K), 53 survivors (54272K)
 Metaspace       used 135112K, committed 137536K, reserved 1179648K
  class space    used 19614K, committed 20736K, reserved 1048576K
}
Event: 55.053 GC heap before
{Heap before GC invocations=80 (full 0):
 garbage-first heap   total 1170432K, used 1006080K [0x0000000080000000, 0x0000000100000000)
  region size 1024K, 398 young (407552K), 53 survivors (54272K)
 Metaspace       used 136822K, committed 139200K, reserved 1179648K
  class space    used 19835K, committed 20992K, reserved 1048576K
}
Event: 55.125 GC heap after
{Heap after GC invocations=81 (full 0):
 garbage-first heap   total 1170432K, used 699904K [0x0000000080000000, 0x0000000100000000)
  region size 1024K, 43 young (44032K), 43 survivors (44032K)
 Metaspace       used 136822K, committed 139200K, reserved 1179648K
  class space    used 19835K, committed 20992K, reserved 1048576K
}
Event: 55.946 GC heap before
{Heap before GC invocations=81 (full 0):
 garbage-first heap   total 1170432K, used 1030656K [0x0000000080000000, 0x0000000100000000)
  region size 1024K, 367 young (375808K), 43 survivors (44032K)
 Metaspace       used 137562K, committed 139968K, reserved 1179648K
  class space    used 19876K, committed 21056K, reserved 1048576K
}
Event: 56.009 GC heap after
{Heap after GC invocations=82 (full 0):
 garbage-first heap   total 1170432K, used 719360K [0x0000000080000000, 0x0000000100000000)
  region size 1024K, 28 young (28672K), 28 survivors (28672K)
 Metaspace       used 137562K, committed 139968K, reserved 1179648K
  class space    used 19876K, committed 21056K, reserved 1048576K
}
Event: 56.645 GC heap before
{Heap before GC invocations=82 (full 0):
 garbage-first heap   total 1170432K, used 1047040K [0x0000000080000000, 0x0000000100000000)
  region size 1024K, 349 young (357376K), 28 survivors (28672K)
 Metaspace       used 137890K, committed 140352K, reserved 1179648K
  class space    used 19879K, committed 21056K, reserved 1048576K
}
Event: 56.679 GC heap after
{Heap after GC invocations=83 (full 0):
 garbage-first heap   total 1170432K, used 738816K [0x0000000080000000, 0x0000000100000000)
  region size 1024K, 22 young (22528K), 22 survivors (22528K)
 Metaspace       used 137890K, committed 140352K, reserved 1179648K
  class space    used 19879K, committed 21056K, reserved 1048576K
}
Event: 57.461 GC heap before
{Heap before GC invocations=83 (full 0):
 garbage-first heap   total 1170432K, used 1062400K [0x0000000080000000, 0x0000000100000000)
  region size 1024K, 339 young (347136K), 22 survivors (22528K)
 Metaspace       used 138308K, committed 140736K, reserved 1179648K
  class space    used 19887K, committed 21056K, reserved 1048576K
}
Event: 57.491 GC heap after
{Heap after GC invocations=84 (full 0):
 garbage-first heap   total 1170432K, used 760832K [0x0000000080000000, 0x0000000100000000)
  region size 1024K, 43 young (44032K), 43 survivors (44032K)
 Metaspace       used 138308K, committed 140736K, reserved 1179648K
  class space    used 19887K, committed 21056K, reserved 1048576K
}
Event: 58.291 GC heap before
{Heap before GC invocations=85 (full 0):
 garbage-first heap   total 1268736K, used 1076224K [0x0000000080000000, 0x0000000100000000)
  region size 1024K, 352 young (360448K), 43 survivors (44032K)
 Metaspace       used 138435K, committed 140864K, reserved 1179648K
  class space    used 19897K, committed 21056K, reserved 1048576K
}
Event: 58.329 GC heap after
{Heap after GC invocations=86 (full 0):
 garbage-first heap   total 1268736K, used 776704K [0x0000000080000000, 0x0000000100000000)
  region size 1024K, 19 young (19456K), 19 survivors (19456K)
 Metaspace       used 138435K, committed 140864K, reserved 1179648K
  class space    used 19897K, committed 21056K, reserved 1048576K
}
Event: 59.121 GC heap before
{Heap before GC invocations=86 (full 0):
 garbage-first heap   total 1268736K, used 1160704K [0x0000000080000000, 0x0000000100000000)
  region size 1024K, 395 young (404480K), 19 survivors (19456K)
 Metaspace       used 139474K, committed 141824K, reserved 1179648K
  class space    used 20065K, committed 21184K, reserved 1048576K
}
Event: 59.154 GC heap after
{Heap after GC invocations=87 (full 0):
 garbage-first heap   total 1268736K, used 788992K [0x0000000080000000, 0x0000000100000000)
  region size 1024K, 36 young (36864K), 36 survivors (36864K)
 Metaspace       used 139474K, committed 141824K, reserved 1179648K
  class space    used 20065K, committed 21184K, reserved 1048576K
}
Event: 59.884 GC heap before
{Heap before GC invocations=87 (full 0):
 garbage-first heap   total 1268736K, used 1172992K [0x0000000080000000, 0x0000000100000000)
  region size 1024K, 412 young (421888K), 36 survivors (36864K)
 Metaspace       used 140481K, committed 142848K, reserved 1179648K
  class space    used 20200K, committed 21312K, reserved 1048576K
}
Event: 59.925 GC heap after
{Heap after GC invocations=88 (full 0):
 garbage-first heap   total 1268736K, used 808448K [0x0000000080000000, 0x0000000100000000)
  region size 1024K, 39 young (39936K), 39 survivors (39936K)
 Metaspace       used 140481K, committed 142848K, reserved 1179648K
  class space    used 20200K, committed 21312K, reserved 1048576K
}
Event: 60.957 GC heap before
{Heap before GC invocations=88 (full 0):
 garbage-first heap   total 1268736K, used 1184256K [0x0000000080000000, 0x0000000100000000)
  region size 1024K, 407 young (416768K), 39 survivors (39936K)
 Metaspace       used 140742K, committed 143104K, reserved 1179648K
  class space    used 20248K, committed 21376K, reserved 1048576K
}
Event: 61.009 GC heap after
{Heap after GC invocations=89 (full 0):
 garbage-first heap   total 1268736K, used 836096K [0x0000000080000000, 0x0000000100000000)
  region size 1024K, 47 young (48128K), 47 survivors (48128K)
 Metaspace       used 140742K, committed 143104K, reserved 1179648K
  class space    used 20248K, committed 21376K, reserved 1048576K
}

Dll operation events (3 events):
Event: 0.014 Loaded shared library C:\Program Files\Android\Android Studio\jbr\bin\java.dll
Event: 0.020 Loaded shared library C:\Program Files\Android\Android Studio\jbr\bin\zip.dll
Event: 1.910 Loaded shared library C:\Program Files\Android\Android Studio\jbr\bin\verify.dll

Deoptimization events (20 events):
Event: 60.844 Thread 0x000001d51c57ae00 Uncommon trap: trap_request=0xffffffbe fr.pc=0x000001d50b3a3ca8 relative=0x0000000000001328
Event: 60.844 Thread 0x000001d51c57ae00 Uncommon trap: reason=profile_predicate action=maybe_recompile pc=0x000001d50b3a3ca8 method=com.android.tools.r8.internal.jy2.put(Ljava/lang/Object;Ljava/lang/Object;)Ljava/lang/Object; @ 92 c2
Event: 60.844 Thread 0x000001d51c57ae00 DEOPT PACKING pc=0x000001d50b3a3ca8 sp=0x000000d4f86f9b00
Event: 60.844 Thread 0x000001d51c57ae00 DEOPT UNPACKING pc=0x000001d50a6243a2 sp=0x000000d4f86f9af0 mode 2
Event: 60.844 Thread 0x000001d51c57ae00 Uncommon trap: trap_request=0xffffffbe fr.pc=0x000001d50b3a3ca8 relative=0x0000000000001328
Event: 60.844 Thread 0x000001d51c57ae00 Uncommon trap: reason=profile_predicate action=maybe_recompile pc=0x000001d50b3a3ca8 method=com.android.tools.r8.internal.jy2.put(Ljava/lang/Object;Ljava/lang/Object;)Ljava/lang/Object; @ 92 c2
Event: 60.844 Thread 0x000001d51c57ae00 DEOPT PACKING pc=0x000001d50b3a3ca8 sp=0x000000d4f86f9b00
Event: 60.844 Thread 0x000001d51c57ae00 DEOPT UNPACKING pc=0x000001d50a6243a2 sp=0x000000d4f86f9af0 mode 2
Event: 60.854 Thread 0x000001d51c57ae00 DEOPT PACKING pc=0x000001d50523de21 sp=0x000000d4f86fa020
Event: 60.854 Thread 0x000001d51c57ae00 DEOPT UNPACKING pc=0x000001d50a624b42 sp=0x000000d4f86f9530 mode 0
Event: 60.867 Thread 0x000001d51c57ae00 DEOPT PACKING pc=0x000001d50523de42 sp=0x000000d4f86fa140
Event: 60.867 Thread 0x000001d51c57ae00 DEOPT UNPACKING pc=0x000001d50a624b42 sp=0x000000d4f86f9650 mode 0
Event: 60.885 Thread 0x000001d51c57ae00 DEOPT PACKING pc=0x000001d50523de21 sp=0x000000d4f86fa020
Event: 60.885 Thread 0x000001d51c57ae00 DEOPT UNPACKING pc=0x000001d50a624b42 sp=0x000000d4f86f9530 mode 0
Event: 60.894 Thread 0x000001d51c57ae00 DEOPT PACKING pc=0x000001d5047ec27d sp=0x000000d4f86fab70
Event: 60.894 Thread 0x000001d51c57ae00 DEOPT UNPACKING pc=0x000001d50a624b42 sp=0x000000d4f86fa020 mode 0
Event: 60.919 Thread 0x000001d51c57ae00 Uncommon trap: trap_request=0xffffff45 fr.pc=0x000001d50b1135f8 relative=0x0000000000002b58
Event: 60.919 Thread 0x000001d51c57ae00 Uncommon trap: reason=unstable_if action=reinterpret pc=0x000001d50b1135f8 method=com.android.tools.r8.graph.i6.V0()Z @ 48 c2
Event: 60.919 Thread 0x000001d51c57ae00 DEOPT PACKING pc=0x000001d50b1135f8 sp=0x000000d4f86f9f30
Event: 60.919 Thread 0x000001d51c57ae00 DEOPT UNPACKING pc=0x000001d50a6243a2 sp=0x000000d4f86f9dc8 mode 2

Classes loaded (20 events):
Event: 49.571 Loading class java/util/concurrent/ConcurrentHashMap$TreeBin
Event: 49.573 Loading class java/util/concurrent/ConcurrentHashMap$TreeBin done
Event: 51.285 Loading class java/util/IdentityHashMap$EntrySpliterator
Event: 51.287 Loading class java/util/IdentityHashMap$IdentityHashMapSpliterator
Event: 51.288 Loading class java/util/IdentityHashMap$IdentityHashMapSpliterator done
Event: 51.288 Loading class java/util/IdentityHashMap$EntrySpliterator done
Event: 51.486 Loading class java/util/SortedSet$1
Event: 51.488 Loading class java/util/SortedSet$1 done
Event: 54.490 Loading class java/util/IdentityHashMap$ValueIterator
Event: 54.505 Loading class java/util/IdentityHashMap$ValueIterator done
Event: 59.677 Loading class java/nio/ShortBuffer
Event: 59.686 Loading class java/nio/ShortBuffer done
Event: 59.828 Loading class java/nio/ByteBufferAsShortBufferL
Event: 59.831 Loading class java/nio/ByteBufferAsShortBufferL done
Event: 59.991 Loading class java/util/zip/Adler32
Event: 59.994 Loading class java/util/zip/Adler32 done
Event: 60.173 Loading class java/nio/file/Files$2
Event: 60.174 Loading class java/nio/file/Files$2 done
Event: 60.192 Loading class sun/nio/ch/ChannelOutputStream
Event: 60.193 Loading class sun/nio/ch/ChannelOutputStream done

Classes unloaded (15 events):
Event: 50.373 Thread 0x000001d517c4e740 Unloading class 0x00000001012e0800 'java/lang/invoke/LambdaForm$DMH+0x00000001012e0800'
Event: 50.373 Thread 0x000001d517c4e740 Unloading class 0x00000001012e0400 'java/lang/invoke/LambdaForm$DMH+0x00000001012e0400'
Event: 50.373 Thread 0x000001d517c4e740 Unloading class 0x00000001012e1000 'java/lang/invoke/LambdaForm$DMH+0x00000001012e1000'
Event: 50.373 Thread 0x000001d517c4e740 Unloading class 0x00000001012e0c00 'java/lang/invoke/LambdaForm$DMH+0x00000001012e0c00'
Event: 50.373 Thread 0x000001d517c4e740 Unloading class 0x0000000101274000 'java/lang/invoke/LambdaForm$DMH+0x0000000101274000'
Event: 50.373 Thread 0x000001d517c4e740 Unloading class 0x0000000101274c00 'java/lang/invoke/LambdaForm$DMH+0x0000000101274c00'
Event: 50.373 Thread 0x000001d517c4e740 Unloading class 0x0000000101274800 'java/lang/invoke/LambdaForm$DMH+0x0000000101274800'
Event: 54.273 Thread 0x000001d517c4e740 Unloading class 0x00000001013f0000 'java/lang/invoke/LambdaForm$DMH+0x00000001013f0000'
Event: 54.273 Thread 0x000001d517c4e740 Unloading class 0x0000000101399800 'java/lang/invoke/LambdaForm$DMH+0x0000000101399800'
Event: 54.273 Thread 0x000001d517c4e740 Unloading class 0x0000000101399400 'java/lang/invoke/LambdaForm$DMH+0x0000000101399400'
Event: 54.273 Thread 0x000001d517c4e740 Unloading class 0x0000000101398c00 'java/lang/invoke/LambdaForm$DMH+0x0000000101398c00'
Event: 54.273 Thread 0x000001d517c4e740 Unloading class 0x0000000101398800 'java/lang/invoke/LambdaForm$DMH+0x0000000101398800'
Event: 54.273 Thread 0x000001d517c4e740 Unloading class 0x0000000101398400 'java/lang/invoke/LambdaForm$DMH+0x0000000101398400'
Event: 54.273 Thread 0x000001d517c4e740 Unloading class 0x0000000101398000 'java/lang/invoke/LambdaForm$DMH+0x0000000101398000'
Event: 57.632 Thread 0x000001d517c4e740 Unloading class 0x000000010142c400 'java/lang/invoke/LambdaForm$DMH+0x000000010142c400'

Classes redefined (0 events):
No events

Internal exceptions (20 events):
Event: 60.201 Thread 0x000001d51c57ae00 Exception <a 'sun/nio/fs/WindowsException'{0x00000000c5d89318}> (0x00000000c5d89318) 
thrown [s\src\hotspot\share\prims\jni.cpp, line 537]
Event: 60.214 Thread 0x000001d51c57ae00 Exception <a 'sun/nio/fs/WindowsException'{0x00000000c5d9c0f8}> (0x00000000c5d9c0f8) 
thrown [s\src\hotspot\share\prims\jni.cpp, line 537]
Event: 60.216 Thread 0x000001d51c57ae00 Exception <a 'sun/nio/fs/WindowsException'{0x00000000c5da5ee8}> (0x00000000c5da5ee8) 
thrown [s\src\hotspot\share\prims\jni.cpp, line 537]
Event: 60.217 Thread 0x000001d51c57ae00 Exception <a 'sun/nio/fs/WindowsException'{0x00000000c5db5c10}> (0x00000000c5db5c10) 
thrown [s\src\hotspot\share\prims\jni.cpp, line 537]
Event: 60.221 Thread 0x000001d51c57ae00 Exception <a 'sun/nio/fs/WindowsException'{0x00000000c5dbe518}> (0x00000000c5dbe518) 
thrown [s\src\hotspot\share\prims\jni.cpp, line 537]
Event: 60.223 Thread 0x000001d51c57ae00 Exception <a 'sun/nio/fs/WindowsException'{0x00000000c5dc6d38}> (0x00000000c5dc6d38) 
thrown [s\src\hotspot\share\prims\jni.cpp, line 537]
Event: 60.225 Thread 0x000001d51c57ae00 Exception <a 'sun/nio/fs/WindowsException'{0x00000000c5dd0058}> (0x00000000c5dd0058) 
thrown [s\src\hotspot\share\prims\jni.cpp, line 537]
Event: 60.227 Thread 0x000001d51c57ae00 Exception <a 'sun/nio/fs/WindowsException'{0x00000000c5dd8850}> (0x00000000c5dd8850) 
thrown [s\src\hotspot\share\prims\jni.cpp, line 537]
Event: 60.425 Thread 0x000001d51c57ae00 Exception <a 'sun/nio/fs/WindowsException'{0x00000000c40d1eb8}> (0x00000000c40d1eb8) 
thrown [s\src\hotspot\share\prims\jni.cpp, line 537]
Event: 60.459 Thread 0x000001d51c57ae00 Exception <a 'sun/nio/fs/WindowsException'{0x00000000c0a889c0}> (0x00000000c0a889c0) 
thrown [s\src\hotspot\share\prims\jni.cpp, line 537]
Event: 60.540 Thread 0x000001d51f747620 Exception <a 'sun/nio/fs/WindowsException'{0x00000000bdf24840}> (0x00000000bdf24840) 
thrown [s\src\hotspot\share\prims\jni.cpp, line 537]
Event: 60.677 Thread 0x000001d51c57ae00 Exception <a 'sun/nio/fs/WindowsException'{0x00000000ba8ef318}> (0x00000000ba8ef318) 
thrown [s\src\hotspot\share\prims\jni.cpp, line 537]
Event: 60.707 Thread 0x000001d51c57ae00 Exception <a 'sun/nio/fs/WindowsException'{0x00000000b9d4a0e0}> (0x00000000b9d4a0e0) 
thrown [s\src\hotspot\share\prims\jni.cpp, line 537]
Event: 60.717 Thread 0x000001d51c57ae00 Exception <a 'sun/nio/fs/WindowsException'{0x00000000b9d5a828}> (0x00000000b9d5a828) 
thrown [s\src\hotspot\share\prims\jni.cpp, line 537]
Event: 60.724 Thread 0x000001d51c57ae00 Exception <a 'sun/nio/fs/WindowsException'{0x00000000b9d67a60}> (0x00000000b9d67a60) 
thrown [s\src\hotspot\share\prims\jni.cpp, line 537]
Event: 60.725 Thread 0x000001d51c57ae00 Exception <a 'sun/nio/fs/WindowsException'{0x00000000b9d68870}> (0x00000000b9d68870) 
thrown [s\src\hotspot\share\prims\jni.cpp, line 537]
Event: 60.725 Thread 0x000001d51c57ae00 Exception <a 'sun/nio/fs/WindowsException'{0x00000000b9d69850}> (0x00000000b9d69850) 
thrown [s\src\hotspot\share\prims\jni.cpp, line 537]
Event: 60.725 Thread 0x000001d51c57ae00 Exception <a 'sun/nio/fs/WindowsException'{0x00000000b9d6aa88}> (0x00000000b9d6aa88) 
thrown [s\src\hotspot\share\prims\jni.cpp, line 537]
Event: 60.734 Thread 0x000001d51c57ae00 Exception <a 'sun/nio/fs/WindowsException'{0x00000000b9d712e0}> (0x00000000b9d712e0) 
thrown [s\src\hotspot\share\prims\jni.cpp, line 537]
Event: 60.734 Thread 0x000001d51c57ae00 Exception <a 'sun/nio/fs/WindowsException'{0x00000000b9d723c8}> (0x00000000b9d723c8) 
thrown [s\src\hotspot\share\prims\jni.cpp, line 537]

ZGC Phase Switch (0 events):
No events

VM Operations (20 events):
Event: 59.607 Executing non-safepoint VM operation: HandshakeAllThreads (Deoptimize) done
Event: 59.612 Executing non-safepoint VM operation: HandshakeAllThreads (Deoptimize)
Event: 59.618 Executing non-safepoint VM operation: HandshakeAllThreads (Deoptimize) done
Event: 59.744 Executing non-safepoint VM operation: HandshakeAllThreads (Deoptimize)
Event: 59.747 Executing non-safepoint VM operation: HandshakeAllThreads (Deoptimize) done
Event: 59.884 Executing safepoint VM operation: G1CollectForAllocation (G1 Evacuation Pause)
Event: 59.925 Executing safepoint VM operation: G1CollectForAllocation (G1 Evacuation Pause) done
Event: 59.998 Executing non-safepoint VM operation: HandshakeAllThreads (Deoptimize)
Event: 60.157 Executing non-safepoint VM operation: HandshakeAllThreads (Deoptimize) done
Event: 60.157 Executing non-safepoint VM operation: HandshakeAllThreads (HandshakeForDeflation)
Event: 60.233 Executing non-safepoint VM operation: HandshakeAllThreads (HandshakeForDeflation) done
Event: 60.233 Executing non-safepoint VM operation: RendezvousGCThreads
Event: 60.234 Executing non-safepoint VM operation: RendezvousGCThreads done
Event: 60.284 Executing non-safepoint VM operation: HandshakeAllThreads (Deoptimize)
Event: 60.394 Executing non-safepoint VM operation: HandshakeAllThreads (Deoptimize) done
Event: 60.890 Executing safepoint VM operation: ICBufferFull
Event: 60.891 Executing safepoint VM operation: ICBufferFull done
Event: 60.956 Executing safepoint VM operation: G1CollectForAllocation (G1 Evacuation Pause)
Event: 61.009 Executing safepoint VM operation: G1CollectForAllocation (G1 Evacuation Pause) done
Event: 61.156 Executing safepoint VM operation: G1PauseRemark

Memory protections (0 events):
No events

Nmethod flushes (20 events):
Event: 61.171 Thread 0x000001d517c4e740 flushing  nmethod 0x000001d504a59510
Event: 61.171 Thread 0x000001d517c4e740 flushing  nmethod 0x000001d504a5a690
Event: 61.171 Thread 0x000001d517c4e740 flushing  nmethod 0x000001d504a5ab90
Event: 61.171 Thread 0x000001d517c4e740 flushing  nmethod 0x000001d504a95190
Event: 61.171 Thread 0x000001d517c4e740 flushing  nmethod 0x000001d504a95510
Event: 61.171 Thread 0x000001d517c4e740 flushing  nmethod 0x000001d504a95990
Event: 61.171 Thread 0x000001d517c4e740 flushing  nmethod 0x000001d504a95f10
Event: 61.171 Thread 0x000001d517c4e740 flushing  nmethod 0x000001d504a96c10
Event: 61.171 Thread 0x000001d517c4e740 flushing  nmethod 0x000001d504a97690
Event: 61.171 Thread 0x000001d517c4e740 flushing  nmethod 0x000001d504a97c10
Event: 61.171 Thread 0x000001d517c4e740 flushing  nmethod 0x000001d504a97f90
Event: 61.171 Thread 0x000001d517c4e740 flushing  nmethod 0x000001d504a98390
Event: 61.171 Thread 0x000001d517c4e740 flushing  nmethod 0x000001d504a98c90
Event: 61.171 Thread 0x000001d517c4e740 flushing  nmethod 0x000001d504a99090
Event: 61.171 Thread 0x000001d517c4e740 flushing  nmethod 0x000001d504a99490
Event: 61.171 Thread 0x000001d517c4e740 flushing  nmethod 0x000001d504a99990
Event: 61.171 Thread 0x000001d517c4e740 flushing  nmethod 0x000001d504ba8590
Event: 61.171 Thread 0x000001d517c4e740 flushing  nmethod 0x000001d504babb90
Event: 61.171 Thread 0x000001d517c4e740 flushing  nmethod 0x000001d5050b4790
Event: 61.171 Thread 0x000001d517c4e740 flushing  nmethod 0x000001d5050b5310

Events (20 events):
Event: 43.702 Thread 0x000001d521949050 Thread added: 0x000001d523028da0
Event: 43.740 Thread 0x000001d52194b7b0 Thread added: 0x000001d52302c8b0
Event: 43.741 Thread 0x000001d52194b7b0 Thread added: 0x000001d52302cf40
Event: 43.741 Thread 0x000001d52194b7b0 Thread added: 0x000001d52302d5d0
Event: 43.742 Thread 0x000001d52194b7b0 Thread added: 0x000001d52302dc60
Event: 43.743 Thread 0x000001d52194b7b0 Thread added: 0x000001d52302e2f0
Event: 43.744 Thread 0x000001d52194b7b0 Thread added: 0x000001d52302e980
Event: 43.745 Thread 0x000001d51c0a2900 Thread added: 0x000001d5219c2f10
Event: 43.745 Thread 0x000001d52194b7b0 Thread added: 0x000001d52302b500
Event: 43.747 Thread 0x000001d52194b7b0 Thread added: 0x000001d5230303c0
Event: 43.748 Thread 0x000001d52194b7b0 Thread added: 0x000001d523030a50
Event: 44.105 Thread 0x000001d523028da0 Thread added: 0x000001d523029ac0
Event: 44.119 Thread 0x000001d523028da0 Thread added: 0x000001d523029430
Event: 44.137 Loaded shared library C:\Program Files\Android\Android Studio\jbr\bin\rmi.dll
Event: 44.141 Thread 0x000001d523028da0 Thread added: 0x000001d52302f010
Event: 44.355 Thread 0x000001d523028da0 Thread added: 0x000001d523031770
Event: 44.358 Thread 0x000001d523028da0 Thread added: 0x000001d52302fd30
Event: 44.439 Thread 0x000001d523031770 Thread added: 0x000001d523175cf0
Event: 46.467 Thread 0x000001d5219c2f10 Thread exited: 0x000001d5219c2f10
Event: 46.467 Thread 0x000001d5219c5120 Thread exited: 0x000001d5219c5120


Dynamic libraries:
0x00007ff733890000 - 0x00007ff73389a000 	C:\Program Files\Android\Android Studio\jbr\bin\java.exe
0x00007ff819700000 - 0x00007ff819967000 	C:\WINDOWS\SYSTEM32\ntdll.dll
0x00007ff818610000 - 0x00007ff8186d9000 	C:\WINDOWS\System32\KERNEL32.DLL
0x00007ff816d10000 - 0x00007ff817107000 	C:\WINDOWS\System32\KERNELBASE.dll
0x00007ff817110000 - 0x00007ff81725b000 	C:\WINDOWS\System32\ucrtbase.dll
0x00007fffef2b0000 - 0x00007fffef2cb000 	C:\Program Files\Android\Android Studio\jbr\bin\VCRUNTIME140.dll
0x00007fffe0b30000 - 0x00007fffe0b48000 	C:\Program Files\Android\Android Studio\jbr\bin\jli.dll
0x00007ff818cf0000 - 0x00007ff818eb6000 	C:\WINDOWS\System32\USER32.dll
0x00007ffffc280000 - 0x00007ffffc512000 	C:\WINDOWS\WinSxS\amd64_microsoft.windows.common-controls_6595b64144ccf1df_6.0.26100.8328_none_3e08182ce334b678\COMCTL32.dll
0x00007ff817260000 - 0x00007ff817287000 	C:\WINDOWS\System32\win32u.dll
0x00007ff817480000 - 0x00007ff817529000 	C:\WINDOWS\System32\msvcrt.dll
0x00007ff818010000 - 0x00007ff81803b000 	C:\WINDOWS\System32\GDI32.dll
0x00007ff817350000 - 0x00007ff81747c000 	C:\WINDOWS\System32\gdi32full.dll
0x00007ff816bb0000 - 0x00007ff816c53000 	C:\WINDOWS\System32\msvcp_win.dll
0x00007ff8184f0000 - 0x00007ff818522000 	C:\WINDOWS\System32\IMM32.DLL
0x00007ff813710000 - 0x00007ff81371c000 	C:\Program Files\Android\Android Studio\jbr\bin\vcruntime140_1.dll
0x00007fffcdd70000 - 0x00007fffcddfd000 	C:\Program Files\Android\Android Studio\jbr\bin\msvcp140.dll
0x00007fff81be0000 - 0x00007fff82876000 	C:\Program Files\Android\Android Studio\jbr\bin\server\jvm.dll
0x00007ff819220000 - 0x00007ff8192d6000 	C:\WINDOWS\System32\ADVAPI32.dll
0x00007ff818fd0000 - 0x00007ff819077000 	C:\WINDOWS\System32\sechost.dll
0x00007ff819100000 - 0x00007ff819218000 	C:\WINDOWS\System32\RPCRT4.dll
0x00007ff817f70000 - 0x00007ff817ff0000 	C:\WINDOWS\System32\WS2_32.dll
0x00007ff815fb0000 - 0x00007ff81600e000 	C:\WINDOWS\SYSTEM32\POWRPROF.dll
0x00007ff810240000 - 0x00007ff810276000 	C:\WINDOWS\SYSTEM32\WINMM.dll
0x00007ff810280000 - 0x00007ff81028b000 	C:\WINDOWS\SYSTEM32\VERSION.dll
0x00007ff815f90000 - 0x00007ff815fa4000 	C:\WINDOWS\SYSTEM32\UMPDC.dll
0x00007ff814e80000 - 0x00007ff814e9b000 	C:\WINDOWS\SYSTEM32\kernel.appcore.dll
0x00007fffff9d0000 - 0x00007fffff9da000 	C:\Program Files\Android\Android Studio\jbr\bin\jimage.dll
0x00007ff80a760000 - 0x00007ff80a9a2000 	C:\WINDOWS\SYSTEM32\DBGHELP.DLL
0x00007ff818140000 - 0x00007ff8184c3000 	C:\WINDOWS\System32\combase.dll
0x00007ff818530000 - 0x00007ff818609000 	C:\WINDOWS\System32\OLEAUT32.dll
0x00007ffffc1b0000 - 0x00007ffffc1eb000 	C:\WINDOWS\SYSTEM32\dbgcore.DLL
0x00007ff816c60000 - 0x00007ff816d08000 	C:\WINDOWS\System32\bcryptPrimitives.dll
0x00007ffff9360000 - 0x00007ffff936e000 	C:\Program Files\Android\Android Studio\jbr\bin\instrument.dll
0x00007fffef270000 - 0x00007fffef290000 	C:\Program Files\Android\Android Studio\jbr\bin\java.dll
0x00007fffee0e0000 - 0x00007fffee0f8000 	C:\Program Files\Android\Android Studio\jbr\bin\zip.dll
0x00007ff817790000 - 0x00007ff817efe000 	C:\WINDOWS\System32\SHELL32.dll
0x00007ff816340000 - 0x00007ff816bac000 	C:\WINDOWS\System32\windows.storage.dll
0x00007ff818ed0000 - 0x00007ff818fc6000 	C:\WINDOWS\System32\SHCORE.dll
0x00007ff819360000 - 0x00007ff8193c6000 	C:\WINDOWS\System32\shlwapi.dll
0x00007ff816050000 - 0x00007ff816079000 	C:\WINDOWS\SYSTEM32\profapi.dll
0x00007ffffee10000 - 0x00007ffffee20000 	C:\Program Files\Android\Android Studio\jbr\bin\net.dll
0x00007ff80be80000 - 0x00007ff80bfa9000 	C:\WINDOWS\SYSTEM32\WINHTTP.dll
0x00007ff8153d0000 - 0x00007ff81543c000 	C:\WINDOWS\system32\mswsock.dll
0x00007fffec3d0000 - 0x00007fffec3e6000 	C:\Program Files\Android\Android Studio\jbr\bin\nio.dll
0x00007ff800bc0000 - 0x00007ff800bd0000 	C:\Program Files\Android\Android Studio\jbr\bin\verify.dll
0x00007fffeec80000 - 0x00007fffeeca7000 	C:\Users\Kabo\.gradle\native\660c5614fbf4a5f2a75b1949f50a0caf5cd603558e7d8a26e50b933a0cfb79d1\windows-amd64\native-platform.dll
0x00007fffbed20000 - 0x00007fffbed97000 	C:\Users\Kabo\.gradle\native\0.2.8\x86_64-windows-gnu\gradle-fileevents.dll
0x00007fffeee70000 - 0x00007fffeee79000 	C:\Program Files\Android\Android Studio\jbr\bin\management.dll
0x00007fffeed20000 - 0x00007fffeed2b000 	C:\Program Files\Android\Android Studio\jbr\bin\management_ext.dll
0x00007ff818000000 - 0x00007ff818008000 	C:\WINDOWS\System32\PSAPI.DLL
0x00007ff814870000 - 0x00007ff8148a2000 	C:\WINDOWS\SYSTEM32\IPHLPAPI.DLL
0x00007ff818ec0000 - 0x00007ff818eca000 	C:\WINDOWS\System32\NSI.dll
0x00007fffef1b0000 - 0x00007fffef1b9000 	C:\Program Files\Android\Android Studio\jbr\bin\extnet.dll
0x00007ff8157d0000 - 0x00007ff8157eb000 	C:\WINDOWS\SYSTEM32\CRYPTSP.dll
0x00007ff814de0000 - 0x00007ff814e19000 	C:\WINDOWS\system32\rsaenh.dll
0x00007ff815480000 - 0x00007ff8154b3000 	C:\WINDOWS\SYSTEM32\USERENV.dll
0x00007ff816020000 - 0x00007ff81604a000 	C:\WINDOWS\SYSTEM32\bcrypt.dll
0x00007ff815630000 - 0x00007ff81563c000 	C:\WINDOWS\SYSTEM32\CRYPTBASE.dll
0x00007fffd93e0000 - 0x00007fffd93e8000 	C:\WINDOWS\system32\wshunix.dll
0x00007ff813770000 - 0x00007ff813777000 	C:\Program Files\Android\Android Studio\jbr\bin\rmi.dll

JVMTI agents:
C:\Users\Kabo\.gradle\wrapper\dists\gradle-9.3.1-bin\23ovyewtku6u96viwx3xl3oks\gradle-9.3.1\lib\agents\gradle-instrumentation-agent-9.3.1.jar path:C:\Program Files\Android\Android Studio\jbr\bin\instrument.dll, loaded, initialized, instrumentlib options:none

dbghelp: loaded successfully - version: 4.0.5 - missing functions: none
symbol engine: initialized successfully - sym options: 0x614 - pdb path: .;C:\Program Files\Android\Android Studio\jbr\bin;C:\WINDOWS\SYSTEM32;C:\WINDOWS\WinSxS\amd64_microsoft.windows.common-controls_6595b64144ccf1df_6.0.26100.8328_none_3e08182ce334b678;C:\Program Files\Android\Android Studio\jbr\bin\server;C:\Users\Kabo\.gradle\native\660c5614fbf4a5f2a75b1949f50a0caf5cd603558e7d8a26e50b933a0cfb79d1\windows-amd64;C:\Users\Kabo\.gradle\native\0.2.8\x86_64-windows-gnu

VM Arguments:
jvm_args: --add-opens=java.base/java.lang=ALL-UNNAMED --add-opens=java.base/java.lang.invoke=ALL-UNNAMED --add-opens=java.base/java.util=ALL-UNNAMED --add-opens=java.prefs/java.util.prefs=ALL-UNNAMED --add-exports=jdk.compiler/com.sun.tools.javac.api=ALL-UNNAMED --add-exports=jdk.compiler/com.sun.tools.javac.util=ALL-UNNAMED --add-opens=java.base/java.util=ALL-UNNAMED --add-opens=java.prefs/java.util.prefs=ALL-UNNAMED --add-opens=java.base/java.nio.charset=ALL-UNNAMED --add-opens=java.base/java.net=ALL-UNNAMED --add-opens=java.base/java.util.concurrent=ALL-UNNAMED --add-opens=java.base/java.util.concurrent.atomic=ALL-UNNAMED --add-opens=java.xml/javax.xml.namespace=ALL-UNNAMED --add-opens=java.base/java.time=ALL-UNNAMED -Xmx2048m -Dfile.encoding=UTF-8 -Duser.country=US -Duser.language=en -Duser.variant -javaagent:C:\Users\Kabo\.gradle\wrapper\dists\gradle-9.3.1-bin\23ovyewtku6u96viwx3xl3oks\gradle-9.3.1\lib\agents\gradle-instrumentation-agent-9.3.1.jar 
java_command: org.gradle.launcher.daemon.bootstrap.GradleDaemon 9.3.1
java_class_path (initial): C:\Users\Kabo\.gradle\wrapper\dists\gradle-9.3.1-bin\23ovyewtku6u96viwx3xl3oks\gradle-9.3.1\lib\gradle-daemon-main-9.3.1.jar
Launcher Type: SUN_STANDARD

[Global flags]
     intx CICompilerCount                          = 4                                         {product} {ergonomic}
     uint ConcGCThreads                            = 3                                         {product} {ergonomic}
     uint G1ConcRefinementThreads                  = 10                                        {product} {ergonomic}
   size_t G1HeapRegionSize                         = 1048576                                   {product} {ergonomic}
    uintx GCDrainStackTargetSize                   = 64                                        {product} {ergonomic}
   size_t InitialHeapSize                          = 123731968                                 {product} {ergonomic}
   size_t MarkStackSize                            = 4194304                                   {product} {ergonomic}
   size_t MaxHeapSize                              = 2147483648                                {product} {command line}
   size_t MaxNewSize                               = 1287651328                                {product} {ergonomic}
   size_t MinHeapDeltaBytes                        = 1048576                                   {product} {ergonomic}
   size_t MinHeapSize                              = 8388608                                   {product} {ergonomic}
    uintx NonNMethodCodeHeapSize                   = 5839372                                {pd product} {ergonomic}
    uintx NonProfiledCodeHeapSize                  = 122909434                              {pd product} {ergonomic}
    uintx ProfiledCodeHeapSize                     = 122909434                              {pd product} {ergonomic}
    uintx ReservedCodeCacheSize                    = 251658240                              {pd product} {ergonomic}
     bool SegmentedCodeCache                       = true                                      {product} {ergonomic}
   size_t SoftMaxHeapSize                          = 2147483648                             {manageable} {ergonomic}
     bool UseCompressedOops                        = true                           {product lp64_product} {ergonomic}
     bool UseG1GC                                  = true                                      {product} {ergonomic}
     bool UseLargePagesIndividualAllocation        = false                                  {pd product} {ergonomic}

Logging:
Log output configuration:
 #0: stdout all=warning uptime,level,tags foldmultilines=false
 #1: stderr all=off uptime,level,tags foldmultilines=false

Release file:
JAVA_VERSION="21.0.10" 
MODULES="java.base java.compiler java.datatransfer java.xml java.prefs java.desktop java.instrument java.logging java.management java.security.sasl java.naming java.rmi java.management.rmi java.net.http java.scripting java.security.jgss java.transaction.xa java.sql java.sql.rowset java.xml.crypto java.se java.smartcardio jdk.accessibility jdk.internal.jvmstat jdk.attach jdk.charsets jdk.internal.opt jdk.zipfs jdk.compiler jdk.crypto.ec jdk.crypto.cryptoki jdk.dynalink jdk.hotspot.agent jdk.httpserver jdk.internal.ed jdk.internal.le jdk.internal.vm.ci jdk.jartool jdk.javadoc jdk.jcmd jdk.jdeps jdk.jdwp.agent jdk.jdi jdk.jfr jdk.jlink jdk.jsobject jdk.localedata jdk.management jdk.management.agent jdk.management.jfr jdk.naming.dns jdk.naming.rmi jdk.net jdk.sctp jdk.security.auth jdk.security.jgss jdk.unsupported jdk.unsupported.desktop jdk.xml.dom" 
IMPLEMENTOR="JetBrains s.r.o." 
JAVA_RUNTIME_VERSION="21.0.10+-14961533-b1163.108" 
LIBC="default" 
OS_ARCH="x86_64" 
OS_NAME="Windows" 
SOURCE=".:git:1351622c2ff2" 

Environment Variables:
JAVA_HOME=C:\Program Files\Java\jdk-23
PATH=C:\Program Files (x86)\NVIDIA Corporation\PhysX\Common;C:\Program Files\Common Files\Oracle\Java\javapath;C:\WINDOWS\system32;C:\WINDOWS;C:\WINDOWS\System32\Wbem;C:\WINDOWS\System32\WindowsPowerShell\v1.0\;C:\WINDOWS\System32\OpenSSH\;C:\msys64\mingw64\bin;C:\Program Files\Git\cmd;C:\Program Files\nodejs\;D:\sql\160\Tools\Binn\;C:\Program Files\Microsoft SQL Server\160\Tools\Binn\;C:\Program Files\Microsoft SQL Server\Client SDK\ODBC\170\Tools\Binn\;C:\Program Files\Microsoft SQL Server\160\DTS\Binn\;C:\Users\Kabo\AppData\Local\Microsoft\WindowsApps;C:\flutter\flutter\bin;C:\Program Files\Git\bin;C:\dart-sdk\bin;C:\Users\Kabo\AppData\Local\Android\Sdk;C:\cmdline-tools\latest\bin;C:\Users\Kabo\AppData\Local\Programs\Microsoft VS Code\bin;C:\Program Files\Java\jdk-23\bin;D:\Program Files\CLion 2025.1.3\bin;;C:\Users\Kabo\AppData\Local\Pub\Cache\bin;C:\Users\Kabo\AppData\Roaming\npm;C:\Users\Kabo\AppData\Local\GitHubDesktop\bin
USERNAME=Kabo
OS=Windows_NT
PROCESSOR_IDENTIFIER=AMD64 Family 23 Model 104 Stepping 1, AuthenticAMD
TMP=C:\Users\Kabo\AppData\Local\Temp
TEMP=C:\Users\Kabo\AppData\Local\Temp




Periodic native trim disabled

JNI global refs:
JNI global refs: 28, weak refs: 427

JNI global refs memory usage: 835, weak refs: 4625

Process memory usage:
Resident Set Size: 1224164K (15% of 7681736K total physical memory with 5780K free physical memory)

OOME stack traces (most recent first):
Classloader memory used:
Loader org.gradle.internal.classloader.VisitableURLClassLoader$InstrumentingVisitableURLClassLoader: 49706K
Loader org.gradle.internal.classloader.VisitableURLClassLoader                         : 46352K
Loader bootstrap                                                                       : 30033K
Loader org.gradle.initialization.MixInLegacyTypesClassLoader                           : 13407K
Loader jdk.internal.reflect.DelegatingClassLoader                                      : 490K
Loader org.gradle.internal.classloader.VisitableURLClassLoader                         : 241K
Loader jdk.internal.loader.ClassLoaders$AppClassLoader                                 : 231K
Loader jdk.internal.loader.ClassLoaders$PlatformClassLoader                            : 149K
Loader org.gradle.groovy.scripts.internal.DefaultScriptCompilationHandler$ScriptClassLoader: 129K

Classes loaded by more than one classloader:
Class Program                                                                         : loaded 5 times (x 72B)
Class Build_gradle                                                                    : loaded 3 times (x 126B)
Class com.google.common.collect.RegularImmutableMap$KeySet                            : loaded 2 times (x 152B)
Class ijJvmDebugger1_2vo8nnuqe8yg4l9ak5kr516ns$_run_closure1$_closure2                : loaded 2 times (x 140B)
Class org.gradle.internal.classloader.FilteringClassLoader                            : loaded 2 times (x 105B)
Class com.google.common.base.CharMatcher$IsEither                                     : loaded 2 times (x 111B)
Class org.gradle.internal.classloader.ClassLoaderHierarchy                            : loaded 2 times (x 70B)
Class com.google.common.collect.ImmutableEnumSet                                      : loaded 2 times (x 146B)
Class com.google.common.util.concurrent.ExecutionError                                : loaded 2 times (x 82B)
Class com.google.common.collect.ImmutableList$1                                       : loaded 2 times (x 97B)
Class org.gradle.api.internal.classpath.ManifestUtil                                  : loaded 2 times (x 71B)
Class com.google.common.io.ByteArrayDataOutput                                        : loaded 2 times (x 70B)
Class com.google.common.collect.RegularImmutableMap                                   : loaded 2 times (x 121B)
Class com.google.common.collect.ImmutableMap$MapViewOfValuesAsSingletonSets           : loaded 2 times (x 126B)
Class [Lorg.objectweb.asm.Symbol;                                                     : loaded 2 times (x 69B)
Class org.objectweb.asm.ClassVisitor                                                  : loaded 2 times (x 88B)
Class com.google.common.collect.UnmodifiableListIterator                              : loaded 2 times (x 95B)
Class com.google.common.base.Platform$JdkPatternCompiler                              : loaded 2 times (x 75B)
Class org.objectweb.asm.MethodTooLargeException                                       : loaded 2 times (x 83B)
Class [Lcom.google.common.cache.CacheBuilder$OneWeigher;                              : loaded 2 times (x 69B)
Class com.google.common.base.Suppliers                                                : loaded 2 times (x 71B)
Class org.gradle.internal.classloader.DefaultClassLoaderFactory                       : loaded 2 times (x 82B)
Class org.gradle.internal.classloader.ClassLoaderVisitor                              : loaded 2 times (x 76B)
Class [Lcom.google.common.collect.ImmutableMapEntry;                                  : loaded 2 times (x 69B)
Class org.gradle.api.internal.classpath.EffectiveClassPath                            : loaded 2 times (x 90B)
Class com.google.common.collect.ListMultimap                                          : loaded 2 times (x 70B)
Class com.google.common.collect.ImmutableEnumMap                                      : loaded 2 times (x 126B)
Class com.google.common.collect.ImmutableSet$SerializedForm                           : loaded 2 times (x 73B)
Class com.google.common.collect.Sets$1                                                : loaded 2 times (x 139B)
Class org.objectweb.asm.AnnotationVisitor                                             : loaded 2 times (x 78B)
Class org.gradle.api.internal.DefaultClassPathProvider                                : loaded 2 times (x 76B)
Class com.google.common.collect.Sets$2                                                : loaded 2 times (x 139B)
Class [Lorg.gradle.api.internal.ClassPathProvider;                                    : loaded 2 times (x 69B)
Class org.gradle.api.internal.ClassPathProvider                                       : loaded 2 times (x 70B)
Class [Lorg.objectweb.asm.AnnotationVisitor;                                          : loaded 2 times (x 69B)
Class com.google.common.collect.Sets$3                                                : loaded 2 times (x 139B)
Class com.google.common.cache.LocalCache$LocalLoadingCache                            : loaded 2 times (x 134B)
Class org.gradle.internal.service.UnknownServiceException                             : loaded 2 times (x 83B)
Class com.google.common.io.ByteArrayDataInput                                         : loaded 2 times (x 70B)
Class com.google.common.collect.Sets$4                                                : loaded 2 times (x 139B)
Class org.objectweb.asm.ModuleVisitor                                                 : loaded 2 times (x 81B)
Class com.google.common.cache.LocalCache$Strength$1                                   : loaded 2 times (x 81B)
Class com.google.common.util.concurrent.SettableFuture                                : loaded 2 times (x 114B)
Class com.google.common.cache.LocalCache$Strength$2                                   : loaded 2 times (x 81B)
Class com.google.common.io.ByteStreams                                                : loaded 2 times (x 71B)
Class com.google.common.cache.LocalCache$Strength$3                                   : loaded 2 times (x 81B)
Class com.google.common.collect.MapDifference                                         : loaded 2 times (x 70B)
Class org.objectweb.asm.FieldWriter                                                   : loaded 2 times (x 78B)
Class com.google.common.cache.CacheBuilder$NullListener                               : loaded 2 times (x 82B)
Class org.gradle.internal.classpath.TransformedClassPath                              : loaded 2 times (x 96B)
Class org.gradle.internal.classloader.InstrumentingClassLoader                        : loaded 2 times (x 70B)
Class com.google.common.cache.CacheLoader$FunctionToCacheLoader                       : loaded 2 times (x 75B)
Class com.google.common.collect.Iterators$ArrayItr                                    : loaded 2 times (x 97B)
Class com.google.common.collect.ImmutableCollection$Builder                           : loaded 2 times (x 76B)
Class com.google.common.base.Joiner                                                   : loaded 2 times (x 79B)
Class com.google.common.base.Equivalence$Identity                                     : loaded 2 times (x 82B)
Class com.google.common.collect.Platform                                              : loaded 2 times (x 71B)
Class [Lorg.objectweb.asm.Type;                                                       : loaded 2 times (x 69B)
Class com.google.common.collect.UnmodifiableIterator                                  : loaded 2 times (x 80B)
Class org.gradle.internal.service.ServiceLocator                                      : loaded 2 times (x 70B)
Class com.google.common.base.Ascii                                                    : loaded 2 times (x 71B)
Class com.google.common.collect.SingletonImmutableBiMap                               : loaded 2 times (x 143B)
Class com.google.common.cache.LocalCache$1                                            : loaded 2 times (x 89B)
Class com.google.common.collect.Iterators$SingletonIterator                           : loaded 2 times (x 81B)
Class com.google.common.collect.AbstractMapEntry                                      : loaded 2 times (x 81B)
Class com.google.common.collect.Sets$ImprovedAbstractSet                              : loaded 2 times (x 135B)
Class com.google.common.collect.ImmutableList$Builder                                 : loaded 2 times (x 77B)
Class com.google.common.collect.AbstractMultimap                                      : loaded 2 times (x 123B)
Class com.google.common.cache.LocalCache$2                                            : loaded 2 times (x 142B)
Class com.google.common.collect.RegularImmutableAsList                                : loaded 2 times (x 217B)
Class com.google.common.util.concurrent.AbstractFuture$Trusted                        : loaded 2 times (x 70B)
Class com.google.common.collect.Iterators                                             : loaded 2 times (x 71B)
Class com.google.common.collect.Lists$StringAsImmutableList                           : loaded 2 times (x 207B)
Class com.google.common.util.concurrent.UncheckedExecutionException                   : loaded 2 times (x 82B)
Class org.gradle.kotlin.dsl.VersionCatalogAccessorsKt                                 : loaded 2 times (x 71B)
Class com.google.common.collect.AbstractMapBasedMultimap$KeySet$1                     : loaded 2 times (x 82B)
Class org.objectweb.asm.ClassWriter                                                   : loaded 2 times (x 106B)
Class com.google.common.cache.CacheLoader$UnsupportedLoadingOperationException        : loaded 2 times (x 82B)
Class com.google.common.base.CharMatcher$And                                          : loaded 2 times (x 112B)
Class org.gradle.internal.classloader.ClasspathUtil$1                                 : loaded 2 times (x 76B)
Class org.objectweb.asm.FieldVisitor                                                  : loaded 2 times (x 77B)
Class com.google.common.collect.IndexedImmutableSet                                   : loaded 2 times (x 152B)
Class com.google.common.collect.ImmutableMap$1                                        : loaded 2 times (x 81B)
Class com.google.common.collect.BiMap                                                 : loaded 2 times (x 70B)
Class org.gradle.api.internal.classpath.DefaultModuleRegistry$DefaultModule           : loaded 2 times (x 86B)
Class com.google.common.primitives.Ints                                               : loaded 2 times (x 71B)
Class com.google.common.collect.AbstractIterator                                      : loaded 2 times (x 82B)
Class com.google.common.collect.ObjectArrays                                          : loaded 2 times (x 71B)
Class com.google.common.math.MathPreconditions                                        : loaded 2 times (x 71B)
Class com.google.common.collect.Multiset                                              : loaded 2 times (x 70B)
Class com.google.common.collect.ArrayListMultimapGwtSerializationDependencies         : loaded 2 times (x 172B)
Class com.google.common.collect.AbstractIndexedListIterator                           : loaded 2 times (x 96B)
Class com.google.common.collect.ImmutableMapEntrySet                                  : loaded 2 times (x 152B)
Class org.gradle.api.internal.classpath.Module                                        : loaded 2 times (x 70B)
Class com.google.common.cache.Weigher                                                 : loaded 2 times (x 70B)
Class ijKotlinCoroutineJvmDebugInit1_304z3prfvr8kmkv6gmy1lljlt$_run_closure1          : loaded 2 times (x 139B)
Class org.gradle.api.internal.classpath.UnknownModuleException                        : loaded 2 times (x 82B)
Class com.google.common.base.Stopwatch                                                : loaded 2 times (x 72B)
Class com.google.common.cache.LocalCache$Strength                                     : loaded 2 times (x 81B)
Class com.google.common.cache.Cache                                                   : loaded 2 times (x 70B)
Class com.google.common.base.NullnessCasts                                            : loaded 2 times (x 71B)
Class com.google.common.util.concurrent.AbstractFuture$Cancellation                   : loaded 2 times (x 72B)
Class com.google.common.collect.ImmutableMap$Builder                                  : loaded 2 times (x 82B)
Class com.google.common.cache.RemovalListener                                         : loaded 2 times (x 70B)
Class org.gradle.api.internal.DefaultClassPathRegistry                                : loaded 2 times (x 76B)
Class com.google.common.primitives.IntsMethodsForWeb                                  : loaded 2 times (x 71B)
Class com.google.common.collect.Multimap                                              : loaded 2 times (x 70B)
Class org.gradle.api.internal.ClassPathRegistry                                       : loaded 2 times (x 70B)
Class org.gradle.internal.classpath.DefaultClassPath$ImmutableUniqueList              : loaded 2 times (x 199B)
Class com.google.common.base.MoreObjects                                              : loaded 2 times (x 71B)
Class com.google.common.cache.CacheBuilder                                            : loaded 2 times (x 72B)
Class com.google.common.collect.SingletonImmutableList                                : loaded 2 times (x 207B)
Class Settings_gradle$1                                                               : loaded 2 times (x 74B)
Class org.gradle.internal.classpath.ClassPath                                         : loaded 2 times (x 70B)
Class com.google.common.base.JdkPattern                                               : loaded 2 times (x 75B)
Class com.google.common.collect.ImmutableList$ReverseImmutableList                    : loaded 2 times (x 209B)
Class org.objectweb.asm.SymbolTable$Entry                                             : loaded 2 times (x 74B)
Class org.objectweb.asm.Edge                                                          : loaded 2 times (x 72B)
Class com.google.common.base.Suppliers$SupplierOfInstance                             : loaded 2 times (x 79B)
Class com.google.common.collect.Iterators$1                                           : loaded 2 times (x 81B)
Class com.google.common.cache.LocalCache$ComputingValueReference                      : loaded 2 times (x 96B)
Class com.google.common.collect.SingletonImmutableSet                                 : loaded 2 times (x 146B)
Class com.google.common.collect.ImmutableMap$IteratorBasedImmutableMap                : loaded 2 times (x 126B)
Class com.google.common.cache.LocalCache$Segment                                      : loaded 2 times (x 154B)
Class com.google.common.collect.AbstractListMultimap                                  : loaded 2 times (x 172B)
Class [Lorg.objectweb.asm.SymbolTable$Entry;                                          : loaded 2 times (x 69B)
Class com.google.common.cache.CacheLoader                                             : loaded 2 times (x 74B)
Class com.google.common.collect.Iterators$4                                           : loaded 2 times (x 82B)
Class com.google.common.collect.ImmutableBiMap                                        : loaded 2 times (x 143B)
Class org.gradle.api.internal.classpath.ModuleRegistry                                : loaded 2 times (x 70B)
Class org.gradle.internal.installation.GradleInstallation$1                           : loaded 2 times (x 75B)
Class com.google.common.collect.ImmutableSet$JdkBackedSetBuilderImpl                  : loaded 2 times (x 76B)
Class com.google.common.util.concurrent.internal.InternalFutureFailureAccess          : loaded 2 times (x 72B)
Class com.google.common.collect.Iterators$5                                           : loaded 2 times (x 82B)
Class com.google.common.cache.LocalCache$LocalManualCache$1                           : loaded 2 times (x 75B)
Class com.google.common.base.CharMatcher$ForPredicate                                 : loaded 2 times (x 112B)
Class com.google.common.base.CharMatcher$AnyOf                                        : loaded 2 times (x 112B)
Class com.google.common.collect.ImmutableCollection                                   : loaded 2 times (x 125B)
Class ijJvmDebugger1_2vo8nnuqe8yg4l9ak5kr516ns                                        : loaded 2 times (x 171B)
Class org.gradle.api.internal.classpath.DefaultModuleRegistry                         : loaded 2 times (x 86B)
Class com.google.common.collect.Lists                                                 : loaded 2 times (x 71B)
Class com.google.common.util.concurrent.ListenableFuture                              : loaded 2 times (x 70B)
Class com.google.common.cache.ReferenceEntry                                          : loaded 2 times (x 70B)
Class com.google.common.base.Converter                                                : loaded 2 times (x 90B)
Class com.google.common.collect.ImmutableSet$CachingAsList                            : loaded 2 times (x 148B)
Class com.google.common.collect.AbstractMapBasedMultimap                              : loaded 2 times (x 139B)
Class com.google.common.util.concurrent.AbstractFuture                                : loaded 2 times (x 106B)
Class com.google.common.base.FunctionalEquivalence                                    : loaded 2 times (x 83B)
Class com.google.common.collect.Iterators$9                                           : loaded 2 times (x 81B)
Class com.google.common.collect.ImmutableAsList                                       : loaded 2 times (x 209B)
Class org.objectweb.asm.RecordComponentVisitor                                        : loaded 2 times (x 77B)
Class com.google.common.cache.CacheLoader$SupplierToCacheLoader                       : loaded 2 times (x 75B)
Class com.google.common.collect.Maps$EntryTransformer                                 : loaded 2 times (x 70B)
Class org.gradle.internal.service.ServiceLookupException                              : loaded 2 times (x 82B)
Class [Lcom.google.common.cache.LocalCache$EntryFactory;                              : loaded 2 times (x 69B)
Class org.gradle.internal.classloader.ClassLoaderFactory                              : loaded 2 times (x 70B)
Class com.google.common.base.CommonPattern                                            : loaded 2 times (x 74B)
Class com.google.common.cache.LocalCache$LocalManualCache                             : loaded 2 times (x 99B)
Class com.google.common.base.CharMatcher$IsNot                                        : loaded 2 times (x 111B)
Class org.gradle.internal.service.CachingServiceLocator                               : loaded 2 times (x 82B)
Class com.google.common.collect.AbstractMapBasedMultimap$KeySet                       : loaded 2 times (x 137B)
Class com.google.common.math.IntMath                                                  : loaded 2 times (x 71B)
Class com.google.common.collect.ImmutableMapEntry                                     : loaded 2 times (x 85B)
Class com.google.common.base.Equivalence                                              : loaded 2 times (x 82B)
Class com.google.common.base.Function                                                 : loaded 2 times (x 70B)
Class com.google.common.collect.ImmutableMapEntry$NonTerminalImmutableMapEntry        : loaded 2 times (x 85B)
Class com.google.common.cache.CacheBuilder$OneWeigher                                 : loaded 2 times (x 82B)
Class com.google.common.collect.RegularImmutableList                                  : loaded 2 times (x 213B)
Class org.gradle.internal.classloader.ClasspathUtil                                   : loaded 2 times (x 71B)
Class com.google.common.util.concurrent.Uninterruptibles                              : loaded 2 times (x 71B)
Class com.google.common.util.concurrent.LazyLogger                                    : loaded 2 times (x 72B)
Class com.google.common.collect.Maps                                                  : loaded 2 times (x 71B)
Class ijJvmDebugger1_2vo8nnuqe8yg4l9ak5kr516ns$_run_closure1                          : loaded 2 times (x 139B)
Class org.gradle.api.specs.Spec                                                       : loaded 2 times (x 70B)
Class [Lcom.google.common.collect.ImmutableEntry;                                     : loaded 2 times (x 69B)
Class com.google.common.cache.LocalCache$LoadingValueReference                        : loaded 2 times (x 96B)
Class ijKotlinCoroutineJvmDebugInit1_304z3prfvr8kmkv6gmy1lljlt$_run_closure1$_closure2: loaded 2 times (x 139B)
Class com.google.common.base.Platform                                                 : loaded 2 times (x 71B)
Class [Lorg.objectweb.asm.AnnotationWriter;                                           : loaded 2 times (x 69B)
Class com.google.common.collect.Maps$8                                                : loaded 2 times (x 82B)
Class com.google.common.collect.Sets$SetView                                          : loaded 2 times (x 138B)
Class com.google.common.cache.LocalCache$StrongValueReference                         : loaded 2 times (x 90B)
Class org.objectweb.asm.Type                                                          : loaded 2 times (x 72B)
Class org.gradle.internal.classloader.VisitableURLClassLoader$InstrumentingVisitableURLClassLoader: loaded 2 times (x 123B)
Class com.google.common.math.IntMath$1                                                : loaded 2 times (x 71B)
Class org.objectweb.asm.ByteVector                                                    : loaded 2 times (x 79B)
Class [Lcom.google.common.cache.CacheBuilder$NullListener;                            : loaded 2 times (x 69B)
Class org.gradle.internal.classloader.VisitableURLClassLoader$Spec                    : loaded 2 times (x 74B)
Class org.gradle.internal.classpath.DefaultClassPath                                  : loaded 2 times (x 90B)
Class org.objectweb.asm.Symbol                                                        : loaded 2 times (x 73B)
Class com.google.common.io.Closer                                                     : loaded 2 times (x 78B)
Class com.google.common.base.CharMatcher$BitSetMatcher                                : loaded 2 times (x 112B)
Class com.google.common.collect.ImmutableSet                                          : loaded 2 times (x 145B)
Class com.google.common.collect.RegularImmutableMap$Values                            : loaded 2 times (x 207B)
Class org.gradle.internal.classloader.ClassLoaderSpec                                 : loaded 2 times (x 71B)
Class org.objectweb.asm.AnnotationWriter                                              : loaded 2 times (x 79B)
Class com.google.common.cache.CacheStats                                              : loaded 2 times (x 71B)
Class com.google.common.io.Closer$Suppressor                                          : loaded 2 times (x 70B)
Class org.objectweb.asm.RecordComponentWriter                                         : loaded 2 times (x 78B)
Class com.google.common.util.concurrent.AbstractFuture$Listener                       : loaded 2 times (x 72B)
Class com.google.common.base.CharMatcher$Or                                           : loaded 2 times (x 112B)
Class Settings_gradle$1$1                                                             : loaded 2 times (x 74B)
Class org.objectweb.asm.Attribute                                                     : loaded 2 times (x 77B)
Class com.google.common.base.Supplier                                                 : loaded 2 times (x 70B)
Class org.gradle.internal.classloader.VisitableURLClassLoader                         : loaded 2 times (x 117B)
Class Settings_gradle                                                                 : loaded 2 times (x 124B)
Class org.gradle.internal.Cast                                                        : loaded 2 times (x 71B)
Class org.gradle.api.Action                                                           : loaded 2 times (x 70B)
Class com.google.common.base.Strings                                                  : loaded 2 times (x 71B)
Class com.google.common.collect.Sets                                                  : loaded 2 times (x 71B)
Class org.objectweb.asm.Handler                                                       : loaded 2 times (x 72B)
Class com.google.common.base.Ticker                                                   : loaded 2 times (x 72B)
Class com.google.common.base.CharMatcher$FastMatcher                                  : loaded 2 times (x 111B)
Class [Lcom.google.common.cache.LocalCache$Segment;                                   : loaded 2 times (x 69B)
Class [Lcom.google.common.cache.LocalCache$Strength;                                  : loaded 2 times (x 69B)
Class com.google.common.cache.CacheBuilder$1                                          : loaded 2 times (x 85B)
Class com.google.common.base.Predicate                                                : loaded 2 times (x 70B)
Class com.google.common.collect.ImmutableMap                                          : loaded 2 times (x 120B)
Class org.gradle.internal.classpath.DefaultClassPath$ImmutableUniqueList$Builder      : loaded 2 times (x 75B)
Class com.google.common.cache.LocalCache                                              : loaded 2 times (x 187B)
Class com.google.common.cache.CacheBuilder$2                                          : loaded 2 times (x 79B)
Class com.google.common.base.CharMatcher$NegatedFastMatcher                           : loaded 2 times (x 113B)
Class com.google.common.collect.ArrayListMultimap                                     : loaded 2 times (x 172B)
Class com.google.common.cache.CacheBuilder$3                                          : loaded 2 times (x 72B)
Class [Lcom.google.common.collect.AbstractMapEntry;                                   : loaded 2 times (x 69B)
Class com.google.common.collect.ImmutableEntry                                        : loaded 2 times (x 82B)
Class org.gradle.api.GradleException                                                  : loaded 2 times (x 82B)
Class com.google.common.base.Suppliers$MemoizingSupplier                              : loaded 2 times (x 79B)
Class com.google.common.collect.CollectPreconditions                                  : loaded 2 times (x 71B)
Class com.google.common.collect.SortedMapDifference                                   : loaded 2 times (x 70B)
Class com.google.common.cache.LocalCache$EntryFactory                                 : loaded 2 times (x 83B)
Class com.google.common.cache.LocalCache$AbstractReferenceEntry                       : loaded 2 times (x 107B)
Class org.gradle.internal.IoActions                                                   : loaded 2 times (x 71B)
Class org.objectweb.asm.SymbolTable                                                   : loaded 2 times (x 72B)
Class com.google.common.cache.CacheLoader$InvalidCacheLoadException                   : loaded 2 times (x 82B)
Class com.google.common.collect.ImmutableSet$RegularSetBuilderImpl                    : loaded 2 times (x 77B)
Class org.gradle.internal.classloader.SystemClassLoaderSpec                           : loaded 2 times (x 71B)
Class com.google.common.cache.LocalCache$StrongEntry                                  : loaded 2 times (x 108B)
Class com.google.common.util.concurrent.AbstractFuture$TrustedFuture                  : loaded 2 times (x 114B)
Class com.google.common.cache.LoadingCache                                            : loaded 2 times (x 70B)
Class ijKotlinCoroutineJvmDebugInit1_304z3prfvr8kmkv6gmy1lljlt                        : loaded 2 times (x 171B)
Class com.google.common.io.ByteStreams$LimitedInputStream                             : loaded 2 times (x 92B)
Class com.google.common.base.Suppliers$NonSerializableMemoizingSupplier               : loaded 2 times (x 79B)
Class org.objectweb.asm.MethodWriter                                                  : loaded 2 times (x 106B)
Class [Lcom.google.common.cache.Weigher;                                              : loaded 2 times (x 69B)
Class com.google.common.collect.RegularImmutableMap$BucketOverflowException           : loaded 2 times (x 82B)
Class com.google.common.collect.RegularImmutableBiMap                                 : loaded 2 times (x 149B)
Class com.google.common.cache.LocalCache$ValueReference                               : loaded 2 times (x 70B)
Class com.google.common.base.CharMatcher$Negated                                      : loaded 2 times (x 113B)
Class com.google.common.base.CharMatcher$Is                                           : loaded 2 times (x 111B)
Class com.google.common.base.PatternCompiler                                          : loaded 2 times (x 70B)
Class com.google.common.util.concurrent.AbstractFuture$Failure                        : loaded 2 times (x 72B)
Class com.google.common.base.Equivalence$Equals                                       : loaded 2 times (x 82B)
Class com.google.common.collect.Hashing                                               : loaded 2 times (x 71B)
Class com.google.common.base.Preconditions                                            : loaded 2 times (x 71B)
Class com.google.common.base.Joiner$1                                                 : loaded 2 times (x 80B)
Class org.objectweb.asm.Label                                                         : loaded 2 times (x 73B)
Class org.objectweb.asm.CurrentFrame                                                  : loaded 2 times (x 73B)
Class org.objectweb.asm.ClassTooLargeException                                        : loaded 2 times (x 83B)
Class com.google.common.base.CharMatcher                                              : loaded 2 times (x 111B)
Class com.google.common.collect.PeekingIterator                                       : loaded 2 times (x 70B)
Class com.google.common.base.Joiner$2                                                 : loaded 2 times (x 79B)
Class org.objectweb.asm.Frame                                                         : loaded 2 times (x 73B)
Class org.objectweb.asm.MethodVisitor                                                 : loaded 2 times (x 105B)
Class com.google.common.cache.LocalCache$EntryFactory$1                               : loaded 2 times (x 83B)
Class [Lcom.google.common.cache.RemovalListener;                                      : loaded 2 times (x 69B)
Class com.google.common.base.CharMatcher$1                                            : loaded 2 times (x 113B)
Class com.google.common.base.CharMatcher$NamedFastMatcher                             : loaded 2 times (x 112B)
Class com.google.common.cache.LocalCache$EntryFactory$2                               : loaded 2 times (x 83B)
Class org.gradle.api.internal.classpath.GlobalCacheRootsProvider                      : loaded 2 times (x 70B)
Class org.objectweb.asm.ModuleWriter                                                  : loaded 2 times (x 82B)
Class com.google.common.cache.LocalCache$EntryFactory$3                               : loaded 2 times (x 83B)
Class com.google.common.base.Ticker$1                                                 : loaded 2 times (x 72B)
Class com.google.common.collect.Maps$BiMapConverter                                   : loaded 2 times (x 90B)
Class com.google.common.collect.ImmutableMapEntrySet$RegularEntrySet                  : loaded 2 times (x 152B)
Class com.google.common.collect.ImmutableSet$Builder                                  : loaded 2 times (x 85B)
Class com.google.common.cache.LocalCache$EntryFactory$4                               : loaded 2 times (x 83B)
Class com.google.common.base.CharMatcher$InRange                                      : loaded 2 times (x 111B)
Class com.google.common.io.ByteStreams$1                                              : loaded 2 times (x 85B)
Class com.google.common.cache.LocalCache$EntryFactory$5                               : loaded 2 times (x 83B)
Class com.google.common.base.PairwiseEquivalence                                      : loaded 2 times (x 83B)
Class com.google.common.cache.LocalCache$EntryFactory$6                               : loaded 2 times (x 83B)
Class org.gradle.internal.installation.CurrentGradleInstallationLocator               : loaded 2 times (x 71B)
Class com.google.common.collect.Maps$KeySet                                           : loaded 2 times (x 137B)
Class com.google.common.collect.ImmutableSet$EmptySetBuilderImpl                      : loaded 2 times (x 76B)
Class com.google.common.cache.LocalCache$EntryFactory$7                               : loaded 2 times (x 83B)
Class com.google.common.collect.ImmutableList                                         : loaded 2 times (x 206B)
Class org.gradle.internal.service.DefaultServiceLocator                               : loaded 2 times (x 83B)
Class com.google.common.cache.LocalCache$EntryFactory$8                               : loaded 2 times (x 83B)
Class com.google.common.collect.ImmutableSet$SetBuilderImpl                           : loaded 2 times (x 76B)
Class org.gradle.internal.installation.CurrentGradleInstallation                      : loaded 2 times (x 73B)
Class com.google.common.cache.CacheLoader$1                                           : loaded 2 times (x 75B)
Class com.google.common.collect.ForwardingObject                                      : loaded 2 times (x 72B)
Class com.google.common.collect.ImmutableList$SubList                                 : loaded 2 times (x 209B)
Class org.gradle.util.internal.GUtil                                                  : loaded 2 times (x 71B)
Class com.google.common.cache.AbstractCache$StatsCounter                              : loaded 2 times (x 70B)
Class com.google.common.collect.Iterators$MergingIterator                             : loaded 2 times (x 81B)
Class com.google.common.collect.RegularImmutableSet                                   : loaded 2 times (x 149B)
Class org.gradle.internal.installation.GradleInstallation                             : loaded 2 times (x 75B)
Class com.google.common.collect.Iterables                                             : loaded 2 times (x 71B)

---------------  S Y S T E M  ---------------

OS:
 Windows 11 , 64 bit Build 26100 (10.0.26100.8328)
OS uptime: 9 days 3:02 hours
Hyper-V role detected

CPU: total 12 (initial active 12) (12 cores per cpu, 2 threads per core) family 23 model 104 stepping 1 microcode 0x8608107, cx8, cmov, fxsr, ht, mmx, 3dnowpref, sse, sse2, sse3, ssse3, sse4a, sse4.1, sse4.2, popcnt, lzcnt, tsc, tscinvbit, avx, avx2, aes, clmul, bmi1, bmi2, adx, sha, fma, vzeroupper, clflush, clflushopt, hv, rdtscp, rdpid, f16c
Processor Information for the first 12 processors :
  Max Mhz: 2100, Current Mhz: 2100, Mhz Limit: 2100

Memory: 4k page, system-wide physical 7501M (10M free)
TotalPageFile size 21837M (AvailPageFile size 105M)
current process WorkingSet (physical memory assigned to process): 544M, peak: 1378M
current process commit charge ("private bytes"): 1935M, peak: 2059M

vm_info: OpenJDK 64-Bit Server VM (21.0.10+-14961533-b1163.108) for windows-amd64 JRE (21.0.10+-14961533-b1163.108), built on 2026-03-02T19:58:50Z by "builder" with MS VC++ 16.10 / 16.11 (VS2019)

END.
