#
# There is insufficient memory for the Java Runtime Environment to continue.
# Native memory allocation (mmap) failed to map 134217728 bytes. Error detail: G1 virtual space
# Possible reasons:
#   The system is out of physical RAM or swap space
#   This process is running with CompressedOops enabled, and the Java Heap may be blocking the growth of the native heap
# Possible solutions:
#   Reduce memory load on the system
#   Increase physical memory or swap space
#   Check if swap backing store is full
#   Decrease Java heap size (-Xmx/-Xms)
#   Decrease number of Java threads
#   Decrease Java thread stack sizes (-Xss)
#   Set larger code cache with -XX:ReservedCodeCacheSize=
#   JVM is running with Unscaled Compressed Oops mode in which the Java heap is
#     placed in the first 4GB address space. The Java Heap base address is the
#     maximum limit for the native heap growth. Please use -XX:HeapBaseMinAddress
#     to set the Java Heap base and to place the Java Heap above 4GB virtual address.
# This output file may be truncated or incomplete.
#
#  Out of Memory Error (os_windows.cpp:3926), pid=3736, tid=3536
#
# JRE version: OpenJDK Runtime Environment (21.0.10) (build 21.0.10+-14961533-b1163.108)
# Java VM: OpenJDK 64-Bit Server VM (21.0.10+-14961533-b1163.108, mixed mode, tiered, compressed oops, compressed class ptrs, g1 gc, windows-amd64)
# No core dump will be written. Minidumps are not enabled by default on client versions of Windows
#

---------------  S U M M A R Y ------------

Command Line: --add-opens=java.base/java.lang=ALL-UNNAMED --add-opens=java.base/java.lang.invoke=ALL-UNNAMED --add-opens=java.base/java.util=ALL-UNNAMED --add-opens=java.prefs/java.util.prefs=ALL-UNNAMED --add-exports=jdk.compiler/com.sun.tools.javac.api=ALL-UNNAMED --add-exports=jdk.compiler/com.sun.tools.javac.util=ALL-UNNAMED --add-opens=java.base/java.util=ALL-UNNAMED --add-opens=java.prefs/java.util.prefs=ALL-UNNAMED --add-opens=java.base/java.nio.charset=ALL-UNNAMED --add-opens=java.base/java.net=ALL-UNNAMED --add-opens=java.base/java.util.concurrent=ALL-UNNAMED --add-opens=java.base/java.util.concurrent.atomic=ALL-UNNAMED --add-opens=java.xml/javax.xml.namespace=ALL-UNNAMED --add-opens=java.base/java.time=ALL-UNNAMED -Xmx2048m -Dfile.encoding=UTF-8 -Duser.country=US -Duser.language=en -Duser.variant -javaagent:C:\Users\Kabo\.gradle\wrapper\dists\gradle-9.3.1-bin\23ovyewtku6u96viwx3xl3oks\gradle-9.3.1\lib\agents\gradle-instrumentation-agent-9.3.1.jar org.gradle.launcher.daemon.bootstrap.GradleDaemon 9.3.1

Host: AMD Ryzen 5 5500U with Radeon Graphics         , 12 cores, 7G,  Windows 11 , 64 bit Build 26100 (10.0.26100.8328)
Time: Fri Jun  5 03:49:22 2026 Egypt Daylight Time elapsed time: 36.605857 seconds (0d 0h 0m 36s)

---------------  T H R E A D  ---------------

Current thread (0x0000016acec7e9f0):  VMThread "VM Thread"          [id=3536, stack(0x0000001bc9000000,0x0000001bc9100000) (1024K)]

Stack: [0x0000001bc9000000,0x0000001bc9100000]
Native frames: (J=compiled Java code, j=interpreted, Vv=VM code, C=native code)
V  [jvm.dll+0x6d78a9]
V  [jvm.dll+0x8665b3]
V  [jvm.dll+0x868bde]
V  [jvm.dll+0x8692c3]
V  [jvm.dll+0x280ee6]
V  [jvm.dll+0x6d4165]
V  [jvm.dll+0x6c77fa]
V  [jvm.dll+0x358f4b]
V  [jvm.dll+0x360bc6]
V  [jvm.dll+0x3b2ea6]
V  [jvm.dll+0x3b3178]
V  [jvm.dll+0x32b65c]
V  [jvm.dll+0x32b6e7]
V  [jvm.dll+0x3715cc]
V  [jvm.dll+0x36fd7e]
V  [jvm.dll+0x32adb1]
V  [jvm.dll+0x36f480]
V  [jvm.dll+0x86f048]
V  [jvm.dll+0x870394]
V  [jvm.dll+0x8708d0]
V  [jvm.dll+0x870b63]
V  [jvm.dll+0x80fd28]
V  [jvm.dll+0x6d60fd]
C  [ucrtbase.dll+0x37b0]
C  [KERNEL32.DLL+0x2e957]
C  [ntdll.dll+0x427c]

VM_Operation (0x0000001bcdafbca0): G1CollectForAllocation, mode: safepoint, requested by thread 0x0000016ad84a3cf0


---------------  P R O C E S S  ---------------

Threads class SMR info:
_java_thread_list=0x0000016ad97db270, length=179, elements={
0x0000016ab788b300, 0x0000016acf59d1e0, 0x0000016acf5adf10, 0x0000016acf5ae580,
0x0000016acf5aefa0, 0x0000016acf5af610, 0x0000016acf5afc80, 0x0000016acf5d16b0,
0x0000016acf5d4060, 0x0000016acf5e47f0, 0x0000016acf8b3f00, 0x0000016ad656f4c0,
0x0000016ad5fa47d0, 0x0000016ad47b0250, 0x0000016ad5202600, 0x0000016ad61bd2f0,
0x0000016ad59caf30, 0x0000016ad4497e50, 0x0000016ad4499200, 0x0000016ad4499890,
0x0000016ad4499f20, 0x0000016ad4497130, 0x0000016ad449a5b0, 0x0000016ad44977c0,
0x0000016ad8bc5d80, 0x0000016ad8bc6aa0, 0x0000016ad8bc77c0, 0x0000016ad8bc7130,
0x0000016ad8bc84e0, 0x0000016ad8bc5060, 0x0000016ad8bc56f0, 0x0000016ad6e8bf40,
0x0000016ad6e8d2f0, 0x0000016ad6e8d980, 0x0000016ad6e8ab90, 0x0000016ad6e8b8b0,
0x0000016ad6e8a500, 0x0000016ad6e900e0, 0x0000016ad6e8e010, 0x0000016ad6e91b20,
0x0000016ad6e90770, 0x0000016ad6e90e00, 0x0000016ad6e8ed30, 0x0000016ad6e91490,
0x0000016ad6e8e6a0, 0x0000016ad6e8f3c0, 0x0000016ad6e8fa50, 0x0000016ad84a0f00,
0x0000016ad84a1590, 0x0000016ad849e110, 0x0000016ad849fb50, 0x0000016ad849ee30,
0x0000016ad84a01e0, 0x0000016ad84a0870, 0x0000016ad84a1c20, 0x0000016ad849e7a0,
0x0000016ad84a22b0, 0x0000016ad84a2940, 0x0000016ad849f4c0, 0x0000016ad84a4a10,
0x0000016ad84a4380, 0x0000016ad84a3660, 0x0000016ad84a3cf0, 0x0000016ad84a50a0,
0x0000016ad84a2fd0, 0x0000016ad84a5730, 0x0000016acf8cc7c0, 0x0000016acf8cfc40,
0x0000016acf8cdb70, 0x0000016acf8ce200, 0x0000016acf8cef20, 0x0000016acf8cf5b0,
0x0000016acf8d02d0, 0x0000016acf8d30c0, 0x0000016acf8d23a0, 0x0000016acf8d2a30,
0x0000016acf8d0ff0, 0x0000016acf8d3750, 0x0000016ad6271350, 0x0000016ad626f280,
0x0000016ad626f910, 0x0000016ad626ffa0, 0x0000016ad626ebf0, 0x0000016ad6270cc0,
0x0000016ad6273420, 0x0000016ad6270630, 0x0000016ad6274140, 0x0000016ad6273ab0,
0x0000016ad62719e0, 0x0000016ad6272070, 0x0000016ad6272700, 0x0000016ad6274e60,
0x0000016ad6272d90, 0x0000016ad62747d0, 0x0000016ad62754f0, 0x0000016ad44caf00,
0x0000016ad44cbc20, 0x0000016ad44c8e30, 0x0000016ad44cc2b0, 0x0000016ad44c94c0,
0x0000016ad44ca1e0, 0x0000016ad44ca870, 0x0000016ada93f080, 0x0000016ada9417e0,
0x0000016ada93fda0, 0x0000016ada940ac0, 0x0000016ada941150, 0x0000016ada9445d0,
0x0000016ad87536a0, 0x0000016ad4809560, 0x0000016ada3a8880, 0x0000016ada3a7b60,
0x0000016ada3a8f10, 0x0000016ada3ab670, 0x0000016ada3a81f0, 0x0000016ada3ac390,
0x0000016ada3ad0b0, 0x0000016ada3ad740, 0x0000016ada3addd0, 0x0000016ada3ae460,
0x0000016ada3aeaf0, 0x0000016ada3abd00, 0x0000016ada3aca20, 0x0000016ada943f40,
0x0000016ada946010, 0x0000016ada9466a0, 0x0000016ada944c60, 0x0000016ada9438b0,
0x0000016ada9452f0, 0x0000016ad8757840, 0x0000016ad8757ed0, 0x0000016ad8759910,
0x0000016ad8758560, 0x0000016ad8758bf0, 0x0000016ad8759280, 0x0000016ada945980,
0x0000016ada3a95a0, 0x0000016ae0023110, 0x0000016ae0021040, 0x0000016ae0024b50,
0x0000016ae00223f0, 0x0000016ae0022a80, 0x0000016ae00244c0, 0x0000016ae0021d60,
0x0000016ae00237a0, 0x0000016ae00216d0, 0x0000016ae0030310, 0x0000016ad7638200,
0x0000016ad7635410, 0x0000016ad7634d80, 0x0000016ad7638890, 0x0000016ad7636e50,
0x0000016ad7638f20, 0x0000016ad7636130, 0x0000016ad76367c0, 0x0000016ad7635aa0,
0x0000016ad76395b0, 0x0000016ad7639c40, 0x0000016ad763a960, 0x0000016ad7637b70,
0x0000016ad76374e0, 0x0000016ad763a2d0, 0x0000016ad763aff0, 0x0000016ad763bd10,
0x0000016ad763b680, 0x0000016ad763c3a0, 0x0000016ae10206c0, 0x0000016ae1020d50,
0x0000016ae1022100, 0x0000016ae1020030, 0x0000016ae1022e20, 0x0000016ae1021a70,
0x0000016ae1024ef0, 0x0000016ae1025580, 0x0000016ae10241d0, 0x0000016ae1023b40,
0x0000016ae1022790, 0x0000016ae1026930, 0x0000016ae1024860
}

Java Threads: ( => current thread )
  0x0000016ab788b300 JavaThread "main"                              [_thread_blocked, id=19604, stack(0x0000001bc8900000,0x0000001bc8a00000) (1024K)]
  0x0000016acf59d1e0 JavaThread "Common-Cleaner"             daemon [_thread_blocked, id=30472, stack(0x0000001bc9100000,0x0000001bc9200000) (1024K)]
  0x0000016acf5adf10 JavaThread "Reference Handler"          daemon [_thread_blocked, id=12984, stack(0x0000001bc9200000,0x0000001bc9300000) (1024K)]
  0x0000016acf5ae580 JavaThread "Finalizer"                  daemon [_thread_blocked, id=13456, stack(0x0000001bc9300000,0x0000001bc9400000) (1024K)]
  0x0000016acf5aefa0 JavaThread "Signal Dispatcher"          daemon [_thread_blocked, id=22976, stack(0x0000001bc9400000,0x0000001bc9500000) (1024K)]
  0x0000016acf5af610 JavaThread "Attach Listener"            daemon [_thread_blocked, id=22828, stack(0x0000001bc9500000,0x0000001bc9600000) (1024K)]
  0x0000016acf5afc80 JavaThread "Service Thread"             daemon [_thread_blocked, id=27772, stack(0x0000001bc9600000,0x0000001bc9700000) (1024K)]
  0x0000016acf5d16b0 JavaThread "Monitor Deflation Thread"   daemon [_thread_blocked, id=29212, stack(0x0000001bc9700000,0x0000001bc9800000) (1024K)]
  0x0000016acf5d4060 JavaThread "C2 CompilerThread0"         daemon [_thread_blocked, id=12396, stack(0x0000001bc9800000,0x0000001bc9900000) (1024K)]
  0x0000016acf5e47f0 JavaThread "C1 CompilerThread0"         daemon [_thread_blocked, id=28104, stack(0x0000001bc9900000,0x0000001bc9a00000) (1024K)]
  0x0000016acf8b3f00 JavaThread "Notification Thread"        daemon [_thread_blocked, id=27056, stack(0x0000001bc9a00000,0x0000001bc9b00000) (1024K)]
  0x0000016ad656f4c0 JavaThread "Daemon health stats"               [_thread_blocked, id=15100, stack(0x0000001bca400000,0x0000001bca500000) (1024K)]
  0x0000016ad5fa47d0 JavaThread "Incoming local TCP Connector on port 52981"        [_thread_in_native, id=26108, stack(0x0000001bca500000,0x0000001bca600000) (1024K)]
  0x0000016ad47b0250 JavaThread "Daemon periodic checks"            [_thread_blocked, id=8008, stack(0x0000001bca600000,0x0000001bca700000) (1024K)]
  0x0000016ad5202600 JavaThread "Daemon"                            [_thread_blocked, id=24692, stack(0x0000001bca700000,0x0000001bca800000) (1024K)]
  0x0000016ad61bd2f0 JavaThread "Handler for socket connection from /127.0.0.1:52981 to /127.0.0.1:52982"        [_thread_in_native, id=22740, stack(0x0000001bca800000,0x0000001bca900000) (1024K)]
  0x0000016ad59caf30 JavaThread "Cancel handler"                    [_thread_blocked, id=3160, stack(0x0000001bca900000,0x0000001bcaa00000) (1024K)]
  0x0000016ad4497e50 JavaThread "Daemon worker"                     [_thread_blocked, id=5788, stack(0x0000001bcaa00000,0x0000001bcab00000) (1024K)]
  0x0000016ad4499200 JavaThread "Asynchronous log dispatcher for DefaultDaemonConnection: socket connection from /127.0.0.1:52981 to /127.0.0.1:52982"        [_thread_blocked, id=28852, stack(0x0000001bcae00000,0x0000001bcaf00000) (1024K)]
  0x0000016ad4499890 JavaThread "Stdin handler"                     [_thread_blocked, id=23164, stack(0x0000001bcaf00000,0x0000001bcb000000) (1024K)]
  0x0000016ad4499f20 JavaThread "Daemon client event forwarder"        [_thread_blocked, id=16956, stack(0x0000001bcb000000,0x0000001bcb100000) (1024K)]
  0x0000016ad4497130 JavaThread "Cache worker for journal cache (C:\Users\Kabo\.gradle\caches\journal-1)"        [_thread_blocked, id=23236, stack(0x0000001bcb100000,0x0000001bcb200000) (1024K)]
  0x0000016ad449a5b0 JavaThread "File lock request listener"        [_thread_in_native, id=25868, stack(0x0000001bcb200000,0x0000001bcb300000) (1024K)]
  0x0000016ad44977c0 JavaThread "Cache worker for file hash cache (C:\Users\Kabo\.gradle\caches\9.3.1\fileHashes)"        [_thread_blocked, id=20920, stack(0x0000001bcb300000,0x0000001bcb400000) (1024K)]
  0x0000016ad8bc5d80 JavaThread "Cache worker for file hash cache (D:\android_projects\DEPI-Final-Project-BloodBank\.gradle\9.3.1\fileHashes)"        [_thread_blocked, id=30612, stack(0x0000001bcb400000,0x0000001bcb500000) (1024K)]
  0x0000016ad8bc6aa0 JavaThread "Cache worker for Build Output Cleanup Cache (D:\android_projects\DEPI-Final-Project-BloodBank\.gradle\buildOutputCleanup)"        [_thread_blocked, id=8372, stack(0x0000001bcb500000,0x0000001bcb600000) (1024K)]
  0x0000016ad8bc77c0 JavaThread "File watcher server"        daemon [_thread_blocked, id=5240, stack(0x0000001bcb600000,0x0000001bcb700000) (1024K)]
  0x0000016ad8bc7130 JavaThread "File watcher consumer"      daemon [_thread_blocked, id=17956, stack(0x0000001bcb700000,0x0000001bcb800000) (1024K)]
  0x0000016ad8bc84e0 JavaThread "Cache worker for checksums cache (D:\android_projects\DEPI-Final-Project-BloodBank\.gradle\9.3.1\checksums)"        [_thread_blocked, id=27036, stack(0x0000001bcb800000,0x0000001bcb900000) (1024K)]
  0x0000016ad8bc5060 JavaThread "Cache worker for file content cache (C:\Users\Kabo\.gradle\caches\9.3.1\fileContent)"        [_thread_blocked, id=28036, stack(0x0000001bcb900000,0x0000001bcba00000) (1024K)]
  0x0000016ad8bc56f0 JavaThread "Cache worker for cache directory md-supplier (C:\Users\Kabo\.gradle\caches\9.3.1\md-supplier)"        [_thread_blocked, id=15040, stack(0x0000001bcba00000,0x0000001bcbb00000) (1024K)]
  0x0000016ad6e8bf40 JavaThread "Cache worker for cache directory md-rule (C:\Users\Kabo\.gradle\caches\9.3.1\md-rule)"        [_thread_blocked, id=19972, stack(0x0000001bcbb00000,0x0000001bcbc00000) (1024K)]
  0x0000016ad6e8d2f0 JavaThread "jar transforms"                    [_thread_blocked, id=11684, stack(0x0000001bcbc00000,0x0000001bcbd00000) (1024K)]
  0x0000016ad6e8d980 JavaThread "jar transforms Thread 2"           [_thread_blocked, id=25532, stack(0x0000001bcbd00000,0x0000001bcbe00000) (1024K)]
  0x0000016ad6e8ab90 JavaThread "jar transforms Thread 3"           [_thread_blocked, id=17352, stack(0x0000001bcbe00000,0x0000001bcbf00000) (1024K)]
  0x0000016ad6e8b8b0 JavaThread "Unconstrained build operations"        [_thread_blocked, id=18804, stack(0x0000001bcbf00000,0x0000001bcc000000) (1024K)]
  0x0000016ad6e8a500 JavaThread "Unconstrained build operations Thread 2"        [_thread_blocked, id=10604, stack(0x0000001bcc000000,0x0000001bcc100000) (1024K)]
  0x0000016ad6e900e0 JavaThread "Unconstrained build operations Thread 3"        [_thread_blocked, id=25404, stack(0x0000001bcc100000,0x0000001bcc200000) (1024K)]
  0x0000016ad6e8e010 JavaThread "Unconstrained build operations Thread 4"        [_thread_blocked, id=26784, stack(0x0000001bcc200000,0x0000001bcc300000) (1024K)]
  0x0000016ad6e91b20 JavaThread "Unconstrained build operations Thread 5"        [_thread_blocked, id=23796, stack(0x0000001bcc300000,0x0000001bcc400000) (1024K)]
  0x0000016ad6e90770 JavaThread "Unconstrained build operations Thread 6"        [_thread_blocked, id=20244, stack(0x0000001bcc400000,0x0000001bcc500000) (1024K)]
  0x0000016ad6e90e00 JavaThread "Unconstrained build operations Thread 7"        [_thread_blocked, id=11316, stack(0x0000001bcc500000,0x0000001bcc600000) (1024K)]
  0x0000016ad6e8ed30 JavaThread "Unconstrained build operations Thread 8"        [_thread_blocked, id=29264, stack(0x0000001bcc600000,0x0000001bcc700000) (1024K)]
  0x0000016ad6e91490 JavaThread "Unconstrained build operations Thread 9"        [_thread_blocked, id=18840, stack(0x0000001bcc700000,0x0000001bcc800000) (1024K)]
  0x0000016ad6e8e6a0 JavaThread "Unconstrained build operations Thread 10"        [_thread_blocked, id=3120, stack(0x0000001bcc800000,0x0000001bcc900000) (1024K)]
  0x0000016ad6e8f3c0 JavaThread "Unconstrained build operations Thread 11"        [_thread_blocked, id=17680, stack(0x0000001bcc900000,0x0000001bcca00000) (1024K)]
  0x0000016ad6e8fa50 JavaThread "Unconstrained build operations Thread 12"        [_thread_blocked, id=17912, stack(0x0000001bcca00000,0x0000001bccb00000) (1024K)]
  0x0000016ad84a0f00 JavaThread "Unconstrained build operations Thread 13"        [_thread_blocked, id=27284, stack(0x0000001bccb00000,0x0000001bccc00000) (1024K)]
  0x0000016ad84a1590 JavaThread "Unconstrained build operations Thread 14"        [_thread_blocked, id=10488, stack(0x0000001bccc00000,0x0000001bccd00000) (1024K)]
  0x0000016ad849e110 JavaThread "Unconstrained build operations Thread 15"        [_thread_blocked, id=9732, stack(0x0000001bccd00000,0x0000001bcce00000) (1024K)]
  0x0000016ad849fb50 JavaThread "Unconstrained build operations Thread 16"        [_thread_blocked, id=16252, stack(0x0000001bcce00000,0x0000001bccf00000) (1024K)]
  0x0000016ad849ee30 JavaThread "Unconstrained build operations Thread 17"        [_thread_blocked, id=27840, stack(0x0000001bccf00000,0x0000001bcd000000) (1024K)]
  0x0000016ad84a01e0 JavaThread "Unconstrained build operations Thread 18"        [_thread_blocked, id=3264, stack(0x0000001bcd000000,0x0000001bcd100000) (1024K)]
  0x0000016ad84a0870 JavaThread "Unconstrained build operations Thread 19"        [_thread_blocked, id=4428, stack(0x0000001bcd100000,0x0000001bcd200000) (1024K)]
  0x0000016ad84a1c20 JavaThread "Unconstrained build operations Thread 20"        [_thread_blocked, id=30884, stack(0x0000001bcd200000,0x0000001bcd300000) (1024K)]
  0x0000016ad849e7a0 JavaThread "jar transforms Thread 4"           [_thread_blocked, id=31488, stack(0x0000001bcd300000,0x0000001bcd400000) (1024K)]
  0x0000016ad84a22b0 JavaThread "jar transforms Thread 5"           [_thread_blocked, id=7204, stack(0x0000001bcd400000,0x0000001bcd500000) (1024K)]
  0x0000016ad84a2940 JavaThread "Unconstrained build operations Thread 21"        [_thread_blocked, id=6120, stack(0x0000001bcd500000,0x0000001bcd600000) (1024K)]
  0x0000016ad849f4c0 JavaThread "Unconstrained build operations Thread 22"        [_thread_blocked, id=10068, stack(0x0000001bcd600000,0x0000001bcd700000) (1024K)]
  0x0000016ad84a4a10 JavaThread "Unconstrained build operations Thread 23"        [_thread_blocked, id=26192, stack(0x0000001bcd700000,0x0000001bcd800000) (1024K)]
  0x0000016ad84a4380 JavaThread "Unconstrained build operations Thread 24"        [_thread_blocked, id=28032, stack(0x0000001bcd800000,0x0000001bcd900000) (1024K)]
  0x0000016ad84a3660 JavaThread "Unconstrained build operations Thread 25"        [_thread_blocked, id=21216, stack(0x0000001bcd900000,0x0000001bcda00000) (1024K)]
  0x0000016ad84a3cf0 JavaThread "Unconstrained build operations Thread 26"        [_thread_blocked, id=25848, stack(0x0000001bcda00000,0x0000001bcdb00000) (1024K)]
  0x0000016ad84a50a0 JavaThread "Unconstrained build operations Thread 27"        [_thread_blocked, id=19148, stack(0x0000001bcdb00000,0x0000001bcdc00000) (1024K)]
  0x0000016ad84a2fd0 JavaThread "Unconstrained build operations Thread 28"        [_thread_blocked, id=26308, stack(0x0000001bcdc00000,0x0000001bcdd00000) (1024K)]
  0x0000016ad84a5730 JavaThread "Unconstrained build operations Thread 29"        [_thread_blocked, id=27276, stack(0x0000001bcdd00000,0x0000001bcde00000) (1024K)]
  0x0000016acf8cc7c0 JavaThread "Unconstrained build operations Thread 30"        [_thread_blocked, id=7292, stack(0x0000001bcde00000,0x0000001bcdf00000) (1024K)]
  0x0000016acf8cfc40 JavaThread "jar transforms Thread 6"           [_thread_blocked, id=21036, stack(0x0000001bcdf00000,0x0000001bce000000) (1024K)]
  0x0000016acf8cdb70 JavaThread "jar transforms Thread 7"           [_thread_blocked, id=26876, stack(0x0000001bce000000,0x0000001bce100000) (1024K)]
  0x0000016acf8ce200 JavaThread "jar transforms Thread 8"           [_thread_blocked, id=30240, stack(0x0000001bce100000,0x0000001bce200000) (1024K)]
  0x0000016acf8cef20 JavaThread "Unconstrained build operations Thread 31"        [_thread_blocked, id=9716, stack(0x0000001bce200000,0x0000001bce300000) (1024K)]
  0x0000016acf8cf5b0 JavaThread "Unconstrained build operations Thread 32"        [_thread_blocked, id=19688, stack(0x0000001bce300000,0x0000001bce400000) (1024K)]
  0x0000016acf8d02d0 JavaThread "Unconstrained build operations Thread 33"        [_thread_blocked, id=14628, stack(0x0000001bce400000,0x0000001bce500000) (1024K)]
  0x0000016acf8d30c0 JavaThread "Unconstrained build operations Thread 34"        [_thread_blocked, id=29920, stack(0x0000001bce600000,0x0000001bce700000) (1024K)]
  0x0000016acf8d23a0 JavaThread "Unconstrained build operations Thread 35"        [_thread_blocked, id=7148, stack(0x0000001bce700000,0x0000001bce800000) (1024K)]
  0x0000016acf8d2a30 JavaThread "Unconstrained build operations Thread 36"        [_thread_blocked, id=22252, stack(0x0000001bce800000,0x0000001bce900000) (1024K)]
  0x0000016acf8d0ff0 JavaThread "Unconstrained build operations Thread 37"        [_thread_blocked, id=28812, stack(0x0000001bce900000,0x0000001bcea00000) (1024K)]
  0x0000016acf8d3750 JavaThread "Unconstrained build operations Thread 38"        [_thread_blocked, id=27156, stack(0x0000001bcea00000,0x0000001bceb00000) (1024K)]
  0x0000016ad6271350 JavaThread "Unconstrained build operations Thread 39"        [_thread_blocked, id=19344, stack(0x0000001bceb00000,0x0000001bcec00000) (1024K)]
  0x0000016ad626f280 JavaThread "Unconstrained build operations Thread 40"        [_thread_blocked, id=27096, stack(0x0000001bcec00000,0x0000001bced00000) (1024K)]
  0x0000016ad626f910 JavaThread "Unconstrained build operations Thread 41"        [_thread_blocked, id=20440, stack(0x0000001bced00000,0x0000001bcee00000) (1024K)]
  0x0000016ad626ffa0 JavaThread "Unconstrained build operations Thread 42"        [_thread_blocked, id=24856, stack(0x0000001bcee00000,0x0000001bcef00000) (1024K)]
  0x0000016ad626ebf0 JavaThread "Unconstrained build operations Thread 43"        [_thread_blocked, id=25796, stack(0x0000001bcef00000,0x0000001bcf000000) (1024K)]
  0x0000016ad6270cc0 JavaThread "Unconstrained build operations Thread 44"        [_thread_blocked, id=4836, stack(0x0000001bcf000000,0x0000001bcf100000) (1024K)]
  0x0000016ad6273420 JavaThread "Unconstrained build operations Thread 45"        [_thread_blocked, id=30336, stack(0x0000001bcf100000,0x0000001bcf200000) (1024K)]
  0x0000016ad6270630 JavaThread "Unconstrained build operations Thread 46"        [_thread_blocked, id=5400, stack(0x0000001bcf200000,0x0000001bcf300000) (1024K)]
  0x0000016ad6274140 JavaThread "Unconstrained build operations Thread 47"        [_thread_blocked, id=25544, stack(0x0000001bcf300000,0x0000001bcf400000) (1024K)]
  0x0000016ad6273ab0 JavaThread "Unconstrained build operations Thread 48"        [_thread_blocked, id=20232, stack(0x0000001bcf400000,0x0000001bcf500000) (1024K)]
  0x0000016ad62719e0 JavaThread "Unconstrained build operations Thread 49"        [_thread_blocked, id=13476, stack(0x0000001bcf500000,0x0000001bcf600000) (1024K)]
  0x0000016ad6272070 JavaThread "Unconstrained build operations Thread 50"        [_thread_blocked, id=364, stack(0x0000001bcf600000,0x0000001bcf700000) (1024K)]
  0x0000016ad6272700 JavaThread "Unconstrained build operations Thread 51"        [_thread_blocked, id=5660, stack(0x0000001bcf700000,0x0000001bcf800000) (1024K)]
  0x0000016ad6274e60 JavaThread "Unconstrained build operations Thread 52"        [_thread_blocked, id=10428, stack(0x0000001bcf800000,0x0000001bcf900000) (1024K)]
  0x0000016ad6272d90 JavaThread "Unconstrained build operations Thread 53"        [_thread_blocked, id=12492, stack(0x0000001bcf900000,0x0000001bcfa00000) (1024K)]
  0x0000016ad62747d0 JavaThread "Unconstrained build operations Thread 54"        [_thread_blocked, id=1428, stack(0x0000001bcfa00000,0x0000001bcfb00000) (1024K)]
  0x0000016ad62754f0 JavaThread "Unconstrained build operations Thread 55"        [_thread_blocked, id=9396, stack(0x0000001bcfb00000,0x0000001bcfc00000) (1024K)]
  0x0000016ad44caf00 JavaThread "Unconstrained build operations Thread 56"        [_thread_blocked, id=24716, stack(0x0000001bcfc00000,0x0000001bcfd00000) (1024K)]
  0x0000016ad44cbc20 JavaThread "Unconstrained build operations Thread 57"        [_thread_blocked, id=25268, stack(0x0000001bcfd00000,0x0000001bcfe00000) (1024K)]
  0x0000016ad44c8e30 JavaThread "Unconstrained build operations Thread 58"        [_thread_blocked, id=3324, stack(0x0000001bcfe00000,0x0000001bcff00000) (1024K)]
  0x0000016ad44cc2b0 JavaThread "Unconstrained build operations Thread 59"        [_thread_blocked, id=20132, stack(0x0000001bcff00000,0x0000001bd0000000) (1024K)]
  0x0000016ad44c94c0 JavaThread "Unconstrained build operations Thread 60"        [_thread_blocked, id=12092, stack(0x0000001bd0000000,0x0000001bd0100000) (1024K)]
  0x0000016ad44ca1e0 JavaThread "Unconstrained build operations Thread 61"        [_thread_blocked, id=14492, stack(0x0000001bd0100000,0x0000001bd0200000) (1024K)]
  0x0000016ad44ca870 JavaThread "Unconstrained build operations Thread 62"        [_thread_blocked, id=24588, stack(0x0000001bd0200000,0x0000001bd0300000) (1024K)]
  0x0000016ada93f080 JavaThread "Unconstrained build operations Thread 63"        [_thread_blocked, id=29828, stack(0x0000001bd0300000,0x0000001bd0400000) (1024K)]
  0x0000016ada9417e0 JavaThread "Unconstrained build operations Thread 64"        [_thread_blocked, id=27908, stack(0x0000001bd0400000,0x0000001bd0500000) (1024K)]
  0x0000016ada93fda0 JavaThread "Unconstrained build operations Thread 65"        [_thread_blocked, id=21652, stack(0x0000001bd0500000,0x0000001bd0600000) (1024K)]
  0x0000016ada940ac0 JavaThread "Unconstrained build operations Thread 66"        [_thread_blocked, id=21684, stack(0x0000001bd0600000,0x0000001bd0700000) (1024K)]
  0x0000016ada941150 JavaThread "build event listener"              [_thread_blocked, id=22788, stack(0x0000001bd0700000,0x0000001bd0800000) (1024K)]
  0x0000016ada9445d0 JavaThread "Memory manager"                    [_thread_blocked, id=21424, stack(0x0000001bc9b00000,0x0000001bc9c00000) (1024K)]
  0x0000016ad87536a0 JavaThread "build event listener"              [_thread_blocked, id=26296, stack(0x0000001bd0800000,0x0000001bd0900000) (1024K)]
  0x0000016ad4809560 JavaThread "C2 CompilerThread1"         daemon [_thread_blocked, id=368, stack(0x0000001bd0900000,0x0000001bd0a00000) (1024K)]
  0x0000016ada3a8880 JavaThread "included builds"                   [_thread_blocked, id=28856, stack(0x0000001bd0a00000,0x0000001bd0b00000) (1024K)]
  0x0000016ada3a7b60 JavaThread "Execution worker"                  [_thread_blocked, id=14876, stack(0x0000001bd0b00000,0x0000001bd0c00000) (1024K)]
  0x0000016ada3a8f10 JavaThread "Execution worker Thread 2"         [_thread_blocked, id=18224, stack(0x0000001bd0c00000,0x0000001bd0d00000) (1024K)]
  0x0000016ada3ab670 JavaThread "Execution worker Thread 3"         [_thread_blocked, id=19100, stack(0x0000001bd0d00000,0x0000001bd0e00000) (1024K)]
  0x0000016ada3a81f0 JavaThread "Execution worker Thread 4"         [_thread_blocked, id=11384, stack(0x0000001bd0e00000,0x0000001bd0f00000) (1024K)]
  0x0000016ada3ac390 JavaThread "Execution worker Thread 5"         [_thread_blocked, id=30140, stack(0x0000001bd0f00000,0x0000001bd1000000) (1024K)]
  0x0000016ada3ad0b0 JavaThread "Execution worker Thread 6"         [_thread_blocked, id=31492, stack(0x0000001bd1000000,0x0000001bd1100000) (1024K)]
  0x0000016ada3ad740 JavaThread "Execution worker Thread 7"         [_thread_blocked, id=25640, stack(0x0000001bd1100000,0x0000001bd1200000) (1024K)]
  0x0000016ada3addd0 JavaThread "Execution worker Thread 8"         [_thread_blocked, id=29804, stack(0x0000001bd1200000,0x0000001bd1300000) (1024K)]
  0x0000016ada3ae460 JavaThread "Execution worker Thread 9"         [_thread_blocked, id=4784, stack(0x0000001bd1300000,0x0000001bd1400000) (1024K)]
  0x0000016ada3aeaf0 JavaThread "Execution worker Thread 10"        [_thread_blocked, id=7196, stack(0x0000001bd1400000,0x0000001bd1500000) (1024K)]
  0x0000016ada3abd00 JavaThread "Execution worker Thread 11"        [_thread_blocked, id=25252, stack(0x0000001bd1500000,0x0000001bd1600000) (1024K)]
  0x0000016ada3aca20 JavaThread "Cache worker for execution history cache (D:\android_projects\DEPI-Final-Project-BloodBank\.gradle\9.3.1\executionHistory)"        [_thread_blocked, id=21448, stack(0x0000001bd1600000,0x0000001bd1700000) (1024K)]
  0x0000016ada943f40 JavaThread "Unconstrained build operations Thread 67"        [_thread_blocked, id=26316, stack(0x0000001bd1700000,0x0000001bd1800000) (1024K)]
  0x0000016ada946010 JavaThread "Unconstrained build operations Thread 68"        [_thread_blocked, id=28964, stack(0x0000001bd1800000,0x0000001bd1900000) (1024K)]
  0x0000016ada9466a0 JavaThread "Unconstrained build operations Thread 69"        [_thread_blocked, id=12008, stack(0x0000001bd1900000,0x0000001bd1a00000) (1024K)]
  0x0000016ada944c60 JavaThread "Unconstrained build operations Thread 70"        [_thread_blocked, id=22396, stack(0x0000001bd1a00000,0x0000001bd1b00000) (1024K)]
  0x0000016ada9438b0 JavaThread "Unconstrained build operations Thread 71"        [_thread_blocked, id=4808, stack(0x0000001bd1b00000,0x0000001bd1c00000) (1024K)]
  0x0000016ada9452f0 JavaThread "Unconstrained build operations Thread 72"        [_thread_blocked, id=24920, stack(0x0000001bd1c00000,0x0000001bd1d00000) (1024K)]
  0x0000016ad8757840 JavaThread "Unconstrained build operations Thread 73"        [_thread_blocked, id=5160, stack(0x0000001bd1d00000,0x0000001bd1e00000) (1024K)]
  0x0000016ad8757ed0 JavaThread "Unconstrained build operations Thread 74"        [_thread_blocked, id=24944, stack(0x0000001bd1e00000,0x0000001bd1f00000) (1024K)]
  0x0000016ad8759910 JavaThread "Unconstrained build operations Thread 75"        [_thread_blocked, id=23448, stack(0x0000001bd1f00000,0x0000001bd2000000) (1024K)]
  0x0000016ad8758560 JavaThread "Unconstrained build operations Thread 76"        [_thread_blocked, id=24096, stack(0x0000001bd2000000,0x0000001bd2100000) (1024K)]
  0x0000016ad8758bf0 JavaThread "Unconstrained build operations Thread 77"        [_thread_blocked, id=23788, stack(0x0000001bd2100000,0x0000001bd2200000) (1024K)]
  0x0000016ad8759280 JavaThread "Unconstrained build operations Thread 78"        [_thread_blocked, id=31176, stack(0x0000001bd2200000,0x0000001bd2300000) (1024K)]
  0x0000016ada945980 JavaThread "Unconstrained build operations Thread 79"        [_thread_blocked, id=7644, stack(0x0000001bd2300000,0x0000001bd2400000) (1024K)]
  0x0000016ada3a95a0 JavaThread "Unconstrained build operations Thread 80"        [_thread_blocked, id=13716, stack(0x0000001bd2400000,0x0000001bd2500000) (1024K)]
  0x0000016ae0023110 JavaThread "Unconstrained build operations Thread 81"        [_thread_blocked, id=4588, stack(0x0000001bd2500000,0x0000001bd2600000) (1024K)]
  0x0000016ae0021040 JavaThread "Unconstrained build operations Thread 82"        [_thread_blocked, id=28808, stack(0x0000001bd2600000,0x0000001bd2700000) (1024K)]
  0x0000016ae0024b50 JavaThread "Unconstrained build operations Thread 83"        [_thread_blocked, id=24396, stack(0x0000001bd2700000,0x0000001bd2800000) (1024K)]
  0x0000016ae00223f0 JavaThread "Unconstrained build operations Thread 84"        [_thread_blocked, id=6508, stack(0x0000001bd2800000,0x0000001bd2900000) (1024K)]
  0x0000016ae0022a80 JavaThread "Unconstrained build operations Thread 85"        [_thread_blocked, id=16168, stack(0x0000001bd2900000,0x0000001bd2a00000) (1024K)]
  0x0000016ae00244c0 JavaThread "Unconstrained build operations Thread 86"        [_thread_blocked, id=18988, stack(0x0000001bd2a00000,0x0000001bd2b00000) (1024K)]
  0x0000016ae0021d60 JavaThread "Unconstrained build operations Thread 87"        [_thread_blocked, id=25676, stack(0x0000001bd2b00000,0x0000001bd2c00000) (1024K)]
  0x0000016ae00237a0 JavaThread "Unconstrained build operations Thread 88"        [_thread_blocked, id=29904, stack(0x0000001bd2c00000,0x0000001bd2d00000) (1024K)]
  0x0000016ae00216d0 JavaThread "Unconstrained build operations Thread 89"        [_thread_blocked, id=14744, stack(0x0000001bd2d00000,0x0000001bd2e00000) (1024K)]
  0x0000016ae0030310 JavaThread "Unconstrained build operations Thread 90"        [_thread_blocked, id=22988, stack(0x0000001bd2e00000,0x0000001bd2f00000) (1024K)]
  0x0000016ad7638200 JavaThread "Unconstrained build operations Thread 91"        [_thread_blocked, id=7836, stack(0x0000001bd2f00000,0x0000001bd3000000) (1024K)]
  0x0000016ad7635410 JavaThread "Unconstrained build operations Thread 92"        [_thread_blocked, id=29596, stack(0x0000001bd3000000,0x0000001bd3100000) (1024K)]
  0x0000016ad7634d80 JavaThread "Unconstrained build operations Thread 93"        [_thread_blocked, id=2584, stack(0x0000001bd3100000,0x0000001bd3200000) (1024K)]
  0x0000016ad7638890 JavaThread "Unconstrained build operations Thread 94"        [_thread_blocked, id=20688, stack(0x0000001bd3200000,0x0000001bd3300000) (1024K)]
  0x0000016ad7636e50 JavaThread "Unconstrained build operations Thread 95"        [_thread_blocked, id=23748, stack(0x0000001bd3300000,0x0000001bd3400000) (1024K)]
  0x0000016ad7638f20 JavaThread "Unconstrained build operations Thread 96"        [_thread_blocked, id=21144, stack(0x0000001bd3400000,0x0000001bd3500000) (1024K)]
  0x0000016ad7636130 JavaThread "Unconstrained build operations Thread 97"        [_thread_blocked, id=25552, stack(0x0000001bd3500000,0x0000001bd3600000) (1024K)]
  0x0000016ad76367c0 JavaThread "Unconstrained build operations Thread 98"        [_thread_blocked, id=26160, stack(0x0000001bd3600000,0x0000001bd3700000) (1024K)]
  0x0000016ad7635aa0 JavaThread "Unconstrained build operations Thread 99"        [_thread_blocked, id=31036, stack(0x0000001bd3700000,0x0000001bd3800000) (1024K)]
  0x0000016ad76395b0 JavaThread "Unconstrained build operations Thread 100"        [_thread_blocked, id=25576, stack(0x0000001bd3800000,0x0000001bd3900000) (1024K)]
  0x0000016ad7639c40 JavaThread "Unconstrained build operations Thread 101"        [_thread_blocked, id=12116, stack(0x0000001bd3900000,0x0000001bd3a00000) (1024K)]
  0x0000016ad763a960 JavaThread "Unconstrained build operations Thread 102"        [_thread_blocked, id=17356, stack(0x0000001bd3a00000,0x0000001bd3b00000) (1024K)]
  0x0000016ad7637b70 JavaThread "Unconstrained build operations Thread 103"        [_thread_blocked, id=30996, stack(0x0000001bd3b00000,0x0000001bd3c00000) (1024K)]
  0x0000016ad76374e0 JavaThread "Unconstrained build operations Thread 104"        [_thread_blocked, id=24980, stack(0x0000001bd3c00000,0x0000001bd3d00000) (1024K)]
  0x0000016ad763a2d0 JavaThread "Unconstrained build operations Thread 105"        [_thread_blocked, id=24792, stack(0x0000001bd3d00000,0x0000001bd3e00000) (1024K)]
  0x0000016ad763aff0 JavaThread "Unconstrained build operations Thread 106"        [_thread_blocked, id=23704, stack(0x0000001bd3e00000,0x0000001bd3f00000) (1024K)]
  0x0000016ad763bd10 JavaThread "Unconstrained build operations Thread 107"        [_thread_blocked, id=10704, stack(0x0000001bd3f00000,0x0000001bd4000000) (1024K)]
  0x0000016ad763b680 JavaThread "Unconstrained build operations Thread 108"        [_thread_blocked, id=15772, stack(0x0000001bd4000000,0x0000001bd4100000) (1024K)]
  0x0000016ad763c3a0 JavaThread "Unconstrained build operations Thread 109"        [_thread_blocked, id=11288, stack(0x0000001bd4100000,0x0000001bd4200000) (1024K)]
  0x0000016ae10206c0 JavaThread "Unconstrained build operations Thread 110"        [_thread_blocked, id=18644, stack(0x0000001bd4200000,0x0000001bd4300000) (1024K)]
  0x0000016ae1020d50 JavaThread "Unconstrained build operations Thread 111"        [_thread_blocked, id=23868, stack(0x0000001bd4300000,0x0000001bd4400000) (1024K)]
  0x0000016ae1022100 JavaThread "WorkerExecutor Queue"              [_thread_blocked, id=24348, stack(0x0000001bd4400000,0x0000001bd4500000) (1024K)]
  0x0000016ae1020030 JavaThread "Unconstrained build operations Thread 112"        [_thread_blocked, id=7072, stack(0x0000001bd4500000,0x0000001bd4600000) (1024K)]
  0x0000016ae1022e20 JavaThread "Unconstrained build operations Thread 113"        [_thread_blocked, id=30520, stack(0x0000001bd4600000,0x0000001bd4700000) (1024K)]
  0x0000016ae1021a70 JavaThread "Unconstrained build operations Thread 114"        [_thread_blocked, id=28208, stack(0x0000001bd4700000,0x0000001bd4800000) (1024K)]
  0x0000016ae1024ef0 JavaThread "Unconstrained build operations Thread 115"        [_thread_blocked, id=19396, stack(0x0000001bd4800000,0x0000001bd4900000) (1024K)]
  0x0000016ae1025580 JavaThread "Unconstrained build operations Thread 116"        [_thread_blocked, id=8648, stack(0x0000001bd4900000,0x0000001bd4a00000) (1024K)]
  0x0000016ae10241d0 JavaThread "Unconstrained build operations Thread 117"        [_thread_blocked, id=5960, stack(0x0000001bd4a00000,0x0000001bd4b00000) (1024K)]
  0x0000016ae1023b40 JavaThread "Unconstrained build operations Thread 118"        [_thread_blocked, id=14368, stack(0x0000001bd4b00000,0x0000001bd4c00000) (1024K)]
  0x0000016ae1022790 JavaThread "Unconstrained build operations Thread 119"        [_thread_blocked, id=21100, stack(0x0000001bd4c00000,0x0000001bd4d00000) (1024K)]
  0x0000016ae1026930 JavaThread "Unconstrained build operations Thread 120"        [_thread_blocked, id=25672, stack(0x0000001bd4d00000,0x0000001bd4e00000) (1024K)]
  0x0000016ae1024860 JavaThread "Thread-163"                        [_thread_blocked, id=29140, stack(0x0000001bd4e00000,0x0000001bd4f00000) (1024K)]
Total: 179

Other Threads:
=>0x0000016acec7e9f0 VMThread "VM Thread"                           [id=3536, stack(0x0000001bc9000000,0x0000001bc9100000) (1024K)]
  0x0000016acec24940 WatcherThread "VM Periodic Task Thread"        [id=20448, stack(0x0000001bc8f00000,0x0000001bc9000000) (1024K)]
  0x0000016ab78e5730 WorkerThread "GC Thread#0"                     [id=4804, stack(0x0000001bc8a00000,0x0000001bc8b00000) (1024K)]
  0x0000016ad4357310 WorkerThread "GC Thread#1"                     [id=25516, stack(0x0000001bc9c00000,0x0000001bc9d00000) (1024K)]
  0x0000016ad4333c40 WorkerThread "GC Thread#2"                     [id=30704, stack(0x0000001bc9d00000,0x0000001bc9e00000) (1024K)]
  0x0000016ad4d40a60 WorkerThread "GC Thread#3"                     [id=26740, stack(0x0000001bc9e00000,0x0000001bc9f00000) (1024K)]
  0x0000016ad4d42430 WorkerThread "GC Thread#4"                     [id=21196, stack(0x0000001bc9f00000,0x0000001bca000000) (1024K)]
  0x0000016ad4d41570 WorkerThread "GC Thread#5"                     [id=16188, stack(0x0000001bca000000,0x0000001bca100000) (1024K)]
  0x0000016ad4d41920 WorkerThread "GC Thread#6"                     [id=21996, stack(0x0000001bca100000,0x0000001bca200000) (1024K)]
  0x0000016ad55b3400 WorkerThread "GC Thread#7"                     [id=28256, stack(0x0000001bca200000,0x0000001bca300000) (1024K)]
  0x0000016ad55afcb0 WorkerThread "GC Thread#8"                     [id=22004, stack(0x0000001bca300000,0x0000001bca400000) (1024K)]
  0x0000016ad55b0060 WorkerThread "GC Thread#9"                     [id=5372, stack(0x0000001bcab00000,0x0000001bcac00000) (1024K)]
  0x0000016ab78f6630 ConcurrentGCThread "G1 Main Marker"            [id=23048, stack(0x0000001bc8b00000,0x0000001bc8c00000) (1024K)]
  0x0000016ab78f7e90 WorkerThread "G1 Conc#0"                       [id=9972, stack(0x0000001bc8c00000,0x0000001bc8d00000) (1024K)]
  0x0000016ad55b0f20 WorkerThread "G1 Conc#1"                       [id=31560, stack(0x0000001bcac00000,0x0000001bcad00000) (1024K)]
  0x0000016ad55b1de0 WorkerThread "G1 Conc#2"                       [id=13812, stack(0x0000001bcad00000,0x0000001bcae00000) (1024K)]
  0x0000016ab794e5d0 ConcurrentGCThread "G1 Refine#0"               [id=14780, stack(0x0000001bc8d00000,0x0000001bc8e00000) (1024K)]
  0x0000016ab794ea10 ConcurrentGCThread "G1 Service"                [id=15252, stack(0x0000001bc8e00000,0x0000001bc8f00000) (1024K)]
Total: 18

Threads with active compile tasks:
C2 CompilerThread0  36641 15302   !   4       java.util.concurrent.locks.AbstractQueuedSynchronizer::acquire (424 bytes)
C2 CompilerThread1  36641 15304   !   4       java.nio.file.FileTreeWalker::visit (204 bytes)
Total: 2

VM state: at safepoint (normal execution)

VM Mutex/Monitor currently owned by a thread:  ([mutex/lock_event])
[0x00007fff221786d0] Threads_lock - owner thread: 0x0000016acec7e9f0
[0x00007fff221787d0] Heap_lock - owner thread: 0x0000016ad84a3cf0

Heap address: 0x0000000080000000, size: 2048 MB, Compressed Oops mode: 32-bit

CDS archive(s) not mapped
Compressed class space mapped at: 0x0000000100000000-0x0000000140000000, reserved size: 1073741824
Narrow klass base: 0x0000000000000000, Narrow klass shift: 3, Narrow klass range: 0x140000000

GC Precious Log:
 CardTable entry size: 512
 Card Set container configuration: InlinePtr #cards 5 size 8 Array Of Cards #cards 12 size 40 Howl #buckets 4 coarsen threshold 1843 Howl Bitmap #cards 512 size 80 coarsen threshold 460 Card regions per heap region 1 cards per card region 2048
 CPUs: 12 total, 12 available
 Memory: 7501M
 Large Page Support: Disabled
 NUMA Support: Disabled
 Compressed Oops: Enabled (32-bit)
 Heap Region Size: 1M
 Heap Min Capacity: 8M
 Heap Initial Capacity: 118M
 Heap Max Capacity: 2G
 Pre-touch: Disabled
 Parallel Workers: 10
 Concurrent Workers: 3
 Concurrent Refinement Workers: 10
 Periodic GC: Disabled

Heap:
 garbage-first heap   total 339968K, used 137969K [0x0000000080000000, 0x0000000100000000)
  region size 1024K, 13 young (13312K), 13 survivors (13312K)
 Metaspace       used 123417K, committed 125824K, reserved 1179648K
  class space    used 17543K, committed 18688K, reserved 1048576K

Heap Regions: E=young(eden), S=young(survivor), O=old, HS=humongous(starts), HC=humongous(continues), CS=collection set, F=free, TAMS=top-at-mark-start, PB=parsable bottom
|   0|0x0000000080000000, 0x0000000080100000, 0x0000000080100000|100%|HS|  |TAMS 0x0000000080100000| PB 0x0000000080000000| Complete 
|   1|0x0000000080100000, 0x0000000080200000, 0x0000000080200000|100%|HC|  |TAMS 0x0000000080200000| PB 0x0000000080100000| Complete 
|   2|0x0000000080200000, 0x0000000080300000, 0x0000000080300000|100%|HC|  |TAMS 0x0000000080300000| PB 0x0000000080200000| Complete 
|   3|0x0000000080300000, 0x0000000080400000, 0x0000000080400000|100%|HC|  |TAMS 0x0000000080400000| PB 0x0000000080300000| Complete 
|   4|0x0000000080400000, 0x0000000080500000, 0x0000000080500000|100%| O|  |TAMS 0x0000000080500000| PB 0x0000000080400000| Untracked 
|   5|0x0000000080500000, 0x0000000080600000, 0x0000000080600000|100%| O|  |TAMS 0x0000000080600000| PB 0x0000000080500000| Untracked 
|   6|0x0000000080600000, 0x0000000080700000, 0x0000000080700000|100%| O|  |TAMS 0x0000000080700000| PB 0x0000000080600000| Untracked 
|   7|0x0000000080700000, 0x0000000080800000, 0x0000000080800000|100%|HS|  |TAMS 0x0000000080800000| PB 0x0000000080700000| Complete 
|   8|0x0000000080800000, 0x0000000080900000, 0x0000000080900000|100%| O|  |TAMS 0x0000000080900000| PB 0x0000000080800000| Untracked 
|   9|0x0000000080900000, 0x0000000080a00000, 0x0000000080a00000|100%| O|  |TAMS 0x0000000080a00000| PB 0x0000000080900000| Untracked 
|  10|0x0000000080a00000, 0x0000000080b00000, 0x0000000080b00000|100%| O|  |TAMS 0x0000000080b00000| PB 0x0000000080a00000| Untracked 
|  11|0x0000000080b00000, 0x0000000080c00000, 0x0000000080c00000|100%| O|  |TAMS 0x0000000080c00000| PB 0x0000000080b00000| Untracked 
|  12|0x0000000080c00000, 0x0000000080d00000, 0x0000000080d00000|100%| O|  |TAMS 0x0000000080d00000| PB 0x0000000080c00000| Untracked 
|  13|0x0000000080d00000, 0x0000000080e00000, 0x0000000080e00000|100%| O|  |TAMS 0x0000000080e00000| PB 0x0000000080d00000| Untracked 
|  14|0x0000000080e00000, 0x0000000080f00000, 0x0000000080f00000|100%| O|  |TAMS 0x0000000080f00000| PB 0x0000000080e00000| Untracked 
|  15|0x0000000080f00000, 0x0000000081000000, 0x0000000081000000|100%| O|  |TAMS 0x0000000081000000| PB 0x0000000080f00000| Untracked 
|  16|0x0000000081000000, 0x0000000081100000, 0x0000000081100000|100%| O|  |TAMS 0x0000000081100000| PB 0x0000000081000000| Untracked 
|  17|0x0000000081100000, 0x0000000081200000, 0x0000000081200000|100%| O|  |TAMS 0x0000000081200000| PB 0x0000000081100000| Untracked 
|  18|0x0000000081200000, 0x0000000081300000, 0x0000000081300000|100%| O|  |TAMS 0x0000000081300000| PB 0x0000000081200000| Untracked 
|  19|0x0000000081300000, 0x0000000081400000, 0x0000000081400000|100%| O|  |TAMS 0x0000000081400000| PB 0x0000000081300000| Untracked 
|  20|0x0000000081400000, 0x0000000081500000, 0x0000000081500000|100%| O|  |TAMS 0x0000000081500000| PB 0x0000000081400000| Untracked 
|  21|0x0000000081500000, 0x0000000081600000, 0x0000000081600000|100%| O|  |TAMS 0x0000000081600000| PB 0x0000000081500000| Untracked 
|  22|0x0000000081600000, 0x0000000081700000, 0x0000000081700000|100%| O|  |TAMS 0x0000000081700000| PB 0x0000000081600000| Untracked 
|  23|0x0000000081700000, 0x0000000081800000, 0x0000000081800000|100%| O|  |TAMS 0x0000000081800000| PB 0x0000000081700000| Untracked 
|  24|0x0000000081800000, 0x0000000081900000, 0x0000000081900000|100%| O|  |TAMS 0x0000000081900000| PB 0x0000000081800000| Untracked 
|  25|0x0000000081900000, 0x0000000081a00000, 0x0000000081a00000|100%| O|  |TAMS 0x0000000081a00000| PB 0x0000000081900000| Untracked 
|  26|0x0000000081a00000, 0x0000000081b00000, 0x0000000081b00000|100%| O|  |TAMS 0x0000000081b00000| PB 0x0000000081a00000| Untracked 
|  27|0x0000000081b00000, 0x0000000081c00000, 0x0000000081c00000|100%| O|  |TAMS 0x0000000081c00000| PB 0x0000000081b00000| Untracked 
|  28|0x0000000081c00000, 0x0000000081d00000, 0x0000000081d00000|100%| O|  |TAMS 0x0000000081d00000| PB 0x0000000081c00000| Untracked 
|  29|0x0000000081d00000, 0x0000000081e00000, 0x0000000081e00000|100%| O|  |TAMS 0x0000000081e00000| PB 0x0000000081d00000| Untracked 
|  30|0x0000000081e00000, 0x0000000081f00000, 0x0000000081f00000|100%| O|  |TAMS 0x0000000081f00000| PB 0x0000000081e00000| Untracked 
|  31|0x0000000081f00000, 0x0000000082000000, 0x0000000082000000|100%| O|  |TAMS 0x0000000082000000| PB 0x0000000081f00000| Untracked 
|  32|0x0000000082000000, 0x0000000082100000, 0x0000000082100000|100%|HS|  |TAMS 0x0000000082100000| PB 0x0000000082000000| Complete 
|  33|0x0000000082100000, 0x0000000082200000, 0x0000000082200000|100%|HS|  |TAMS 0x0000000082200000| PB 0x0000000082100000| Complete 
|  34|0x0000000082200000, 0x0000000082300000, 0x0000000082300000|100%|HC|  |TAMS 0x0000000082300000| PB 0x0000000082200000| Complete 
|  35|0x0000000082300000, 0x0000000082400000, 0x0000000082400000|100%| O|  |TAMS 0x0000000082400000| PB 0x0000000082300000| Untracked 
|  36|0x0000000082400000, 0x0000000082500000, 0x0000000082500000|100%| O|  |TAMS 0x0000000082500000| PB 0x0000000082400000| Untracked 
|  37|0x0000000082500000, 0x0000000082600000, 0x0000000082600000|100%| O|  |TAMS 0x0000000082600000| PB 0x0000000082500000| Untracked 
|  38|0x0000000082600000, 0x0000000082700000, 0x0000000082700000|100%| O|  |TAMS 0x0000000082700000| PB 0x0000000082600000| Untracked 
|  39|0x0000000082700000, 0x0000000082800000, 0x0000000082800000|100%| O|  |TAMS 0x0000000082700000| PB 0x0000000082700000| Untracked 
|  40|0x0000000082800000, 0x0000000082900000, 0x0000000082900000|100%| O|  |TAMS 0x0000000082900000| PB 0x0000000082800000| Untracked 
|  41|0x0000000082900000, 0x0000000082a00000, 0x0000000082a00000|100%| O|  |TAMS 0x0000000082a00000| PB 0x0000000082900000| Untracked 
|  42|0x0000000082a00000, 0x0000000082b00000, 0x0000000082b00000|100%| O|  |TAMS 0x0000000082b00000| PB 0x0000000082a00000| Untracked 
|  43|0x0000000082b00000, 0x0000000082c00000, 0x0000000082c00000|100%| O|  |TAMS 0x0000000082c00000| PB 0x0000000082b00000| Untracked 
|  44|0x0000000082c00000, 0x0000000082d00000, 0x0000000082d00000|100%|HS|  |TAMS 0x0000000082d00000| PB 0x0000000082c00000| Complete 
|  45|0x0000000082d00000, 0x0000000082e00000, 0x0000000082e00000|100%| O|  |TAMS 0x0000000082e00000| PB 0x0000000082d00000| Untracked 
|  46|0x0000000082e00000, 0x0000000082f00000, 0x0000000082f00000|100%| O|  |TAMS 0x0000000082f00000| PB 0x0000000082e00000| Untracked 
|  47|0x0000000082f00000, 0x0000000083000000, 0x0000000083000000|100%| O|  |TAMS 0x0000000083000000| PB 0x0000000082f00000| Untracked 
|  48|0x0000000083000000, 0x0000000083100000, 0x0000000083100000|100%| O|  |TAMS 0x0000000083100000| PB 0x0000000083000000| Untracked 
|  49|0x0000000083100000, 0x0000000083200000, 0x0000000083200000|100%| O|  |TAMS 0x0000000083200000| PB 0x0000000083100000| Untracked 
|  50|0x0000000083200000, 0x0000000083300000, 0x0000000083300000|100%| O|  |TAMS 0x0000000083300000| PB 0x0000000083200000| Untracked 
|  51|0x0000000083300000, 0x0000000083400000, 0x0000000083400000|100%| O|  |TAMS 0x0000000083400000| PB 0x0000000083300000| Untracked 
|  52|0x0000000083400000, 0x0000000083500000, 0x0000000083500000|100%| O|  |TAMS 0x0000000083500000| PB 0x0000000083400000| Untracked 
|  53|0x0000000083500000, 0x0000000083600000, 0x0000000083600000|100%| O|  |TAMS 0x0000000083600000| PB 0x0000000083500000| Untracked 
|  54|0x0000000083600000, 0x0000000083700000, 0x0000000083700000|100%|HS|  |TAMS 0x0000000083700000| PB 0x0000000083600000| Complete 
|  55|0x0000000083700000, 0x0000000083800000, 0x0000000083800000|100%|HC|  |TAMS 0x0000000083800000| PB 0x0000000083700000| Complete 
|  56|0x0000000083800000, 0x0000000083900000, 0x0000000083900000|100%|HS|  |TAMS 0x0000000083900000| PB 0x0000000083800000| Complete 
|  57|0x0000000083900000, 0x0000000083a00000, 0x0000000083a00000|100%|HS|  |TAMS 0x0000000083a00000| PB 0x0000000083900000| Complete 
|  58|0x0000000083a00000, 0x0000000083b00000, 0x0000000083b00000|100%| O|  |TAMS 0x0000000083b00000| PB 0x0000000083a00000| Untracked 
|  59|0x0000000083b00000, 0x0000000083c00000, 0x0000000083c00000|100%| O|  |TAMS 0x0000000083c00000| PB 0x0000000083b00000| Untracked 
|  60|0x0000000083c00000, 0x0000000083d00000, 0x0000000083d00000|100%| O|  |TAMS 0x0000000083d00000| PB 0x0000000083c00000| Untracked 
|  61|0x0000000083d00000, 0x0000000083e00000, 0x0000000083e00000|100%|HS|  |TAMS 0x0000000083e00000| PB 0x0000000083d00000| Complete 
|  62|0x0000000083e00000, 0x0000000083f00000, 0x0000000083f00000|100%| O|  |TAMS 0x0000000083f00000| PB 0x0000000083e00000| Untracked 
|  63|0x0000000083f00000, 0x0000000084000000, 0x0000000084000000|100%|HS|  |TAMS 0x0000000084000000| PB 0x0000000083f00000| Complete 
|  64|0x0000000084000000, 0x0000000084100000, 0x0000000084100000|100%|HS|  |TAMS 0x0000000084100000| PB 0x0000000084000000| Complete 
|  65|0x0000000084100000, 0x0000000084200000, 0x0000000084200000|100%|HC|  |TAMS 0x0000000084200000| PB 0x0000000084100000| Complete 
|  66|0x0000000084200000, 0x0000000084300000, 0x0000000084300000|100%| O|  |TAMS 0x0000000084300000| PB 0x0000000084200000| Untracked 
|  67|0x0000000084300000, 0x0000000084400000, 0x0000000084400000|100%| O|  |TAMS 0x0000000084400000| PB 0x0000000084300000| Untracked 
|  68|0x0000000084400000, 0x0000000084500000, 0x0000000084500000|100%| O|  |TAMS 0x0000000084500000| PB 0x0000000084400000| Untracked 
|  69|0x0000000084500000, 0x0000000084600000, 0x0000000084600000|100%| O|  |TAMS 0x0000000084600000| PB 0x0000000084500000| Untracked 
|  70|0x0000000084600000, 0x0000000084700000, 0x0000000084700000|100%| O|  |TAMS 0x0000000084700000| PB 0x0000000084600000| Untracked 
|  71|0x0000000084700000, 0x0000000084800000, 0x0000000084800000|100%| O|  |TAMS 0x0000000084800000| PB 0x0000000084700000| Untracked 
|  72|0x0000000084800000, 0x0000000084900000, 0x0000000084900000|100%| O|  |TAMS 0x0000000084900000| PB 0x0000000084800000| Untracked 
|  73|0x0000000084900000, 0x0000000084a00000, 0x0000000084a00000|100%| O|  |TAMS 0x0000000084a00000| PB 0x0000000084900000| Untracked 
|  74|0x0000000084a00000, 0x0000000084b00000, 0x0000000084b00000|100%| O|  |TAMS 0x0000000084b00000| PB 0x0000000084a00000| Untracked 
|  75|0x0000000084b00000, 0x0000000084c00000, 0x0000000084c00000|100%| O|  |TAMS 0x0000000084c00000| PB 0x0000000084b00000| Untracked 
|  76|0x0000000084c00000, 0x0000000084d00000, 0x0000000084d00000|100%|HS|  |TAMS 0x0000000084d00000| PB 0x0000000084c00000| Complete 
|  77|0x0000000084d00000, 0x0000000084e00000, 0x0000000084e00000|100%| O|  |TAMS 0x0000000084e00000| PB 0x0000000084d00000| Untracked 
|  78|0x0000000084e00000, 0x0000000084f00000, 0x0000000084f00000|100%| O|  |TAMS 0x0000000084f00000| PB 0x0000000084e00000| Untracked 
|  79|0x0000000084f00000, 0x0000000085000000, 0x0000000085000000|100%| O|  |TAMS 0x0000000085000000| PB 0x0000000084f00000| Untracked 
|  80|0x0000000085000000, 0x0000000085100000, 0x0000000085100000|100%| O|  |TAMS 0x0000000085100000| PB 0x0000000085000000| Untracked 
|  81|0x0000000085100000, 0x0000000085200000, 0x0000000085200000|100%| O|  |TAMS 0x0000000085200000| PB 0x0000000085100000| Untracked 
|  82|0x0000000085200000, 0x0000000085300000, 0x0000000085300000|100%| O|  |TAMS 0x0000000085300000| PB 0x0000000085200000| Untracked 
|  83|0x0000000085300000, 0x0000000085400000, 0x0000000085400000|100%| O|  |TAMS 0x0000000085400000| PB 0x0000000085300000| Untracked 
|  84|0x0000000085400000, 0x0000000085500000, 0x0000000085500000|100%| O|  |TAMS 0x0000000085500000| PB 0x0000000085400000| Untracked 
|  85|0x0000000085500000, 0x0000000085600000, 0x0000000085600000|100%| O|  |TAMS 0x0000000085600000| PB 0x0000000085500000| Untracked 
|  86|0x0000000085600000, 0x0000000085700000, 0x0000000085700000|100%| O|  |TAMS 0x0000000085700000| PB 0x0000000085600000| Untracked 
|  87|0x0000000085700000, 0x0000000085800000, 0x0000000085800000|100%| O|  |TAMS 0x0000000085800000| PB 0x0000000085700000| Untracked 
|  88|0x0000000085800000, 0x0000000085900000, 0x0000000085900000|100%| O|  |TAMS 0x0000000085900000| PB 0x0000000085800000| Untracked 
|  89|0x0000000085900000, 0x0000000085a00000, 0x0000000085a00000|100%| O|  |TAMS 0x0000000085a00000| PB 0x0000000085900000| Untracked 
|  90|0x0000000085a00000, 0x0000000085b00000, 0x0000000085b00000|100%| O|  |TAMS 0x0000000085b00000| PB 0x0000000085a00000| Untracked 
|  91|0x0000000085b00000, 0x0000000085c00000, 0x0000000085c00000|100%| O|  |TAMS 0x0000000085c00000| PB 0x0000000085b00000| Untracked 
|  92|0x0000000085c00000, 0x0000000085d00000, 0x0000000085d00000|100%| O|  |TAMS 0x0000000085d00000| PB 0x0000000085c00000| Untracked 
|  93|0x0000000085d00000, 0x0000000085e00000, 0x0000000085e00000|100%| O|  |TAMS 0x0000000085e00000| PB 0x0000000085d00000| Untracked 
|  94|0x0000000085e00000, 0x0000000085ebc7a8, 0x0000000085f00000| 73%| O|  |TAMS 0x0000000085e00000| PB 0x0000000085e00000| Untracked 
|  95|0x0000000085f00000, 0x0000000086000000, 0x0000000086000000|100%| O|  |TAMS 0x0000000086000000| PB 0x0000000085f00000| Untracked 
|  96|0x0000000086000000, 0x0000000086100000, 0x0000000086100000|100%| O|  |TAMS 0x0000000086100000| PB 0x0000000086000000| Untracked 
|  97|0x0000000086100000, 0x0000000086200000, 0x0000000086200000|100%| O|  |TAMS 0x0000000086200000| PB 0x0000000086100000| Untracked 
|  98|0x0000000086200000, 0x0000000086300000, 0x0000000086300000|100%| O|  |TAMS 0x0000000086300000| PB 0x0000000086200000| Untracked 
|  99|0x0000000086300000, 0x0000000086400000, 0x0000000086400000|100%| O|  |TAMS 0x0000000086373e60| PB 0x0000000086300000| Untracked 
| 100|0x0000000086400000, 0x0000000086400000, 0x0000000086500000|  0%| F|  |TAMS 0x0000000086400000| PB 0x0000000086400000| Untracked 
| 101|0x0000000086500000, 0x0000000086600000, 0x0000000086600000|100%| O|  |TAMS 0x0000000086600000| PB 0x0000000086500000| Untracked 
| 102|0x0000000086600000, 0x0000000086700000, 0x0000000086700000|100%| O|  |TAMS 0x0000000086700000| PB 0x0000000086600000| Untracked 
| 103|0x0000000086700000, 0x0000000086800000, 0x0000000086800000|100%| O|  |TAMS 0x0000000086800000| PB 0x0000000086700000| Untracked 
| 104|0x0000000086800000, 0x0000000086900000, 0x0000000086900000|100%| O|  |TAMS 0x0000000086900000| PB 0x0000000086800000| Untracked 
| 105|0x0000000086900000, 0x0000000086a00000, 0x0000000086a00000|100%| O|  |TAMS 0x0000000086a00000| PB 0x0000000086900000| Untracked 
| 106|0x0000000086a00000, 0x0000000086b00000, 0x0000000086b00000|100%| O|  |TAMS 0x0000000086b00000| PB 0x0000000086a00000| Untracked 
| 107|0x0000000086b00000, 0x0000000086c00000, 0x0000000086c00000|100%| O|  |TAMS 0x0000000086c00000| PB 0x0000000086b00000| Untracked 
| 108|0x0000000086c00000, 0x0000000086c00000, 0x0000000086d00000|  0%| F|  |TAMS 0x0000000086c00000| PB 0x0000000086c00000| Untracked 
| 109|0x0000000086d00000, 0x0000000086e00000, 0x0000000086e00000|100%| O|  |TAMS 0x0000000086e00000| PB 0x0000000086d00000| Untracked 
| 110|0x0000000086e00000, 0x0000000086f00000, 0x0000000086f00000|100%| O|  |TAMS 0x0000000086f00000| PB 0x0000000086e00000| Untracked 
| 111|0x0000000086f00000, 0x0000000087000000, 0x0000000087000000|100%| O|  |TAMS 0x0000000087000000| PB 0x0000000086f00000| Untracked 
| 112|0x0000000087000000, 0x0000000087000000, 0x0000000087100000|  0%| F|  |TAMS 0x0000000087000000| PB 0x0000000087000000| Untracked 
| 113|0x0000000087100000, 0x0000000087100000, 0x0000000087200000|  0%| F|  |TAMS 0x0000000087100000| PB 0x0000000087100000| Untracked 
| 114|0x0000000087200000, 0x0000000087200000, 0x0000000087300000|  0%| F|  |TAMS 0x0000000087200000| PB 0x0000000087200000| Untracked 
| 115|0x0000000087300000, 0x0000000087300000, 0x0000000087400000|  0%| F|  |TAMS 0x0000000087300000| PB 0x0000000087300000| Untracked 
| 116|0x0000000087400000, 0x0000000087400000, 0x0000000087500000|  0%| F|  |TAMS 0x0000000087400000| PB 0x0000000087400000| Untracked 
| 117|0x0000000087500000, 0x0000000087600000, 0x0000000087600000|100%| O|  |TAMS 0x0000000087600000| PB 0x0000000087500000| Untracked 
| 118|0x0000000087600000, 0x0000000087600000, 0x0000000087700000|  0%| F|  |TAMS 0x0000000087600000| PB 0x0000000087600000| Untracked 
| 119|0x0000000087700000, 0x0000000087700000, 0x0000000087800000|  0%| F|  |TAMS 0x0000000087700000| PB 0x0000000087700000| Untracked 
| 120|0x0000000087800000, 0x0000000087800000, 0x0000000087900000|  0%| F|  |TAMS 0x0000000087800000| PB 0x0000000087800000| Untracked 
| 121|0x0000000087900000, 0x0000000087900000, 0x0000000087a00000|  0%| F|  |TAMS 0x0000000087900000| PB 0x0000000087900000| Untracked 
| 122|0x0000000087a00000, 0x0000000087b00000, 0x0000000087b00000|100%| S|CS|TAMS 0x0000000087a00000| PB 0x0000000087a00000| Complete 
| 123|0x0000000087b00000, 0x0000000087c00000, 0x0000000087c00000|100%| S|CS|TAMS 0x0000000087b00000| PB 0x0000000087b00000| Complete 
| 124|0x0000000087c00000, 0x0000000087d00000, 0x0000000087d00000|100%| S|CS|TAMS 0x0000000087c00000| PB 0x0000000087c00000| Complete 
| 125|0x0000000087d00000, 0x0000000087e00000, 0x0000000087e00000|100%| S|CS|TAMS 0x0000000087d00000| PB 0x0000000087d00000| Complete 
| 126|0x0000000087e00000, 0x0000000087f00000, 0x0000000087f00000|100%| S|CS|TAMS 0x0000000087e00000| PB 0x0000000087e00000| Complete 
| 127|0x0000000087f00000, 0x0000000088000000, 0x0000000088000000|100%| S|CS|TAMS 0x0000000087f00000| PB 0x0000000087f00000| Complete 
| 128|0x0000000088000000, 0x0000000088100000, 0x0000000088100000|100%| S|CS|TAMS 0x0000000088000000| PB 0x0000000088000000| Complete 
| 129|0x0000000088100000, 0x0000000088200000, 0x0000000088200000|100%| S|CS|TAMS 0x0000000088100000| PB 0x0000000088100000| Complete 
| 130|0x0000000088200000, 0x0000000088200000, 0x0000000088300000|  0%| F|  |TAMS 0x0000000088200000| PB 0x0000000088200000| Untracked 
| 131|0x0000000088300000, 0x0000000088300000, 0x0000000088400000|  0%| F|  |TAMS 0x0000000088300000| PB 0x0000000088300000| Untracked 
| 132|0x0000000088400000, 0x0000000088400000, 0x0000000088500000|  0%| F|  |TAMS 0x0000000088400000| PB 0x0000000088400000| Untracked 
| 133|0x0000000088500000, 0x0000000088500000, 0x0000000088600000|  0%| F|  |TAMS 0x0000000088500000| PB 0x0000000088500000| Untracked 
| 134|0x0000000088600000, 0x0000000088600000, 0x0000000088700000|  0%| F|  |TAMS 0x0000000088600000| PB 0x0000000088600000| Untracked 
| 135|0x0000000088700000, 0x0000000088700000, 0x0000000088800000|  0%| F|  |TAMS 0x0000000088700000| PB 0x0000000088700000| Untracked 
| 136|0x0000000088800000, 0x0000000088800000, 0x0000000088900000|  0%| F|  |TAMS 0x0000000088800000| PB 0x0000000088800000| Untracked 
| 137|0x0000000088900000, 0x0000000088a00000, 0x0000000088a00000|100%| S|CS|TAMS 0x0000000088900000| PB 0x0000000088900000| Complete 
| 138|0x0000000088a00000, 0x0000000088b00000, 0x0000000088b00000|100%| S|CS|TAMS 0x0000000088a00000| PB 0x0000000088a00000| Complete 
| 139|0x0000000088b00000, 0x0000000088c00000, 0x0000000088c00000|100%| S|CS|TAMS 0x0000000088b00000| PB 0x0000000088b00000| Complete 
| 140|0x0000000088c00000, 0x0000000088d00000, 0x0000000088d00000|100%| S|CS|TAMS 0x0000000088c00000| PB 0x0000000088c00000| Complete 
| 141|0x0000000088d00000, 0x0000000088e00000, 0x0000000088e00000|100%| S|CS|TAMS 0x0000000088d00000| PB 0x0000000088d00000| Complete 
| 142|0x0000000088e00000, 0x0000000088e00000, 0x0000000088f00000|  0%| F|  |TAMS 0x0000000088e00000| PB 0x0000000088e00000| Untracked 
| 143|0x0000000088f00000, 0x0000000088f00000, 0x0000000089000000|  0%| F|  |TAMS 0x0000000088f00000| PB 0x0000000088f00000| Untracked 
| 144|0x0000000089000000, 0x0000000089000000, 0x0000000089100000|  0%| F|  |TAMS 0x0000000089000000| PB 0x0000000089000000| Untracked 
| 145|0x0000000089100000, 0x0000000089100000, 0x0000000089200000|  0%| F|  |TAMS 0x0000000089100000| PB 0x0000000089100000| Untracked 
| 146|0x0000000089200000, 0x0000000089200000, 0x0000000089300000|  0%| F|  |TAMS 0x0000000089200000| PB 0x0000000089200000| Untracked 
| 147|0x0000000089300000, 0x0000000089300000, 0x0000000089400000|  0%| F|  |TAMS 0x0000000089300000| PB 0x0000000089300000| Untracked 
| 148|0x0000000089400000, 0x0000000089400000, 0x0000000089500000|  0%| F|  |TAMS 0x0000000089400000| PB 0x0000000089400000| Untracked 
| 149|0x0000000089500000, 0x0000000089500000, 0x0000000089600000|  0%| F|  |TAMS 0x0000000089500000| PB 0x0000000089500000| Untracked 
| 150|0x0000000089600000, 0x0000000089600000, 0x0000000089700000|  0%| F|  |TAMS 0x0000000089600000| PB 0x0000000089600000| Untracked 
| 151|0x0000000089700000, 0x0000000089700000, 0x0000000089800000|  0%| F|  |TAMS 0x0000000089700000| PB 0x0000000089700000| Untracked 
| 152|0x0000000089800000, 0x0000000089800000, 0x0000000089900000|  0%| F|  |TAMS 0x0000000089800000| PB 0x0000000089800000| Untracked 
| 153|0x0000000089900000, 0x0000000089900000, 0x0000000089a00000|  0%| F|  |TAMS 0x0000000089900000| PB 0x0000000089900000| Untracked 
| 154|0x0000000089a00000, 0x0000000089a00000, 0x0000000089b00000|  0%| F|  |TAMS 0x0000000089a00000| PB 0x0000000089a00000| Untracked 
| 155|0x0000000089b00000, 0x0000000089b00000, 0x0000000089c00000|  0%| F|  |TAMS 0x0000000089b00000| PB 0x0000000089b00000| Untracked 
| 156|0x0000000089c00000, 0x0000000089c00000, 0x0000000089d00000|  0%| F|  |TAMS 0x0000000089c00000| PB 0x0000000089c00000| Untracked 
| 157|0x0000000089d00000, 0x0000000089d00000, 0x0000000089e00000|  0%| F|  |TAMS 0x0000000089d00000| PB 0x0000000089d00000| Untracked 
| 158|0x0000000089e00000, 0x0000000089e00000, 0x0000000089f00000|  0%| F|  |TAMS 0x0000000089e00000| PB 0x0000000089e00000| Untracked 
| 159|0x0000000089f00000, 0x0000000089f00000, 0x000000008a000000|  0%| F|  |TAMS 0x0000000089f00000| PB 0x0000000089f00000| Untracked 
| 160|0x000000008a000000, 0x000000008a000000, 0x000000008a100000|  0%| F|  |TAMS 0x000000008a000000| PB 0x000000008a000000| Untracked 
| 161|0x000000008a100000, 0x000000008a100000, 0x000000008a200000|  0%| F|  |TAMS 0x000000008a100000| PB 0x000000008a100000| Untracked 
| 162|0x000000008a200000, 0x000000008a200000, 0x000000008a300000|  0%| F|  |TAMS 0x000000008a200000| PB 0x000000008a200000| Untracked 
| 163|0x000000008a300000, 0x000000008a300000, 0x000000008a400000|  0%| F|  |TAMS 0x000000008a300000| PB 0x000000008a300000| Untracked 
| 164|0x000000008a400000, 0x000000008a400000, 0x000000008a500000|  0%| F|  |TAMS 0x000000008a400000| PB 0x000000008a400000| Untracked 
| 165|0x000000008a500000, 0x000000008a500000, 0x000000008a600000|  0%| F|  |TAMS 0x000000008a500000| PB 0x000000008a500000| Untracked 
| 166|0x000000008a600000, 0x000000008a600000, 0x000000008a700000|  0%| F|  |TAMS 0x000000008a600000| PB 0x000000008a600000| Untracked 
| 167|0x000000008a700000, 0x000000008a700000, 0x000000008a800000|  0%| F|  |TAMS 0x000000008a700000| PB 0x000000008a700000| Untracked 
| 168|0x000000008a800000, 0x000000008a800000, 0x000000008a900000|  0%| F|  |TAMS 0x000000008a800000| PB 0x000000008a800000| Untracked 
| 169|0x000000008a900000, 0x000000008a900000, 0x000000008aa00000|  0%| F|  |TAMS 0x000000008a900000| PB 0x000000008a900000| Untracked 
| 170|0x000000008aa00000, 0x000000008aa00000, 0x000000008ab00000|  0%| F|  |TAMS 0x000000008aa00000| PB 0x000000008aa00000| Untracked 
| 171|0x000000008ab00000, 0x000000008ab00000, 0x000000008ac00000|  0%| F|  |TAMS 0x000000008ab00000| PB 0x000000008ab00000| Untracked 
| 172|0x000000008ac00000, 0x000000008ac00000, 0x000000008ad00000|  0%| F|  |TAMS 0x000000008ac00000| PB 0x000000008ac00000| Untracked 
| 173|0x000000008ad00000, 0x000000008ad00000, 0x000000008ae00000|  0%| F|  |TAMS 0x000000008ad00000| PB 0x000000008ad00000| Untracked 
| 174|0x000000008ae00000, 0x000000008ae00000, 0x000000008af00000|  0%| F|  |TAMS 0x000000008ae00000| PB 0x000000008ae00000| Untracked 
| 175|0x000000008af00000, 0x000000008af00000, 0x000000008b000000|  0%| F|  |TAMS 0x000000008af00000| PB 0x000000008af00000| Untracked 
| 176|0x000000008b000000, 0x000000008b000000, 0x000000008b100000|  0%| F|  |TAMS 0x000000008b000000| PB 0x000000008b000000| Untracked 
| 177|0x000000008b100000, 0x000000008b100000, 0x000000008b200000|  0%| F|  |TAMS 0x000000008b100000| PB 0x000000008b100000| Untracked 
| 178|0x000000008b200000, 0x000000008b200000, 0x000000008b300000|  0%| F|  |TAMS 0x000000008b200000| PB 0x000000008b200000| Untracked 
| 179|0x000000008b300000, 0x000000008b300000, 0x000000008b400000|  0%| F|  |TAMS 0x000000008b300000| PB 0x000000008b300000| Untracked 
| 180|0x000000008b400000, 0x000000008b400000, 0x000000008b500000|  0%| F|  |TAMS 0x000000008b400000| PB 0x000000008b400000| Untracked 
| 181|0x000000008b500000, 0x000000008b500000, 0x000000008b600000|  0%| F|  |TAMS 0x000000008b500000| PB 0x000000008b500000| Untracked 
| 182|0x000000008b600000, 0x000000008b600000, 0x000000008b700000|  0%| F|  |TAMS 0x000000008b600000| PB 0x000000008b600000| Untracked 
| 183|0x000000008b700000, 0x000000008b700000, 0x000000008b800000|  0%| F|  |TAMS 0x000000008b700000| PB 0x000000008b700000| Untracked 
| 184|0x000000008b800000, 0x000000008b800000, 0x000000008b900000|  0%| F|  |TAMS 0x000000008b800000| PB 0x000000008b800000| Untracked 
| 185|0x000000008b900000, 0x000000008b900000, 0x000000008ba00000|  0%| F|  |TAMS 0x000000008b900000| PB 0x000000008b900000| Untracked 
| 186|0x000000008ba00000, 0x000000008ba00000, 0x000000008bb00000|  0%| F|  |TAMS 0x000000008ba00000| PB 0x000000008ba00000| Untracked 
| 187|0x000000008bb00000, 0x000000008bb00000, 0x000000008bc00000|  0%| F|  |TAMS 0x000000008bb00000| PB 0x000000008bb00000| Untracked 
| 188|0x000000008bc00000, 0x000000008bc00000, 0x000000008bd00000|  0%| F|  |TAMS 0x000000008bc00000| PB 0x000000008bc00000| Untracked 
| 189|0x000000008bd00000, 0x000000008bd00000, 0x000000008be00000|  0%| F|  |TAMS 0x000000008bd00000| PB 0x000000008bd00000| Untracked 
| 190|0x000000008be00000, 0x000000008be00000, 0x000000008bf00000|  0%| F|  |TAMS 0x000000008be00000| PB 0x000000008be00000| Untracked 
| 191|0x000000008bf00000, 0x000000008bf00000, 0x000000008c000000|  0%| F|  |TAMS 0x000000008bf00000| PB 0x000000008bf00000| Untracked 
| 192|0x000000008c000000, 0x000000008c000000, 0x000000008c100000|  0%| F|  |TAMS 0x000000008c000000| PB 0x000000008c000000| Untracked 
| 193|0x000000008c100000, 0x000000008c100000, 0x000000008c200000|  0%| F|  |TAMS 0x000000008c100000| PB 0x000000008c100000| Untracked 
| 194|0x000000008c200000, 0x000000008c200000, 0x000000008c300000|  0%| F|  |TAMS 0x000000008c200000| PB 0x000000008c200000| Untracked 
| 195|0x000000008c300000, 0x000000008c300000, 0x000000008c400000|  0%| F|  |TAMS 0x000000008c300000| PB 0x000000008c300000| Untracked 
| 196|0x000000008c400000, 0x000000008c400000, 0x000000008c500000|  0%| F|  |TAMS 0x000000008c400000| PB 0x000000008c400000| Untracked 
| 197|0x000000008c500000, 0x000000008c500000, 0x000000008c600000|  0%| F|  |TAMS 0x000000008c500000| PB 0x000000008c500000| Untracked 
| 198|0x000000008c600000, 0x000000008c600000, 0x000000008c700000|  0%| F|  |TAMS 0x000000008c600000| PB 0x000000008c600000| Untracked 
| 199|0x000000008c700000, 0x000000008c700000, 0x000000008c800000|  0%| F|  |TAMS 0x000000008c700000| PB 0x000000008c700000| Untracked 
| 200|0x000000008c800000, 0x000000008c800000, 0x000000008c900000|  0%| F|  |TAMS 0x000000008c800000| PB 0x000000008c800000| Untracked 
| 201|0x000000008c900000, 0x000000008c900000, 0x000000008ca00000|  0%| F|  |TAMS 0x000000008c900000| PB 0x000000008c900000| Untracked 
| 202|0x000000008ca00000, 0x000000008ca00000, 0x000000008cb00000|  0%| F|  |TAMS 0x000000008ca00000| PB 0x000000008ca00000| Untracked 
| 203|0x000000008cb00000, 0x000000008cb00000, 0x000000008cc00000|  0%| F|  |TAMS 0x000000008cb00000| PB 0x000000008cb00000| Untracked 
| 204|0x000000008cc00000, 0x000000008cc00000, 0x000000008cd00000|  0%| F|  |TAMS 0x000000008cc00000| PB 0x000000008cc00000| Untracked 
| 205|0x000000008cd00000, 0x000000008cd00000, 0x000000008ce00000|  0%| F|  |TAMS 0x000000008cd00000| PB 0x000000008cd00000| Untracked 
| 206|0x000000008ce00000, 0x000000008ce00000, 0x000000008cf00000|  0%| F|  |TAMS 0x000000008ce00000| PB 0x000000008ce00000| Untracked 
| 207|0x000000008cf00000, 0x000000008cf00000, 0x000000008d000000|  0%| F|  |TAMS 0x000000008cf00000| PB 0x000000008cf00000| Untracked 
| 208|0x000000008d000000, 0x000000008d000000, 0x000000008d100000|  0%| F|  |TAMS 0x000000008d000000| PB 0x000000008d000000| Untracked 
| 209|0x000000008d100000, 0x000000008d100000, 0x000000008d200000|  0%| F|  |TAMS 0x000000008d100000| PB 0x000000008d100000| Untracked 
| 210|0x000000008d200000, 0x000000008d200000, 0x000000008d300000|  0%| F|  |TAMS 0x000000008d200000| PB 0x000000008d200000| Untracked 
| 211|0x000000008d300000, 0x000000008d300000, 0x000000008d400000|  0%| F|  |TAMS 0x000000008d300000| PB 0x000000008d300000| Untracked 
| 212|0x000000008d400000, 0x000000008d400000, 0x000000008d500000|  0%| F|  |TAMS 0x000000008d400000| PB 0x000000008d400000| Untracked 
| 213|0x000000008d500000, 0x000000008d500000, 0x000000008d600000|  0%| F|  |TAMS 0x000000008d500000| PB 0x000000008d500000| Untracked 
| 214|0x000000008d600000, 0x000000008d600000, 0x000000008d700000|  0%| F|  |TAMS 0x000000008d600000| PB 0x000000008d600000| Untracked 
| 215|0x000000008d700000, 0x000000008d700000, 0x000000008d800000|  0%| F|  |TAMS 0x000000008d700000| PB 0x000000008d700000| Untracked 
| 216|0x000000008d800000, 0x000000008d800000, 0x000000008d900000|  0%| F|  |TAMS 0x000000008d800000| PB 0x000000008d800000| Untracked 
| 217|0x000000008d900000, 0x000000008d900000, 0x000000008da00000|  0%| F|  |TAMS 0x000000008d900000| PB 0x000000008d900000| Untracked 
| 218|0x000000008da00000, 0x000000008da00000, 0x000000008db00000|  0%| F|  |TAMS 0x000000008da00000| PB 0x000000008da00000| Untracked 
| 219|0x000000008db00000, 0x000000008db00000, 0x000000008dc00000|  0%| F|  |TAMS 0x000000008db00000| PB 0x000000008db00000| Untracked 
| 220|0x000000008dc00000, 0x000000008dc00000, 0x000000008dd00000|  0%| F|  |TAMS 0x000000008dc00000| PB 0x000000008dc00000| Untracked 
| 221|0x000000008dd00000, 0x000000008dd00000, 0x000000008de00000|  0%| F|  |TAMS 0x000000008dd00000| PB 0x000000008dd00000| Untracked 
| 222|0x000000008de00000, 0x000000008de00000, 0x000000008df00000|  0%| F|  |TAMS 0x000000008de00000| PB 0x000000008de00000| Untracked 
| 223|0x000000008df00000, 0x000000008df00000, 0x000000008e000000|  0%| F|  |TAMS 0x000000008df00000| PB 0x000000008df00000| Untracked 
| 224|0x000000008e000000, 0x000000008e000000, 0x000000008e100000|  0%| F|  |TAMS 0x000000008e000000| PB 0x000000008e000000| Untracked 
| 225|0x000000008e100000, 0x000000008e100000, 0x000000008e200000|  0%| F|  |TAMS 0x000000008e100000| PB 0x000000008e100000| Untracked 
| 226|0x000000008e200000, 0x000000008e200000, 0x000000008e300000|  0%| F|  |TAMS 0x000000008e200000| PB 0x000000008e200000| Untracked 
| 227|0x000000008e300000, 0x000000008e300000, 0x000000008e400000|  0%| F|  |TAMS 0x000000008e300000| PB 0x000000008e300000| Untracked 
| 228|0x000000008e400000, 0x000000008e400000, 0x000000008e500000|  0%| F|  |TAMS 0x000000008e400000| PB 0x000000008e400000| Untracked 
| 229|0x000000008e500000, 0x000000008e500000, 0x000000008e600000|  0%| F|  |TAMS 0x000000008e500000| PB 0x000000008e500000| Untracked 
| 230|0x000000008e600000, 0x000000008e600000, 0x000000008e700000|  0%| F|  |TAMS 0x000000008e600000| PB 0x000000008e600000| Untracked 
| 231|0x000000008e700000, 0x000000008e700000, 0x000000008e800000|  0%| F|  |TAMS 0x000000008e700000| PB 0x000000008e700000| Untracked 
| 232|0x000000008e800000, 0x000000008e800000, 0x000000008e900000|  0%| F|  |TAMS 0x000000008e800000| PB 0x000000008e800000| Untracked 
| 233|0x000000008e900000, 0x000000008e900000, 0x000000008ea00000|  0%| F|  |TAMS 0x000000008e900000| PB 0x000000008e900000| Untracked 
| 234|0x000000008ea00000, 0x000000008ea00000, 0x000000008eb00000|  0%| F|  |TAMS 0x000000008ea00000| PB 0x000000008ea00000| Untracked 
| 235|0x000000008eb00000, 0x000000008eb00000, 0x000000008ec00000|  0%| F|  |TAMS 0x000000008eb00000| PB 0x000000008eb00000| Untracked 
| 236|0x000000008ec00000, 0x000000008ec00000, 0x000000008ed00000|  0%| F|  |TAMS 0x000000008ec00000| PB 0x000000008ec00000| Untracked 
| 237|0x000000008ed00000, 0x000000008ed00000, 0x000000008ee00000|  0%| F|  |TAMS 0x000000008ed00000| PB 0x000000008ed00000| Untracked 
| 238|0x000000008ee00000, 0x000000008ee00000, 0x000000008ef00000|  0%| F|  |TAMS 0x000000008ee00000| PB 0x000000008ee00000| Untracked 
| 239|0x000000008ef00000, 0x000000008ef00000, 0x000000008f000000|  0%| F|  |TAMS 0x000000008ef00000| PB 0x000000008ef00000| Untracked 
| 240|0x000000008f000000, 0x000000008f000000, 0x000000008f100000|  0%| F|  |TAMS 0x000000008f000000| PB 0x000000008f000000| Untracked 
| 241|0x000000008f100000, 0x000000008f100000, 0x000000008f200000|  0%| F|  |TAMS 0x000000008f100000| PB 0x000000008f100000| Untracked 
| 242|0x000000008f200000, 0x000000008f200000, 0x000000008f300000|  0%| F|  |TAMS 0x000000008f200000| PB 0x000000008f200000| Untracked 
| 243|0x000000008f300000, 0x000000008f300000, 0x000000008f400000|  0%| F|  |TAMS 0x000000008f300000| PB 0x000000008f300000| Untracked 
| 244|0x000000008f400000, 0x000000008f400000, 0x000000008f500000|  0%| F|  |TAMS 0x000000008f400000| PB 0x000000008f400000| Untracked 
| 245|0x000000008f500000, 0x000000008f500000, 0x000000008f600000|  0%| F|  |TAMS 0x000000008f500000| PB 0x000000008f500000| Untracked 
| 246|0x000000008f600000, 0x000000008f600000, 0x000000008f700000|  0%| F|  |TAMS 0x000000008f600000| PB 0x000000008f600000| Untracked 
| 247|0x000000008f700000, 0x000000008f700000, 0x000000008f800000|  0%| F|  |TAMS 0x000000008f700000| PB 0x000000008f700000| Untracked 
| 248|0x000000008f800000, 0x000000008f800000, 0x000000008f900000|  0%| F|  |TAMS 0x000000008f800000| PB 0x000000008f800000| Untracked 
| 249|0x000000008f900000, 0x000000008f900000, 0x000000008fa00000|  0%| F|  |TAMS 0x000000008f900000| PB 0x000000008f900000| Untracked 
| 250|0x000000008fa00000, 0x000000008fa00000, 0x000000008fb00000|  0%| F|  |TAMS 0x000000008fa00000| PB 0x000000008fa00000| Untracked 
| 251|0x000000008fb00000, 0x000000008fb00000, 0x000000008fc00000|  0%| F|  |TAMS 0x000000008fb00000| PB 0x000000008fb00000| Untracked 
| 252|0x000000008fc00000, 0x000000008fc00000, 0x000000008fd00000|  0%| F|  |TAMS 0x000000008fc00000| PB 0x000000008fc00000| Untracked 
| 253|0x000000008fd00000, 0x000000008fd00000, 0x000000008fe00000|  0%| F|  |TAMS 0x000000008fd00000| PB 0x000000008fd00000| Untracked 
| 254|0x000000008fe00000, 0x000000008fe00000, 0x000000008ff00000|  0%| F|  |TAMS 0x000000008fe00000| PB 0x000000008fe00000| Untracked 
| 255|0x000000008ff00000, 0x000000008ff00000, 0x0000000090000000|  0%| F|  |TAMS 0x000000008ff00000| PB 0x000000008ff00000| Untracked 
| 256|0x0000000090000000, 0x0000000090000000, 0x0000000090100000|  0%| F|  |TAMS 0x0000000090000000| PB 0x0000000090000000| Untracked 
| 257|0x0000000090100000, 0x0000000090100000, 0x0000000090200000|  0%| F|  |TAMS 0x0000000090100000| PB 0x0000000090100000| Untracked 
| 258|0x0000000090200000, 0x0000000090200000, 0x0000000090300000|  0%| F|  |TAMS 0x0000000090200000| PB 0x0000000090200000| Untracked 
| 259|0x0000000090300000, 0x0000000090300000, 0x0000000090400000|  0%| F|  |TAMS 0x0000000090300000| PB 0x0000000090300000| Untracked 
| 260|0x0000000090400000, 0x0000000090400000, 0x0000000090500000|  0%| F|  |TAMS 0x0000000090400000| PB 0x0000000090400000| Untracked 
| 261|0x0000000090500000, 0x0000000090500000, 0x0000000090600000|  0%| F|  |TAMS 0x0000000090500000| PB 0x0000000090500000| Untracked 
| 262|0x0000000090600000, 0x0000000090600000, 0x0000000090700000|  0%| F|  |TAMS 0x0000000090600000| PB 0x0000000090600000| Untracked 
| 263|0x0000000090700000, 0x0000000090700000, 0x0000000090800000|  0%| F|  |TAMS 0x0000000090700000| PB 0x0000000090700000| Untracked 
| 264|0x0000000090800000, 0x0000000090800000, 0x0000000090900000|  0%| F|  |TAMS 0x0000000090800000| PB 0x0000000090800000| Untracked 
| 265|0x0000000090900000, 0x0000000090900000, 0x0000000090a00000|  0%| F|  |TAMS 0x0000000090900000| PB 0x0000000090900000| Untracked 
| 266|0x0000000090a00000, 0x0000000090a00000, 0x0000000090b00000|  0%| F|  |TAMS 0x0000000090a00000| PB 0x0000000090a00000| Untracked 
| 267|0x0000000090b00000, 0x0000000090b00000, 0x0000000090c00000|  0%| F|  |TAMS 0x0000000090b00000| PB 0x0000000090b00000| Untracked 
| 268|0x0000000090c00000, 0x0000000090c00000, 0x0000000090d00000|  0%| F|  |TAMS 0x0000000090c00000| PB 0x0000000090c00000| Untracked 
| 269|0x0000000090d00000, 0x0000000090d00000, 0x0000000090e00000|  0%| F|  |TAMS 0x0000000090d00000| PB 0x0000000090d00000| Untracked 
| 270|0x0000000090e00000, 0x0000000090e00000, 0x0000000090f00000|  0%| F|  |TAMS 0x0000000090e00000| PB 0x0000000090e00000| Untracked 
| 271|0x0000000090f00000, 0x0000000090f00000, 0x0000000091000000|  0%| F|  |TAMS 0x0000000090f00000| PB 0x0000000090f00000| Untracked 
| 272|0x0000000091000000, 0x0000000091000000, 0x0000000091100000|  0%| F|  |TAMS 0x0000000091000000| PB 0x0000000091000000| Untracked 
| 273|0x0000000091100000, 0x0000000091100000, 0x0000000091200000|  0%| F|  |TAMS 0x0000000091100000| PB 0x0000000091100000| Untracked 
| 274|0x0000000091200000, 0x0000000091200000, 0x0000000091300000|  0%| F|  |TAMS 0x0000000091200000| PB 0x0000000091200000| Untracked 
| 275|0x0000000091300000, 0x0000000091300000, 0x0000000091400000|  0%| F|  |TAMS 0x0000000091300000| PB 0x0000000091300000| Untracked 
| 276|0x0000000091400000, 0x0000000091400000, 0x0000000091500000|  0%| F|  |TAMS 0x0000000091400000| PB 0x0000000091400000| Untracked 
| 277|0x0000000091500000, 0x0000000091500000, 0x0000000091600000|  0%| F|  |TAMS 0x0000000091500000| PB 0x0000000091500000| Untracked 
| 278|0x0000000091600000, 0x0000000091600000, 0x0000000091700000|  0%| F|  |TAMS 0x0000000091600000| PB 0x0000000091600000| Untracked 
| 279|0x0000000091700000, 0x0000000091700000, 0x0000000091800000|  0%| F|  |TAMS 0x0000000091700000| PB 0x0000000091700000| Untracked 
| 280|0x0000000091800000, 0x0000000091800000, 0x0000000091900000|  0%| F|  |TAMS 0x0000000091800000| PB 0x0000000091800000| Untracked 
| 281|0x0000000091900000, 0x0000000091900000, 0x0000000091a00000|  0%| F|  |TAMS 0x0000000091900000| PB 0x0000000091900000| Untracked 
| 282|0x0000000091a00000, 0x0000000091a00000, 0x0000000091b00000|  0%| F|  |TAMS 0x0000000091a00000| PB 0x0000000091a00000| Untracked 
| 283|0x0000000091b00000, 0x0000000091b00000, 0x0000000091c00000|  0%| F|  |TAMS 0x0000000091b00000| PB 0x0000000091b00000| Untracked 
| 284|0x0000000091c00000, 0x0000000091c00000, 0x0000000091d00000|  0%| F|  |TAMS 0x0000000091c00000| PB 0x0000000091c00000| Untracked 
| 285|0x0000000091d00000, 0x0000000091d00000, 0x0000000091e00000|  0%| F|  |TAMS 0x0000000091d00000| PB 0x0000000091d00000| Untracked 
| 286|0x0000000091e00000, 0x0000000091e00000, 0x0000000091f00000|  0%| F|  |TAMS 0x0000000091e00000| PB 0x0000000091e00000| Untracked 
| 287|0x0000000091f00000, 0x0000000091f00000, 0x0000000092000000|  0%| F|  |TAMS 0x0000000091f00000| PB 0x0000000091f00000| Untracked 
| 288|0x0000000092000000, 0x0000000092000000, 0x0000000092100000|  0%| F|  |TAMS 0x0000000092000000| PB 0x0000000092000000| Untracked 
| 289|0x0000000092100000, 0x0000000092100000, 0x0000000092200000|  0%| F|  |TAMS 0x0000000092100000| PB 0x0000000092100000| Untracked 
| 290|0x0000000092200000, 0x0000000092200000, 0x0000000092300000|  0%| F|  |TAMS 0x0000000092200000| PB 0x0000000092200000| Untracked 
| 291|0x0000000092300000, 0x0000000092300000, 0x0000000092400000|  0%| F|  |TAMS 0x0000000092300000| PB 0x0000000092300000| Untracked 
| 292|0x0000000092400000, 0x0000000092400000, 0x0000000092500000|  0%| F|  |TAMS 0x0000000092400000| PB 0x0000000092400000| Untracked 
| 293|0x0000000092500000, 0x0000000092500000, 0x0000000092600000|  0%| F|  |TAMS 0x0000000092500000| PB 0x0000000092500000| Untracked 
| 294|0x0000000092600000, 0x0000000092600000, 0x0000000092700000|  0%| F|  |TAMS 0x0000000092600000| PB 0x0000000092600000| Untracked 
| 295|0x0000000092700000, 0x0000000092700000, 0x0000000092800000|  0%| F|  |TAMS 0x0000000092700000| PB 0x0000000092700000| Untracked 
| 296|0x0000000092800000, 0x0000000092800000, 0x0000000092900000|  0%| F|  |TAMS 0x0000000092800000| PB 0x0000000092800000| Untracked 
| 297|0x0000000092900000, 0x0000000092900000, 0x0000000092a00000|  0%| F|  |TAMS 0x0000000092900000| PB 0x0000000092900000| Untracked 
| 298|0x0000000092a00000, 0x0000000092a00000, 0x0000000092b00000|  0%| F|  |TAMS 0x0000000092a00000| PB 0x0000000092a00000| Untracked 
| 299|0x0000000092b00000, 0x0000000092b00000, 0x0000000092c00000|  0%| F|  |TAMS 0x0000000092b00000| PB 0x0000000092b00000| Untracked 
| 300|0x0000000092c00000, 0x0000000092c00000, 0x0000000092d00000|  0%| F|  |TAMS 0x0000000092c00000| PB 0x0000000092c00000| Untracked 
| 301|0x0000000092d00000, 0x0000000092d00000, 0x0000000092e00000|  0%| F|  |TAMS 0x0000000092d00000| PB 0x0000000092d00000| Untracked 
| 302|0x0000000092e00000, 0x0000000092e00000, 0x0000000092f00000|  0%| F|  |TAMS 0x0000000092e00000| PB 0x0000000092e00000| Untracked 
| 303|0x0000000092f00000, 0x0000000092f00000, 0x0000000093000000|  0%| F|  |TAMS 0x0000000092f00000| PB 0x0000000092f00000| Untracked 
| 304|0x0000000093000000, 0x0000000093000000, 0x0000000093100000|  0%| F|  |TAMS 0x0000000093000000| PB 0x0000000093000000| Untracked 
| 305|0x0000000093100000, 0x0000000093100000, 0x0000000093200000|  0%| F|  |TAMS 0x0000000093100000| PB 0x0000000093100000| Untracked 
| 306|0x0000000093200000, 0x0000000093200000, 0x0000000093300000|  0%| F|  |TAMS 0x0000000093200000| PB 0x0000000093200000| Untracked 
| 307|0x0000000093300000, 0x0000000093300000, 0x0000000093400000|  0%| F|  |TAMS 0x0000000093300000| PB 0x0000000093300000| Untracked 
| 308|0x0000000093400000, 0x0000000093400000, 0x0000000093500000|  0%| F|  |TAMS 0x0000000093400000| PB 0x0000000093400000| Untracked 
| 309|0x0000000093500000, 0x0000000093500000, 0x0000000093600000|  0%| F|  |TAMS 0x0000000093500000| PB 0x0000000093500000| Untracked 
| 310|0x0000000093600000, 0x0000000093600000, 0x0000000093700000|  0%| F|  |TAMS 0x0000000093600000| PB 0x0000000093600000| Untracked 
| 311|0x0000000093700000, 0x0000000093700000, 0x0000000093800000|  0%| F|  |TAMS 0x0000000093700000| PB 0x0000000093700000| Untracked 
| 312|0x0000000093800000, 0x0000000093800000, 0x0000000093900000|  0%| F|  |TAMS 0x0000000093800000| PB 0x0000000093800000| Untracked 
| 313|0x0000000093900000, 0x0000000093900000, 0x0000000093a00000|  0%| F|  |TAMS 0x0000000093900000| PB 0x0000000093900000| Untracked 
| 314|0x0000000093a00000, 0x0000000093a00000, 0x0000000093b00000|  0%| F|  |TAMS 0x0000000093a00000| PB 0x0000000093a00000| Untracked 
| 315|0x0000000093b00000, 0x0000000093b00000, 0x0000000093c00000|  0%| F|  |TAMS 0x0000000093b00000| PB 0x0000000093b00000| Untracked 
| 316|0x0000000093c00000, 0x0000000093c00000, 0x0000000093d00000|  0%| F|  |TAMS 0x0000000093c00000| PB 0x0000000093c00000| Untracked 
| 317|0x0000000093d00000, 0x0000000093d00000, 0x0000000093e00000|  0%| F|  |TAMS 0x0000000093d00000| PB 0x0000000093d00000| Untracked 
|2034|0x00000000ff200000, 0x00000000ff300000, 0x00000000ff300000|100%| O|  |TAMS 0x00000000ff300000| PB 0x00000000ff200000| Untracked 
|2035|0x00000000ff300000, 0x00000000ff300000, 0x00000000ff400000|  0%| F|  |TAMS 0x00000000ff300000| PB 0x00000000ff300000| Untracked 
|2036|0x00000000ff400000, 0x00000000ff500000, 0x00000000ff500000|100%| O|  |TAMS 0x00000000ff500000| PB 0x00000000ff400000| Untracked 
|2037|0x00000000ff500000, 0x00000000ff600000, 0x00000000ff600000|100%| O|  |TAMS 0x00000000ff600000| PB 0x00000000ff500000| Untracked 
|2038|0x00000000ff600000, 0x00000000ff600000, 0x00000000ff700000|  0%| F|  |TAMS 0x00000000ff600000| PB 0x00000000ff600000| Untracked 
|2039|0x00000000ff700000, 0x00000000ff800000, 0x00000000ff800000|100%| O|  |TAMS 0x00000000ff800000| PB 0x00000000ff700000| Untracked 
|2040|0x00000000ff800000, 0x00000000ff900000, 0x00000000ff900000|100%| O|  |TAMS 0x00000000ff900000| PB 0x00000000ff800000| Untracked 
|2041|0x00000000ff900000, 0x00000000ffa00000, 0x00000000ffa00000|100%| O|  |TAMS 0x00000000ffa00000| PB 0x00000000ff900000| Untracked 
|2042|0x00000000ffa00000, 0x00000000ffb00000, 0x00000000ffb00000|100%| O|  |TAMS 0x00000000ffb00000| PB 0x00000000ffa00000| Untracked 
|2043|0x00000000ffb00000, 0x00000000ffc00000, 0x00000000ffc00000|100%| O|  |TAMS 0x00000000ffc00000| PB 0x00000000ffb00000| Untracked 
|2044|0x00000000ffc00000, 0x00000000ffc00000, 0x00000000ffd00000|  0%| F|  |TAMS 0x00000000ffc00000| PB 0x00000000ffc00000| Untracked 
|2045|0x00000000ffd00000, 0x00000000ffe00000, 0x00000000ffe00000|100%| O|  |TAMS 0x00000000ffe00000| PB 0x00000000ffd00000| Untracked 
|2046|0x00000000ffe00000, 0x00000000fff00000, 0x00000000fff00000|100%| O|  |TAMS 0x00000000fff00000| PB 0x00000000ffe00000| Untracked 
|2047|0x00000000fff00000, 0x0000000100000000, 0x0000000100000000|100%| O|  |TAMS 0x0000000100000000| PB 0x00000000fff00000| Untracked 

Card table byte_map: [0x0000016aca350000,0x0000016aca750000] _byte_map_base: 0x0000016ac9f50000

Marking Bits: (CMBitMap*) 0x0000016ab78e5d50
 Bits: [0x0000016aca750000, 0x0000016acc750000)

Polling page: 0x0000016ab5690000

Metaspace:

Usage:
  Non-class:    103.39 MB used.
      Class:     17.13 MB used.
       Both:    120.52 MB used.

Virtual space:
  Non-class space:      128.00 MB reserved,     104.62 MB ( 82%) committed,  2 nodes.
      Class space:        1.00 GB reserved,      18.25 MB (  2%) committed,  1 nodes.
             Both:        1.12 GB reserved,     122.88 MB ( 11%) committed. 

Chunk freelists:
   Non-Class:  7.27 MB
       Class:  13.78 MB
        Both:  21.04 MB

MaxMetaspaceSize: unlimited
CompressedClassSpaceSize: 1.00 GB
Initial GC threshold: 21.00 MB
Current GC threshold: 204.69 MB
CDS: off
 - commit_granule_bytes: 65536.
 - commit_granule_words: 8192.
 - virtual_space_node_default_size: 8388608.
 - enlarge_chunks_in_place: 1.
 - use_allocation_guard: 0.


Internal statistics:

num_allocs_failed_limit: 9.
num_arena_births: 4680.
num_arena_deaths: 0.
num_vsnodes_births: 3.
num_vsnodes_deaths: 0.
num_space_committed: 1966.
num_space_uncommitted: 0.
num_chunks_returned_to_freelist: 9.
num_chunks_taken_from_freelist: 9973.
num_chunk_merges: 3.
num_chunk_splits: 6439.
num_chunks_enlarged: 4003.
num_inconsistent_stats: 0.

CodeHeap 'non-profiled nmethods': size=120000Kb used=8372Kb max_used=8376Kb free=111627Kb
 bounds [0x0000016ac24c0000, 0x0000016ac2d10000, 0x0000016ac99f0000]
CodeHeap 'profiled nmethods': size=120000Kb used=22989Kb max_used=23275Kb free=97010Kb
 bounds [0x0000016aba9f0000, 0x0000016abc0b0000, 0x0000016ac1f20000]
CodeHeap 'non-nmethods': size=5760Kb used=2100Kb max_used=2154Kb free=3659Kb
 bounds [0x0000016ac1f20000, 0x0000016ac2190000, 0x0000016ac24c0000]
CodeCache: size=245760Kb, used=33461Kb, max_used=33805Kb, free=212296Kb
 total_blobs=13426, nmethods=12472, adapters=856, full_count=0
Compilation: enabled, stopped_count=0, restarted_count=0

Compilation events (20 events):
Event: 34.461 Thread 0x0000016acf5d4060 nmethod 15279 0x0000016ac29d9590 code [0x0000016ac29d9720, 0x0000016ac29d97a8]
Event: 34.461 Thread 0x0000016acf5d4060 15295       4       java.lang.Character::toLowerCase (9 bytes)
Event: 34.463 Thread 0x0000016acf5d4060 nmethod 15295 0x0000016ac29d8f90 code [0x0000016ac29d9120, 0x0000016ac29d9228]
Event: 34.465 Thread 0x0000016acf5d4060 15296       4       org.gradle.internal.snapshot.DirectorySnapshot::<init> (20 bytes)
Event: 34.470 Thread 0x0000016ad4809560 nmethod 15224 0x0000016ac29aa410 code [0x0000016ac29aa680, 0x0000016ac29ab9e8]
Event: 34.471 Thread 0x0000016ad4809560 15297       4       org.gradle.internal.snapshot.AbstractListChildMap$2::withReplacedChild (28 bytes)
Event: 34.472 Thread 0x0000016acf5d4060 nmethod 15296 0x0000016ac284cc90 code [0x0000016ac284ce20, 0x0000016ac284d358]
Event: 34.482 Thread 0x0000016acf5d4060 15298   !   4       sun.nio.fs.WindowsDirectoryStream::iterator (66 bytes)
Event: 34.499 Thread 0x0000016acf5d4060 nmethod 15298 0x0000016ac2b17910 code [0x0000016ac2b17b00, 0x0000016ac2b18368]
Event: 34.499 Thread 0x0000016acf5d4060 15299       4       org.gradle.internal.operations.DefaultBuildOperationListenerManager$1::finished (48 bytes)
Event: 34.505 Thread 0x0000016ad4809560 nmethod 15297 0x0000016ac2b19990 code [0x0000016ac2b19c40, 0x0000016ac2b1ad00]
Event: 34.505 Thread 0x0000016ad4809560 15300       4       org.gradle.tooling.internal.provider.runner.ClientBuildEventGenerator::started (168 bytes)
Event: 34.506 Thread 0x0000016acf5d4060 nmethod 15299 0x0000016ac2b19110 code [0x0000016ac2b192e0, 0x0000016ac2b195c0]
Event: 34.506 Thread 0x0000016acf5d4060 15301       4       org.gradle.internal.snapshot.AbstractFileSystemLocationSnapshot::getSnapshot (5 bytes)
Event: 34.507 Thread 0x0000016acf5d4060 nmethod 15301 0x0000016ac284c910 code [0x0000016ac284caa0, 0x0000016ac284cb90]
Event: 34.512 Thread 0x0000016acf5d4060 15302   !   4       java.util.concurrent.locks.AbstractQueuedSynchronizer::acquire (424 bytes)
Event: 34.543 Thread 0x0000016ad4809560 nmethod 15300 0x0000016ac2c37c10 code [0x0000016ac2c37ec0, 0x0000016ac2c38c50]
Event: 34.543 Thread 0x0000016ad4809560 15303   !   4       sun.nio.fs.WindowsDirectoryStream::close (59 bytes)
Event: 34.556 Thread 0x0000016ad4809560 nmethod 15303 0x0000016ac2b16a90 code [0x0000016ac2b16ca0, 0x0000016ac2b173e0]
Event: 34.563 Thread 0x0000016ad4809560 15304   !   4       java.nio.file.FileTreeWalker::visit (204 bytes)

GC Heap History (20 events):
Event: 30.793 GC heap after
{Heap after GC invocations=46 (full 0):
 garbage-first heap   total 222208K, used 129663K [0x0000000080000000, 0x0000000100000000)
  region size 1024K, 7 young (7168K), 7 survivors (7168K)
 Metaspace       used 119339K, committed 121664K, reserved 1179648K
  class space    used 16994K, committed 18112K, reserved 1048576K
}
Event: 31.403 GC heap before
{Heap before GC invocations=46 (full 0):
 garbage-first heap   total 222208K, used 205439K [0x0000000080000000, 0x0000000100000000)
  region size 1024K, 82 young (83968K), 7 survivors (7168K)
 Metaspace       used 119670K, committed 122048K, reserved 1179648K
  class space    used 17038K, committed 18176K, reserved 1048576K
}
Event: 31.411 GC heap after
{Heap after GC invocations=47 (full 0):
 garbage-first heap   total 222208K, used 129306K [0x0000000080000000, 0x0000000100000000)
  region size 1024K, 7 young (7168K), 7 survivors (7168K)
 Metaspace       used 119670K, committed 122048K, reserved 1179648K
  class space    used 17038K, committed 18176K, reserved 1048576K
}
Event: 31.567 GC heap before
{Heap before GC invocations=47 (full 0):
 garbage-first heap   total 222208K, used 206106K [0x0000000080000000, 0x0000000100000000)
  region size 1024K, 83 young (84992K), 7 survivors (7168K)
 Metaspace       used 119670K, committed 122048K, reserved 1179648K
  class space    used 17038K, committed 18176K, reserved 1048576K
}
Event: 31.573 GC heap after
{Heap after GC invocations=48 (full 0):
 garbage-first heap   total 222208K, used 130158K [0x0000000080000000, 0x0000000100000000)
  region size 1024K, 6 young (6144K), 6 survivors (6144K)
 Metaspace       used 119670K, committed 122048K, reserved 1179648K
  class space    used 17038K, committed 18176K, reserved 1048576K
}
Event: 31.977 GC heap before
{Heap before GC invocations=49 (full 0):
 garbage-first heap   total 222208K, used 207982K [0x0000000080000000, 0x0000000100000000)
  region size 1024K, 83 young (84992K), 6 survivors (6144K)
 Metaspace       used 119733K, committed 122112K, reserved 1179648K
  class space    used 17043K, committed 18176K, reserved 1048576K
}
Event: 31.985 GC heap after
{Heap after GC invocations=50 (full 0):
 garbage-first heap   total 222208K, used 131099K [0x0000000080000000, 0x0000000100000000)
  region size 1024K, 7 young (7168K), 7 survivors (7168K)
 Metaspace       used 119733K, committed 122112K, reserved 1179648K
  class space    used 17043K, committed 18176K, reserved 1048576K
}
Event: 32.112 GC heap before
{Heap before GC invocations=50 (full 0):
 garbage-first heap   total 222208K, used 208923K [0x0000000080000000, 0x0000000100000000)
  region size 1024K, 83 young (84992K), 7 survivors (7168K)
 Metaspace       used 119733K, committed 122112K, reserved 1179648K
  class space    used 17043K, committed 18176K, reserved 1048576K
}
Event: 32.122 GC heap after
{Heap after GC invocations=51 (full 0):
 garbage-first heap   total 339968K, used 129817K [0x0000000080000000, 0x0000000100000000)
  region size 1024K, 7 young (7168K), 7 survivors (7168K)
 Metaspace       used 119733K, committed 122112K, reserved 1179648K
  class space    used 17043K, committed 18176K, reserved 1048576K
}
Event: 33.272 GC heap before
{Heap before GC invocations=51 (full 0):
 garbage-first heap   total 339968K, used 312089K [0x0000000080000000, 0x0000000100000000)
  region size 1024K, 186 young (190464K), 7 survivors (7168K)
 Metaspace       used 123130K, committed 125504K, reserved 1179648K
  class space    used 17490K, committed 18624K, reserved 1048576K
}
Event: 33.282 GC heap after
{Heap after GC invocations=52 (full 0):
 garbage-first heap   total 339968K, used 134598K [0x0000000080000000, 0x0000000100000000)
  region size 1024K, 11 young (11264K), 11 survivors (11264K)
 Metaspace       used 123130K, committed 125504K, reserved 1179648K
  class space    used 17490K, committed 18624K, reserved 1048576K
}
Event: 33.575 GC heap before
{Heap before GC invocations=52 (full 0):
 garbage-first heap   total 339968K, used 312774K [0x0000000080000000, 0x0000000100000000)
  region size 1024K, 186 young (190464K), 11 survivors (11264K)
 Metaspace       used 123371K, committed 125760K, reserved 1179648K
  class space    used 17540K, committed 18688K, reserved 1048576K
}
Event: 33.584 GC heap after
{Heap after GC invocations=53 (full 0):
 garbage-first heap   total 339968K, used 135845K [0x0000000080000000, 0x0000000100000000)
  region size 1024K, 12 young (12288K), 12 survivors (12288K)
 Metaspace       used 123371K, committed 125760K, reserved 1179648K
  class space    used 17540K, committed 18688K, reserved 1048576K
}
Event: 33.781 GC heap before
{Heap before GC invocations=53 (full 0):
 garbage-first heap   total 339968K, used 319141K [0x0000000080000000, 0x0000000100000000)
  region size 1024K, 191 young (195584K), 12 survivors (12288K)
 Metaspace       used 123375K, committed 125760K, reserved 1179648K
  class space    used 17540K, committed 18688K, reserved 1048576K
}
Event: 33.792 GC heap after
{Heap after GC invocations=54 (full 0):
 garbage-first heap   total 339968K, used 136052K [0x0000000080000000, 0x0000000100000000)
  region size 1024K, 13 young (13312K), 13 survivors (13312K)
 Metaspace       used 123375K, committed 125760K, reserved 1179648K
  class space    used 17540K, committed 18688K, reserved 1048576K
}
Event: 34.083 GC heap before
{Heap before GC invocations=55 (full 0):
 garbage-first heap   total 339968K, used 319348K [0x0000000080000000, 0x0000000100000000)
  region size 1024K, 193 young (197632K), 13 survivors (13312K)
 Metaspace       used 123381K, committed 125760K, reserved 1179648K
  class space    used 17540K, committed 18688K, reserved 1048576K
}
Event: 34.093 GC heap after
{Heap after GC invocations=56 (full 0):
 garbage-first heap   total 339968K, used 136750K [0x0000000080000000, 0x0000000100000000)
  region size 1024K, 13 young (13312K), 13 survivors (13312K)
 Metaspace       used 123381K, committed 125760K, reserved 1179648K
  class space    used 17540K, committed 18688K, reserved 1048576K
}
Event: 34.364 GC heap before
{Heap before GC invocations=56 (full 0):
 garbage-first heap   total 339968K, used 320046K [0x0000000080000000, 0x0000000100000000)
  region size 1024K, 193 young (197632K), 13 survivors (13312K)
 Metaspace       used 123417K, committed 125824K, reserved 1179648K
  class space    used 17543K, committed 18688K, reserved 1048576K
}
Event: 34.376 GC heap after
{Heap after GC invocations=57 (full 0):
 garbage-first heap   total 339968K, used 137136K [0x0000000080000000, 0x0000000100000000)
  region size 1024K, 15 young (15360K), 15 survivors (15360K)
 Metaspace       used 123417K, committed 125824K, reserved 1179648K
  class space    used 17543K, committed 18688K, reserved 1048576K
}
Event: 34.577 GC heap before
{Heap before GC invocations=57 (full 0):
 garbage-first heap   total 339968K, used 319408K [0x0000000080000000, 0x0000000100000000)
  region size 1024K, 194 young (198656K), 15 survivors (15360K)
 Metaspace       used 123417K, committed 125824K, reserved 1179648K
  class space    used 17543K, committed 18688K, reserved 1048576K
}

Dll operation events (3 events):
Event: 0.022 Loaded shared library C:\Program Files\Android\Android Studio\jbr\bin\java.dll
Event: 0.030 Loaded shared library C:\Program Files\Android\Android Studio\jbr\bin\zip.dll
Event: 1.685 Loaded shared library C:\Program Files\Android\Android Studio\jbr\bin\verify.dll

Deoptimization events (20 events):
Event: 33.460 Thread 0x0000016ae1024860 Uncommon trap: trap_request=0xffffffde fr.pc=0x0000016ac2647c94 relative=0x0000000000000854
Event: 33.460 Thread 0x0000016ae1024860 Uncommon trap: reason=class_check action=maybe_recompile pc=0x0000016ac2647c94 method=java.lang.ThreadLocal.setInitialValue(Ljava/lang/Thread;)Ljava/lang/Object; @ 27 c2
Event: 33.460 Thread 0x0000016ae1024860 DEOPT PACKING pc=0x0000016ac2647c94 sp=0x0000001bd4efe3a0
Event: 33.460 Thread 0x0000016ae1024860 DEOPT UNPACKING pc=0x0000016ac1f743a2 sp=0x0000001bd4efe370 mode 2
Event: 33.480 Thread 0x0000016ada3addd0 DEOPT PACKING pc=0x0000016abaa0c6a1 sp=0x0000001bd12fb6f0
Event: 33.480 Thread 0x0000016ada3addd0 DEOPT UNPACKING pc=0x0000016ac1f74b42 sp=0x0000001bd12fac00 mode 0
Event: 34.120 Thread 0x0000016ad6e8f3c0 DEOPT PACKING pc=0x0000016abaa0c6c2 sp=0x0000001bcc9fc760
Event: 34.120 Thread 0x0000016ad6e8f3c0 DEOPT UNPACKING pc=0x0000016ac1f74b42 sp=0x0000001bcc9fbc70 mode 0
Event: 34.174 Thread 0x0000016ad6e8f3c0 DEOPT PACKING pc=0x0000016abaa0c6c2 sp=0x0000001bcc9fd0a0
Event: 34.174 Thread 0x0000016ad6e8f3c0 DEOPT UNPACKING pc=0x0000016ac1f74b42 sp=0x0000001bcc9fc5b0 mode 0
Event: 34.210 Thread 0x0000016ad4499f20 DEOPT PACKING pc=0x0000016abb0c8edb sp=0x0000001bcb0fda80
Event: 34.210 Thread 0x0000016ad4499f20 DEOPT UNPACKING pc=0x0000016ac1f74b42 sp=0x0000001bcb0fcf48 mode 0
Event: 34.219 Thread 0x0000016ada3addd0 Uncommon trap: trap_request=0xffffffc6 fr.pc=0x0000016ac274b9c0 relative=0x0000000000000260
Event: 34.219 Thread 0x0000016ada3addd0 Uncommon trap: reason=bimorphic_or_optimized_type_check action=maybe_recompile pc=0x0000016ac274b9c0 method=java.util.Spliterators$IteratorSpliterator.tryAdvance(Ljava/util/function/Consumer;)Z @ 50 c2
Event: 34.219 Thread 0x0000016ada3addd0 DEOPT PACKING pc=0x0000016ac274b9c0 sp=0x0000001bd12fe200
Event: 34.219 Thread 0x0000016ada3addd0 DEOPT UNPACKING pc=0x0000016ac1f743a2 sp=0x0000001bd12fe1a0 mode 2
Event: 34.303 Thread 0x0000016ad84a5730 DEOPT PACKING pc=0x0000016abaa0c6a1 sp=0x0000001bcddfe100
Event: 34.303 Thread 0x0000016ad84a5730 DEOPT UNPACKING pc=0x0000016ac1f74b42 sp=0x0000001bcddfd610 mode 0
Event: 34.313 Thread 0x0000016ad84a3cf0 DEOPT PACKING pc=0x0000016abaa0c6c2 sp=0x0000001bcdafe110
Event: 34.313 Thread 0x0000016ad84a3cf0 DEOPT UNPACKING pc=0x0000016ac1f74b42 sp=0x0000001bcdafd620 mode 0

Classes loaded (20 events):
Event: 33.222 Loading class java/rmi/server/RMIClientSocketFactory
Event: 33.223 Loading class java/rmi/server/RMIClientSocketFactory done
Event: 33.304 Loading class java/lang/IllegalThreadStateException
Event: 33.305 Loading class java/lang/IllegalThreadStateException done
Event: 33.353 Loading class java/lang/ProcessImpl
Event: 33.356 Loading class java/lang/ProcessImpl done
Event: 33.386 Loading class java/lang/ProcessHandleImpl
Event: 33.388 Loading class java/lang/ProcessHandleImpl done
Event: 33.395 Loading class java/lang/ProcessImpl$2
Event: 33.395 Loading class java/lang/ProcessImpl$2 done
Event: 33.396 Loading class java/lang/Process$PipeInputStream
Event: 33.396 Loading class java/lang/Process$PipeInputStream done
Event: 33.404 Loading class java/lang/ProcessBuilder$NullInputStream
Event: 33.404 Loading class java/lang/ProcessBuilder$NullInputStream done
Event: 33.404 Loading class jdk/internal/event/ProcessStartEvent
Event: 33.413 Loading class jdk/internal/event/ProcessStartEvent done
Event: 33.415 Loading class java/util/concurrent/Semaphore$NonfairSync
Event: 33.416 Loading class java/util/concurrent/Semaphore$Sync
Event: 33.416 Loading class java/util/concurrent/Semaphore$Sync done
Event: 33.416 Loading class java/util/concurrent/Semaphore$NonfairSync done

Classes unloaded (0 events):
No events

Classes redefined (0 events):
No events

Internal exceptions (20 events):
Event: 34.522 Thread 0x0000016ad6e8fa50 Exception <a 'sun/nio/fs/WindowsException'{0x000000008b7a8bc0}> (0x000000008b7a8bc0) 
thrown [s\src\hotspot\share\prims\jni.cpp, line 537]
Event: 34.522 Thread 0x0000016ad84a0870 Exception <a 'sun/nio/fs/WindowsException'{0x000000008b66c1a0}> (0x000000008b66c1a0) 
thrown [s\src\hotspot\share\prims\jni.cpp, line 537]
Event: 34.529 Thread 0x0000016ad84a3cf0 Exception <a 'sun/nio/fs/WindowsException'{0x000000008b1be4f8}> (0x000000008b1be4f8) 
thrown [s\src\hotspot\share\prims\jni.cpp, line 537]
Event: 34.531 Thread 0x0000016ad84a0f00 Exception <a 'sun/nio/fs/WindowsException'{0x000000008b0786a8}> (0x000000008b0786a8) 
thrown [s\src\hotspot\share\prims\jni.cpp, line 537]
Event: 34.532 Thread 0x0000016ad84a5730 Exception <a 'sun/nio/fs/WindowsException'{0x000000008ae65008}> (0x000000008ae65008) 
thrown [s\src\hotspot\share\prims\jni.cpp, line 537]
Event: 34.537 Thread 0x0000016ada3addd0 Exception <a 'sun/nio/fs/WindowsException'{0x000000008ab8aa30}> (0x000000008ab8aa30) 
thrown [s\src\hotspot\share\prims\jni.cpp, line 537]
Event: 34.538 Thread 0x0000016ad6e8fa50 Exception <a 'sun/nio/fs/WindowsException'{0x000000008aa7e190}> (0x000000008aa7e190) 
thrown [s\src\hotspot\share\prims\jni.cpp, line 537]
Event: 34.539 Thread 0x0000016ad84a01e0 Exception <a 'sun/nio/fs/WindowsException'{0x000000008aa3b6e8}> (0x000000008aa3b6e8) 
thrown [s\src\hotspot\share\prims\jni.cpp, line 537]
Event: 34.552 Thread 0x0000016ad849fb50 Exception <a 'sun/nio/fs/WindowsException'{0x000000008a442158}> (0x000000008a442158) 
thrown [s\src\hotspot\share\prims\jni.cpp, line 537]
Event: 34.555 Thread 0x0000016ad6e8fa50 Exception <a 'sun/nio/fs/WindowsException'{0x000000008a1d8510}> (0x000000008a1d8510) 
thrown [s\src\hotspot\share\prims\jni.cpp, line 537]
Event: 34.556 Thread 0x0000016ad849f4c0 Exception <a 'sun/nio/fs/WindowsException'{0x000000008a214510}> (0x000000008a214510) 
thrown [s\src\hotspot\share\prims\jni.cpp, line 537]
Event: 34.557 Thread 0x0000016ad84a01e0 Exception <a 'sun/nio/fs/WindowsException'{0x0000000089f5a880}> (0x0000000089f5a880) 
thrown [s\src\hotspot\share\prims\jni.cpp, line 537]
Event: 34.560 Thread 0x0000016ad84a5730 Exception <a 'sun/nio/fs/WindowsException'{0x0000000089abeea8}> (0x0000000089abeea8) 
thrown [s\src\hotspot\share\prims\jni.cpp, line 537]
Event: 34.560 Thread 0x0000016ad84a3cf0 Exception <a 'sun/nio/fs/WindowsException'{0x0000000089ae74d8}> (0x0000000089ae74d8) 
thrown [s\src\hotspot\share\prims\jni.cpp, line 537]
Event: 34.560 Thread 0x0000016ada3addd0 Exception <a 'sun/nio/fs/WindowsException'{0x0000000089bb5830}> (0x0000000089bb5830) 
thrown [s\src\hotspot\share\prims\jni.cpp, line 537]
Event: 34.566 Thread 0x0000016ad84a1590 Exception <a 'sun/nio/fs/WindowsException'{0x00000000894bd108}> (0x00000000894bd108) 
thrown [s\src\hotspot\share\prims\jni.cpp, line 537]
Event: 34.567 Thread 0x0000016ad84a0870 Exception <a 'sun/nio/fs/WindowsException'{0x00000000894f0748}> (0x00000000894f0748) 
thrown [s\src\hotspot\share\prims\jni.cpp, line 537]
Event: 34.567 Thread 0x0000016ad84a0f00 Exception <a 'sun/nio/fs/WindowsException'{0x0000000089393800}> (0x0000000089393800) 
thrown [s\src\hotspot\share\prims\jni.cpp, line 537]
Event: 34.568 Thread 0x0000016ad849e110 Exception <a 'sun/nio/fs/WindowsException'{0x00000000893c58e0}> (0x00000000893c58e0) 
thrown [s\src\hotspot\share\prims\jni.cpp, line 537]
Event: 34.575 Thread 0x0000016ad849fb50 Exception <a 'sun/nio/fs/WindowsException'{0x0000000088f15a70}> (0x0000000088f15a70) 
thrown [s\src\hotspot\share\prims\jni.cpp, line 537]

ZGC Phase Switch (0 events):
No events

VM Operations (20 events):
Event: 33.282 Executing safepoint VM operation: G1CollectForAllocation (G1 Evacuation Pause) done
Event: 33.402 Executing non-safepoint VM operation: HandshakeAllThreads (Deoptimize)
Event: 33.403 Executing non-safepoint VM operation: HandshakeAllThreads (Deoptimize) done
Event: 33.442 Executing non-safepoint VM operation: HandshakeAllThreads (Deoptimize)
Event: 33.442 Executing non-safepoint VM operation: HandshakeAllThreads (Deoptimize) done
Event: 33.447 Executing non-safepoint VM operation: HandshakeAllThreads (Deoptimize)
Event: 33.448 Executing non-safepoint VM operation: HandshakeAllThreads (Deoptimize) done
Event: 33.575 Executing safepoint VM operation: G1CollectForAllocation (G1 Evacuation Pause)
Event: 33.584 Executing safepoint VM operation: G1CollectForAllocation (G1 Evacuation Pause) done
Event: 33.781 Executing safepoint VM operation: G1CollectForAllocation (G1 Evacuation Pause)
Event: 33.792 Executing safepoint VM operation: G1CollectForAllocation (G1 Evacuation Pause) done
Event: 33.921 Executing safepoint VM operation: G1PauseRemark
Event: 33.928 Executing safepoint VM operation: G1PauseRemark done
Event: 33.973 Executing safepoint VM operation: G1PauseCleanup
Event: 33.973 Executing safepoint VM operation: G1PauseCleanup done
Event: 34.083 Executing safepoint VM operation: G1CollectForAllocation (G1 Evacuation Pause)
Event: 34.093 Executing safepoint VM operation: G1CollectForAllocation (G1 Evacuation Pause) done
Event: 34.364 Executing safepoint VM operation: G1CollectForAllocation (G1 Evacuation Pause)
Event: 34.376 Executing safepoint VM operation: G1CollectForAllocation (G1 Evacuation Pause) done
Event: 34.576 Executing safepoint VM operation: G1CollectForAllocation (G1 Evacuation Pause)

Memory protections (0 events):
No events

Nmethod flushes (20 events):
Event: 33.926 Thread 0x0000016acec7e9f0 flushing  nmethod 0x0000016abaeefe10
Event: 33.926 Thread 0x0000016acec7e9f0 flushing  nmethod 0x0000016abb28cd90
Event: 33.926 Thread 0x0000016acec7e9f0 flushing  nmethod 0x0000016abb2e9b10
Event: 33.926 Thread 0x0000016acec7e9f0 flushing  nmethod 0x0000016abb2f0b90
Event: 33.926 Thread 0x0000016acec7e9f0 flushing  nmethod 0x0000016abb43b310
Event: 33.926 Thread 0x0000016acec7e9f0 flushing  nmethod 0x0000016abb43ce90
Event: 33.926 Thread 0x0000016acec7e9f0 flushing  nmethod 0x0000016abbade390
Event: 33.926 Thread 0x0000016acec7e9f0 flushing  nmethod 0x0000016abaa58a90
Event: 33.926 Thread 0x0000016acec7e9f0 flushing  nmethod 0x0000016abaa62c10
Event: 33.926 Thread 0x0000016acec7e9f0 flushing  nmethod 0x0000016abaad0110
Event: 33.926 Thread 0x0000016acec7e9f0 flushing  nmethod 0x0000016ababc8e90
Event: 33.926 Thread 0x0000016acec7e9f0 flushing  nmethod 0x0000016abae0a610
Event: 33.926 Thread 0x0000016acec7e9f0 flushing  nmethod 0x0000016abb0ebd10
Event: 33.926 Thread 0x0000016acec7e9f0 flushing  nmethod 0x0000016abb309e10
Event: 33.926 Thread 0x0000016acec7e9f0 flushing  nmethod 0x0000016abb30e710
Event: 33.926 Thread 0x0000016acec7e9f0 flushing  nmethod 0x0000016abb4d2710
Event: 33.926 Thread 0x0000016acec7e9f0 flushing  nmethod 0x0000016abb4db190
Event: 33.926 Thread 0x0000016acec7e9f0 flushing  nmethod 0x0000016abbedfe10
Event: 33.926 Thread 0x0000016acec7e9f0 flushing  nmethod 0x0000016abbeebf90
Event: 33.926 Thread 0x0000016acec7e9f0 flushing  nmethod 0x0000016abc057c90

Events (20 events):
Event: 31.890 Thread 0x0000016ada3ad740 Thread added: 0x0000016ad7637b70
Event: 31.891 Thread 0x0000016ada3ad740 Thread added: 0x0000016ad76374e0
Event: 31.891 Thread 0x0000016ada3ad740 Thread added: 0x0000016ad763a2d0
Event: 31.894 Thread 0x0000016ada3ad740 Thread added: 0x0000016ad763aff0
Event: 31.900 Thread 0x0000016ada3ad740 Thread added: 0x0000016ad763bd10
Event: 31.903 Thread 0x0000016ada3ad740 Thread added: 0x0000016ad763b680
Event: 31.904 Thread 0x0000016ada3ad740 Thread added: 0x0000016ad763c3a0
Event: 31.905 Thread 0x0000016ada3ad740 Thread added: 0x0000016ae10206c0
Event: 32.286 Thread 0x0000016ada3ad740 Thread added: 0x0000016ae1020d50
Event: 33.084 Thread 0x0000016ada3ad740 Thread added: 0x0000016ae1022100
Event: 33.112 Thread 0x0000016ada3addd0 Thread added: 0x0000016ae1020030
Event: 33.114 Thread 0x0000016ada3addd0 Thread added: 0x0000016ae1022e20
Event: 33.115 Thread 0x0000016ada3addd0 Thread added: 0x0000016ae1021a70
Event: 33.116 Thread 0x0000016ada3addd0 Thread added: 0x0000016ae1024ef0
Event: 33.118 Thread 0x0000016ada3addd0 Thread added: 0x0000016ae1025580
Event: 33.119 Thread 0x0000016ada3addd0 Thread added: 0x0000016ae10241d0
Event: 33.120 Thread 0x0000016ada3addd0 Thread added: 0x0000016ae1023b40
Event: 33.121 Thread 0x0000016ada3addd0 Thread added: 0x0000016ae1022790
Event: 33.123 Thread 0x0000016ada3addd0 Thread added: 0x0000016ae1026930
Event: 33.457 Thread 0x0000016ae1022100 Thread added: 0x0000016ae1024860


Dynamic libraries:
0x00007ff602b60000 - 0x00007ff602b6a000 	C:\Program Files\Android\Android Studio\jbr\bin\java.exe
0x00007ff819700000 - 0x00007ff819967000 	C:\WINDOWS\SYSTEM32\ntdll.dll
0x00007ff818610000 - 0x00007ff8186d9000 	C:\WINDOWS\System32\KERNEL32.DLL
0x00007ff816d10000 - 0x00007ff817107000 	C:\WINDOWS\System32\KERNELBASE.dll
0x00007ff817110000 - 0x00007ff81725b000 	C:\WINDOWS\System32\ucrtbase.dll
0x00007fffeeec0000 - 0x00007fffeeed8000 	C:\Program Files\Android\Android Studio\jbr\bin\jli.dll
0x00007ffffee60000 - 0x00007ffffee7b000 	C:\Program Files\Android\Android Studio\jbr\bin\VCRUNTIME140.dll
0x00007ff818cf0000 - 0x00007ff818eb6000 	C:\WINDOWS\System32\USER32.dll
0x00007ff817260000 - 0x00007ff817287000 	C:\WINDOWS\System32\win32u.dll
0x00007ffffc280000 - 0x00007ffffc512000 	C:\WINDOWS\WinSxS\amd64_microsoft.windows.common-controls_6595b64144ccf1df_6.0.26100.8328_none_3e08182ce334b678\COMCTL32.dll
0x00007ff818010000 - 0x00007ff81803b000 	C:\WINDOWS\System32\GDI32.dll
0x00007ff817480000 - 0x00007ff817529000 	C:\WINDOWS\System32\msvcrt.dll
0x00007ff817350000 - 0x00007ff81747c000 	C:\WINDOWS\System32\gdi32full.dll
0x00007ff816bb0000 - 0x00007ff816c53000 	C:\WINDOWS\System32\msvcp_win.dll
0x00007ff8184f0000 - 0x00007ff818522000 	C:\WINDOWS\System32\IMM32.DLL
0x00007ff80e070000 - 0x00007ff80e07c000 	C:\Program Files\Android\Android Studio\jbr\bin\vcruntime140_1.dll
0x00007fffd3cd0000 - 0x00007fffd3d5d000 	C:\Program Files\Android\Android Studio\jbr\bin\msvcp140.dll
0x00007fff215c0000 - 0x00007fff22256000 	C:\Program Files\Android\Android Studio\jbr\bin\server\jvm.dll
0x00007ff819220000 - 0x00007ff8192d6000 	C:\WINDOWS\System32\ADVAPI32.dll
0x00007ff818fd0000 - 0x00007ff819077000 	C:\WINDOWS\System32\sechost.dll
0x00007ff819100000 - 0x00007ff819218000 	C:\WINDOWS\System32\RPCRT4.dll
0x00007ff817f70000 - 0x00007ff817ff0000 	C:\WINDOWS\System32\WS2_32.dll
0x00007ff815fb0000 - 0x00007ff81600e000 	C:\WINDOWS\SYSTEM32\POWRPROF.dll
0x00007ff810240000 - 0x00007ff810276000 	C:\WINDOWS\SYSTEM32\WINMM.dll
0x00007ff810280000 - 0x00007ff81028b000 	C:\WINDOWS\SYSTEM32\VERSION.dll
0x00007ff815f90000 - 0x00007ff815fa4000 	C:\WINDOWS\SYSTEM32\UMPDC.dll
0x00007ff814e80000 - 0x00007ff814e9b000 	C:\WINDOWS\SYSTEM32\kernel.appcore.dll
0x00007fffffe70000 - 0x00007fffffe7a000 	C:\Program Files\Android\Android Studio\jbr\bin\jimage.dll
0x00007ff80a760000 - 0x00007ff80a9a2000 	C:\WINDOWS\SYSTEM32\DBGHELP.DLL
0x00007ff818140000 - 0x00007ff8184c3000 	C:\WINDOWS\System32\combase.dll
0x00007ff818530000 - 0x00007ff818609000 	C:\WINDOWS\System32\OLEAUT32.dll
0x00007ffffc1b0000 - 0x00007ffffc1eb000 	C:\WINDOWS\SYSTEM32\dbgcore.DLL
0x00007ff816c60000 - 0x00007ff816d08000 	C:\WINDOWS\System32\bcryptPrimitives.dll
0x00007ffff1930000 - 0x00007ffff193e000 	C:\Program Files\Android\Android Studio\jbr\bin\instrument.dll
0x00007ffffee40000 - 0x00007ffffee60000 	C:\Program Files\Android\Android Studio\jbr\bin\java.dll
0x00007ffffee20000 - 0x00007ffffee38000 	C:\Program Files\Android\Android Studio\jbr\bin\zip.dll
0x00007ff817790000 - 0x00007ff817efe000 	C:\WINDOWS\System32\SHELL32.dll
0x00007ff816340000 - 0x00007ff816bac000 	C:\WINDOWS\System32\windows.storage.dll
0x00007ff818ed0000 - 0x00007ff818fc6000 	C:\WINDOWS\System32\SHCORE.dll
0x00007ff819360000 - 0x00007ff8193c6000 	C:\WINDOWS\System32\shlwapi.dll
0x00007ff816050000 - 0x00007ff816079000 	C:\WINDOWS\SYSTEM32\profapi.dll
0x00007fffff450000 - 0x00007fffff460000 	C:\Program Files\Android\Android Studio\jbr\bin\net.dll
0x00007ff80be80000 - 0x00007ff80bfa9000 	C:\WINDOWS\SYSTEM32\WINHTTP.dll
0x00007ff8153d0000 - 0x00007ff81543c000 	C:\WINDOWS\system32\mswsock.dll
0x00007ffffc0d0000 - 0x00007ffffc0e6000 	C:\Program Files\Android\Android Studio\jbr\bin\nio.dll
0x00007ffff5760000 - 0x00007ffff5770000 	C:\Program Files\Android\Android Studio\jbr\bin\verify.dll
0x00007fffe0870000 - 0x00007fffe0897000 	C:\Users\Kabo\.gradle\native\660c5614fbf4a5f2a75b1949f50a0caf5cd603558e7d8a26e50b933a0cfb79d1\windows-amd64\native-platform.dll
0x00007fffd43e0000 - 0x00007fffd4457000 	C:\Users\Kabo\.gradle\native\0.2.8\x86_64-windows-gnu\gradle-fileevents.dll
0x00007ffff6540000 - 0x00007ffff6549000 	C:\Program Files\Android\Android Studio\jbr\bin\management.dll
0x00007ffff5fb0000 - 0x00007ffff5fbb000 	C:\Program Files\Android\Android Studio\jbr\bin\management_ext.dll
0x00007ff818000000 - 0x00007ff818008000 	C:\WINDOWS\System32\PSAPI.DLL
0x00007ff814870000 - 0x00007ff8148a2000 	C:\WINDOWS\SYSTEM32\IPHLPAPI.DLL
0x00007ff818ec0000 - 0x00007ff818eca000 	C:\WINDOWS\System32\NSI.dll
0x00007ffff6550000 - 0x00007ffff6559000 	C:\Program Files\Android\Android Studio\jbr\bin\extnet.dll
0x00007ff8157d0000 - 0x00007ff8157eb000 	C:\WINDOWS\SYSTEM32\CRYPTSP.dll
0x00007ff814de0000 - 0x00007ff814e19000 	C:\WINDOWS\system32\rsaenh.dll
0x00007ff815480000 - 0x00007ff8154b3000 	C:\WINDOWS\SYSTEM32\USERENV.dll
0x00007ff816020000 - 0x00007ff81604a000 	C:\WINDOWS\SYSTEM32\bcrypt.dll
0x00007ff815630000 - 0x00007ff81563c000 	C:\WINDOWS\SYSTEM32\CRYPTBASE.dll
0x00007fffd93e0000 - 0x00007fffd93e8000 	C:\WINDOWS\system32\wshunix.dll
0x00007ff8148b0000 - 0x00007ff8149e2000 	C:\WINDOWS\SYSTEM32\DNSAPI.dll
0x00007ff810b40000 - 0x00007ff810b4b000 	C:\Windows\System32\rasadhlp.dll
0x00007ff80d3a0000 - 0x00007ff80d426000 	C:\WINDOWS\System32\fwpuclnt.dll

JVMTI agents:
C:\Users\Kabo\.gradle\wrapper\dists\gradle-9.3.1-bin\23ovyewtku6u96viwx3xl3oks\gradle-9.3.1\lib\agents\gradle-instrumentation-agent-9.3.1.jar path:C:\Program Files\Android\Android Studio\jbr\bin\instrument.dll, loaded, initialized, instrumentlib options:none

dbghelp: loaded successfully - version: 4.0.5 - missing functions: none
symbol engine: initialized successfully - sym options: 0x614 - pdb path: .;C:\Program Files\Android\Android Studio\jbr\bin;C:\WINDOWS\SYSTEM32;C:\WINDOWS\WinSxS\amd64_microsoft.windows.common-controls_6595b64144ccf1df_6.0.26100.8328_none_3e08182ce334b678;C:\Program Files\Android\Android Studio\jbr\bin\server;C:\Users\Kabo\.gradle\native\660c5614fbf4a5f2a75b1949f50a0caf5cd603558e7d8a26e50b933a0cfb79d1\windows-amd64;C:\Users\Kabo\.gradle\native\0.2.8\x86_64-windows-gnu

VM Arguments:
jvm_args: --add-opens=java.base/java.lang=ALL-UNNAMED --add-opens=java.base/java.lang.invoke=ALL-UNNAMED --add-opens=java.base/java.util=ALL-UNNAMED --add-opens=java.prefs/java.util.prefs=ALL-UNNAMED --add-exports=jdk.compiler/com.sun.tools.javac.api=ALL-UNNAMED --add-exports=jdk.compiler/com.sun.tools.javac.util=ALL-UNNAMED --add-opens=java.base/java.util=ALL-UNNAMED --add-opens=java.prefs/java.util.prefs=ALL-UNNAMED --add-opens=java.base/java.nio.charset=ALL-UNNAMED --add-opens=java.base/java.net=ALL-UNNAMED --add-opens=java.base/java.util.concurrent=ALL-UNNAMED --add-opens=java.base/java.util.concurrent.atomic=ALL-UNNAMED --add-opens=java.xml/javax.xml.namespace=ALL-UNNAMED --add-opens=java.base/java.time=ALL-UNNAMED -Xmx2048m -Dfile.encoding=UTF-8 -Duser.country=US -Duser.language=en -Duser.variant -javaagent:C:\Users\Kabo\.gradle\wrapper\dists\gradle-9.3.1-bin\23ovyewtku6u96viwx3xl3oks\gradle-9.3.1\lib\agents\gradle-instrumentation-agent-9.3.1.jar 
java_command: org.gradle.launcher.daemon.bootstrap.GradleDaemon 9.3.1
java_class_path (initial): C:\Users\Kabo\.gradle\wrapper\dists\gradle-9.3.1-bin\23ovyewtku6u96viwx3xl3oks\gradle-9.3.1\lib\gradle-daemon-main-9.3.1.jar
Launcher Type: SUN_STANDARD

[Global flags]
     intx CICompilerCount                          = 4                                         {product} {ergonomic}
     uint ConcGCThreads                            = 3                                         {product} {ergonomic}
     uint G1ConcRefinementThreads                  = 10                                        {product} {ergonomic}
   size_t G1HeapRegionSize                         = 1048576                                   {product} {ergonomic}
    uintx GCDrainStackTargetSize                   = 64                                        {product} {ergonomic}
   size_t InitialHeapSize                          = 123731968                                 {product} {ergonomic}
   size_t MarkStackSize                            = 4194304                                   {product} {ergonomic}
   size_t MaxHeapSize                              = 2147483648                                {product} {command line}
   size_t MaxNewSize                               = 1287651328                                {product} {ergonomic}
   size_t MinHeapDeltaBytes                        = 1048576                                   {product} {ergonomic}
   size_t MinHeapSize                              = 8388608                                   {product} {ergonomic}
    uintx NonNMethodCodeHeapSize                   = 5839372                                {pd product} {ergonomic}
    uintx NonProfiledCodeHeapSize                  = 122909434                              {pd product} {ergonomic}
    uintx ProfiledCodeHeapSize                     = 122909434                              {pd product} {ergonomic}
    uintx ReservedCodeCacheSize                    = 251658240                              {pd product} {ergonomic}
     bool SegmentedCodeCache                       = true                                      {product} {ergonomic}
   size_t SoftMaxHeapSize                          = 2147483648                             {manageable} {ergonomic}
     bool UseCompressedOops                        = true                           {product lp64_product} {ergonomic}
     bool UseG1GC                                  = true                                      {product} {ergonomic}
     bool UseLargePagesIndividualAllocation        = false                                  {pd product} {ergonomic}

Logging:
Log output configuration:
 #0: stdout all=warning uptime,level,tags foldmultilines=false
 #1: stderr all=off uptime,level,tags foldmultilines=false

Release file:
JAVA_VERSION="21.0.10" 
MODULES="java.base java.compiler java.datatransfer java.xml java.prefs java.desktop java.instrument java.logging java.management java.security.sasl java.naming java.rmi java.management.rmi java.net.http java.scripting java.security.jgss java.transaction.xa java.sql java.sql.rowset java.xml.crypto java.se java.smartcardio jdk.accessibility jdk.internal.jvmstat jdk.attach jdk.charsets jdk.internal.opt jdk.zipfs jdk.compiler jdk.crypto.ec jdk.crypto.cryptoki jdk.dynalink jdk.hotspot.agent jdk.httpserver jdk.internal.ed jdk.internal.le jdk.internal.vm.ci jdk.jartool jdk.javadoc jdk.jcmd jdk.jdeps jdk.jdwp.agent jdk.jdi jdk.jfr jdk.jlink jdk.jsobject jdk.localedata jdk.management jdk.management.agent jdk.management.jfr jdk.naming.dns jdk.naming.rmi jdk.net jdk.sctp jdk.security.auth jdk.security.jgss jdk.unsupported jdk.unsupported.desktop jdk.xml.dom" 
IMPLEMENTOR="JetBrains s.r.o." 
JAVA_RUNTIME_VERSION="21.0.10+-14961533-b1163.108" 
LIBC="default" 
OS_ARCH="x86_64" 
OS_NAME="Windows" 
SOURCE=".:git:1351622c2ff2" 

Environment Variables:
JAVA_HOME=C:\Program Files\Java\jdk-23
PATH=C:\Program Files (x86)\NVIDIA Corporation\PhysX\Common;C:\Program Files\Common Files\Oracle\Java\javapath;C:\WINDOWS\system32;C:\WINDOWS;C:\WINDOWS\System32\Wbem;C:\WINDOWS\System32\WindowsPowerShell\v1.0\;C:\WINDOWS\System32\OpenSSH\;C:\msys64\mingw64\bin;C:\Program Files\Git\cmd;C:\Program Files\nodejs\;D:\sql\160\Tools\Binn\;C:\Program Files\Microsoft SQL Server\160\Tools\Binn\;C:\Program Files\Microsoft SQL Server\Client SDK\ODBC\170\Tools\Binn\;C:\Program Files\Microsoft SQL Server\160\DTS\Binn\;C:\Users\Kabo\AppData\Local\Microsoft\WindowsApps;C:\flutter\flutter\bin;C:\Program Files\Git\bin;C:\dart-sdk\bin;C:\Users\Kabo\AppData\Local\Android\Sdk;C:\cmdline-tools\latest\bin;C:\Users\Kabo\AppData\Local\Programs\Microsoft VS Code\bin;C:\Program Files\Java\jdk-23\bin;D:\Program Files\CLion 2025.1.3\bin;;C:\Users\Kabo\AppData\Local\Pub\Cache\bin;C:\Users\Kabo\AppData\Roaming\npm;C:\Users\Kabo\AppData\Local\GitHubDesktop\bin
USERNAME=Kabo
OS=Windows_NT
PROCESSOR_IDENTIFIER=AMD64 Family 23 Model 104 Stepping 1, AuthenticAMD
TMP=C:\Users\Kabo\AppData\Local\Temp
TEMP=C:\Users\Kabo\AppData\Local\Temp




Periodic native trim disabled

JNI global refs:
JNI global refs: 28, weak refs: 0

JNI global refs memory usage: 835, weak refs: 833

Process memory usage:
Resident Set Size: 595972K (7% of 7681736K total physical memory with 548588K free physical memory)

OOME stack traces (most recent first):
Classloader memory used:
Loader org.gradle.internal.classloader.VisitableURLClassLoader                         : 47612K
Loader bootstrap                                                                       : 32668K
Loader org.gradle.internal.classloader.VisitableURLClassLoader$InstrumentingVisitableURLClassLoader: 28296K
Loader org.gradle.initialization.MixInLegacyTypesClassLoader                           : 13364K
Loader jdk.internal.loader.ClassLoaders$PlatformClassLoader                            : 436K
Loader jdk.internal.reflect.DelegatingClassLoader                                      : 435K
Loader org.gradle.internal.classloader.VisitableURLClassLoader                         : 242K
Loader jdk.internal.loader.ClassLoaders$AppClassLoader                                 : 231K
Loader org.gradle.groovy.scripts.internal.DefaultScriptCompilationHandler$ScriptClassLoader: 129K

Classes loaded by more than one classloader:
Class Program                                                                         : loaded 5 times (x 72B)
Class Build_gradle                                                                    : loaded 3 times (x 126B)
Class com.google.common.collect.RegularImmutableMap$KeySet                            : loaded 2 times (x 152B)
Class ijJvmDebugger1_2vo8nnuqe8yg4l9ak5kr516ns$_run_closure1$_closure2                : loaded 2 times (x 140B)
Class org.gradle.internal.classloader.FilteringClassLoader                            : loaded 2 times (x 105B)
Class com.google.common.base.CharMatcher$IsEither                                     : loaded 2 times (x 111B)
Class org.gradle.internal.classloader.ClassLoaderHierarchy                            : loaded 2 times (x 70B)
Class com.google.common.collect.ImmutableEnumSet                                      : loaded 2 times (x 146B)
Class com.google.common.util.concurrent.ExecutionError                                : loaded 2 times (x 82B)
Class com.google.common.collect.ImmutableList$1                                       : loaded 2 times (x 97B)
Class org.gradle.api.internal.classpath.ManifestUtil                                  : loaded 2 times (x 71B)
Class com.google.common.collect.RegularImmutableMap                                   : loaded 2 times (x 121B)
Class com.google.common.collect.ImmutableMap$MapViewOfValuesAsSingletonSets           : loaded 2 times (x 126B)
Class [Lorg.objectweb.asm.Symbol;                                                     : loaded 2 times (x 69B)
Class org.objectweb.asm.ClassVisitor                                                  : loaded 2 times (x 88B)
Class com.google.common.collect.UnmodifiableListIterator                              : loaded 2 times (x 95B)
Class com.google.common.base.Platform$JdkPatternCompiler                              : loaded 2 times (x 75B)
Class org.objectweb.asm.MethodTooLargeException                                       : loaded 2 times (x 83B)
Class [Lcom.google.common.cache.CacheBuilder$OneWeigher;                              : loaded 2 times (x 69B)
Class com.google.common.base.Suppliers                                                : loaded 2 times (x 71B)
Class org.gradle.internal.classloader.DefaultClassLoaderFactory                       : loaded 2 times (x 82B)
Class org.gradle.internal.classloader.ClassLoaderVisitor                              : loaded 2 times (x 76B)
Class [Lcom.google.common.collect.ImmutableMapEntry;                                  : loaded 2 times (x 69B)
Class org.gradle.api.internal.classpath.EffectiveClassPath                            : loaded 2 times (x 90B)
Class com.google.common.collect.ListMultimap                                          : loaded 2 times (x 70B)
Class com.google.common.collect.ImmutableEnumMap                                      : loaded 2 times (x 126B)
Class com.google.common.collect.ImmutableSet$SerializedForm                           : loaded 2 times (x 73B)
Class com.google.common.collect.Sets$1                                                : loaded 2 times (x 139B)
Class org.objectweb.asm.AnnotationVisitor                                             : loaded 2 times (x 78B)
Class org.gradle.api.internal.DefaultClassPathProvider                                : loaded 2 times (x 76B)
Class com.google.common.collect.Sets$2                                                : loaded 2 times (x 139B)
Class [Lorg.gradle.api.internal.ClassPathProvider;                                    : loaded 2 times (x 69B)
Class org.gradle.api.internal.ClassPathProvider                                       : loaded 2 times (x 70B)
Class [Lorg.objectweb.asm.AnnotationVisitor;                                          : loaded 2 times (x 69B)
Class com.google.common.collect.Sets$3                                                : loaded 2 times (x 139B)
Class com.google.common.cache.LocalCache$LocalLoadingCache                            : loaded 2 times (x 134B)
Class org.gradle.internal.service.UnknownServiceException                             : loaded 2 times (x 83B)
Class com.google.common.collect.Sets$4                                                : loaded 2 times (x 139B)
Class org.objectweb.asm.ModuleVisitor                                                 : loaded 2 times (x 81B)
Class com.google.common.cache.LocalCache$Strength$1                                   : loaded 2 times (x 81B)
Class com.google.common.util.concurrent.SettableFuture                                : loaded 2 times (x 114B)
Class com.google.common.cache.LocalCache$Strength$2                                   : loaded 2 times (x 81B)
Class com.google.common.cache.LocalCache$Strength$3                                   : loaded 2 times (x 81B)
Class com.google.common.collect.MapDifference                                         : loaded 2 times (x 70B)
Class org.objectweb.asm.FieldWriter                                                   : loaded 2 times (x 78B)
Class com.google.common.cache.CacheBuilder$NullListener                               : loaded 2 times (x 82B)
Class org.gradle.internal.classpath.TransformedClassPath                              : loaded 2 times (x 96B)
Class org.gradle.internal.classloader.InstrumentingClassLoader                        : loaded 2 times (x 70B)
Class com.google.common.cache.CacheLoader$FunctionToCacheLoader                       : loaded 2 times (x 75B)
Class com.google.common.collect.Iterators$ArrayItr                                    : loaded 2 times (x 97B)
Class com.google.common.collect.ImmutableCollection$Builder                           : loaded 2 times (x 76B)
Class com.google.common.base.Joiner                                                   : loaded 2 times (x 79B)
Class com.google.common.base.MoreObjects                                              : loaded 2 times (x 71B)
Class com.google.common.base.Equivalence$Identity                                     : loaded 2 times (x 82B)
Class [Lorg.objectweb.asm.Type;                                                       : loaded 2 times (x 69B)
Class com.google.common.collect.UnmodifiableIterator                                  : loaded 2 times (x 80B)
Class org.gradle.internal.service.ServiceLocator                                      : loaded 2 times (x 70B)
Class com.google.common.base.Ascii                                                    : loaded 2 times (x 71B)
Class com.google.common.collect.SingletonImmutableBiMap                               : loaded 2 times (x 143B)
Class com.google.common.cache.LocalCache$1                                            : loaded 2 times (x 89B)
Class com.google.common.collect.Iterators$SingletonIterator                           : loaded 2 times (x 81B)
Class com.google.common.collect.AbstractMapEntry                                      : loaded 2 times (x 81B)
Class com.google.common.collect.Sets$ImprovedAbstractSet                              : loaded 2 times (x 135B)
Class com.google.common.collect.ImmutableList$Builder                                 : loaded 2 times (x 77B)
Class com.google.common.collect.AbstractMultimap                                      : loaded 2 times (x 123B)
Class com.google.common.cache.LocalCache$2                                            : loaded 2 times (x 142B)
Class com.google.common.collect.RegularImmutableAsList                                : loaded 2 times (x 217B)
Class com.google.common.util.concurrent.AbstractFuture$Trusted                        : loaded 2 times (x 70B)
Class com.google.common.collect.Iterators                                             : loaded 2 times (x 71B)
Class com.google.common.collect.Lists$StringAsImmutableList                           : loaded 2 times (x 207B)
Class com.google.common.util.concurrent.UncheckedExecutionException                   : loaded 2 times (x 82B)
Class org.gradle.kotlin.dsl.VersionCatalogAccessorsKt                                 : loaded 2 times (x 71B)
Class com.google.common.collect.AbstractMapBasedMultimap$KeySet$1                     : loaded 2 times (x 82B)
Class org.objectweb.asm.ClassWriter                                                   : loaded 2 times (x 106B)
Class com.google.common.cache.CacheLoader$UnsupportedLoadingOperationException        : loaded 2 times (x 82B)
Class com.google.common.base.CharMatcher$And                                          : loaded 2 times (x 112B)
Class org.gradle.internal.classloader.ClasspathUtil$1                                 : loaded 2 times (x 76B)
Class org.objectweb.asm.FieldVisitor                                                  : loaded 2 times (x 77B)
Class com.google.common.collect.IndexedImmutableSet                                   : loaded 2 times (x 152B)
Class com.google.common.collect.ImmutableMap$1                                        : loaded 2 times (x 81B)
Class com.google.common.collect.BiMap                                                 : loaded 2 times (x 70B)
Class org.gradle.api.internal.classpath.DefaultModuleRegistry$DefaultModule           : loaded 2 times (x 86B)
Class com.google.common.primitives.Ints                                               : loaded 2 times (x 71B)
Class com.google.common.collect.AbstractIterator                                      : loaded 2 times (x 82B)
Class com.google.common.collect.ObjectArrays                                          : loaded 2 times (x 71B)
Class com.google.common.math.MathPreconditions                                        : loaded 2 times (x 71B)
Class com.google.common.collect.Multiset                                              : loaded 2 times (x 70B)
Class com.google.common.collect.ArrayListMultimapGwtSerializationDependencies         : loaded 2 times (x 172B)
Class com.google.common.collect.AbstractIndexedListIterator                           : loaded 2 times (x 96B)
Class com.google.common.collect.ImmutableMapEntrySet                                  : loaded 2 times (x 152B)
Class org.gradle.api.internal.classpath.Module                                        : loaded 2 times (x 70B)
Class com.google.common.cache.Weigher                                                 : loaded 2 times (x 70B)
Class ijKotlinCoroutineJvmDebugInit1_304z3prfvr8kmkv6gmy1lljlt$_run_closure1          : loaded 2 times (x 139B)
Class org.gradle.api.internal.classpath.UnknownModuleException                        : loaded 2 times (x 82B)
Class com.google.common.base.Stopwatch                                                : loaded 2 times (x 72B)
Class com.google.common.cache.LocalCache$Strength                                     : loaded 2 times (x 81B)
Class com.google.common.cache.Cache                                                   : loaded 2 times (x 70B)
Class com.google.common.util.concurrent.AbstractFuture$Cancellation                   : loaded 2 times (x 72B)
Class com.google.common.collect.ImmutableMap$Builder                                  : loaded 2 times (x 82B)
Class com.google.common.cache.RemovalListener                                         : loaded 2 times (x 70B)
Class org.gradle.api.internal.DefaultClassPathRegistry                                : loaded 2 times (x 76B)
Class com.google.common.primitives.IntsMethodsForWeb                                  : loaded 2 times (x 71B)
Class com.google.common.collect.Multimap                                              : loaded 2 times (x 70B)
Class org.gradle.api.internal.ClassPathRegistry                                       : loaded 2 times (x 70B)
Class org.gradle.internal.classpath.DefaultClassPath$ImmutableUniqueList              : loaded 2 times (x 199B)
Class com.google.common.collect.Platform                                              : loaded 2 times (x 71B)
Class com.google.common.cache.CacheBuilder                                            : loaded 2 times (x 72B)
Class com.google.common.collect.SingletonImmutableList                                : loaded 2 times (x 207B)
Class Settings_gradle$1                                                               : loaded 2 times (x 74B)
Class org.gradle.internal.classpath.ClassPath                                         : loaded 2 times (x 70B)
Class com.google.common.base.JdkPattern                                               : loaded 2 times (x 75B)
Class com.google.common.collect.ImmutableList$ReverseImmutableList                    : loaded 2 times (x 209B)
Class org.objectweb.asm.SymbolTable$Entry                                             : loaded 2 times (x 74B)
Class org.objectweb.asm.Edge                                                          : loaded 2 times (x 72B)
Class com.google.common.base.Suppliers$SupplierOfInstance                             : loaded 2 times (x 79B)
Class com.google.common.collect.Iterators$1                                           : loaded 2 times (x 81B)
Class com.google.common.cache.LocalCache$ComputingValueReference                      : loaded 2 times (x 96B)
Class com.google.common.collect.SingletonImmutableSet                                 : loaded 2 times (x 146B)
Class com.google.common.collect.ImmutableMap$IteratorBasedImmutableMap                : loaded 2 times (x 126B)
Class com.google.common.cache.LocalCache$Segment                                      : loaded 2 times (x 154B)
Class com.google.common.collect.AbstractListMultimap                                  : loaded 2 times (x 172B)
Class [Lorg.objectweb.asm.SymbolTable$Entry;                                          : loaded 2 times (x 69B)
Class com.google.common.cache.CacheLoader                                             : loaded 2 times (x 74B)
Class com.google.common.collect.Iterators$4                                           : loaded 2 times (x 82B)
Class com.google.common.collect.ImmutableBiMap                                        : loaded 2 times (x 143B)
Class org.gradle.api.internal.classpath.ModuleRegistry                                : loaded 2 times (x 70B)
Class org.gradle.internal.installation.GradleInstallation$1                           : loaded 2 times (x 75B)
Class com.google.common.collect.ImmutableSet$JdkBackedSetBuilderImpl                  : loaded 2 times (x 76B)
Class com.google.common.util.concurrent.internal.InternalFutureFailureAccess          : loaded 2 times (x 72B)
Class com.google.common.collect.Iterators$5                                           : loaded 2 times (x 82B)
Class com.google.common.cache.LocalCache$LocalManualCache$1                           : loaded 2 times (x 75B)
Class com.google.common.base.CharMatcher$ForPredicate                                 : loaded 2 times (x 112B)
Class com.google.common.base.CharMatcher$AnyOf                                        : loaded 2 times (x 112B)
Class com.google.common.collect.ImmutableCollection                                   : loaded 2 times (x 125B)
Class ijJvmDebugger1_2vo8nnuqe8yg4l9ak5kr516ns                                        : loaded 2 times (x 171B)
Class org.gradle.api.internal.classpath.DefaultModuleRegistry                         : loaded 2 times (x 86B)
Class com.google.common.collect.Lists                                                 : loaded 2 times (x 71B)
Class com.google.common.util.concurrent.ListenableFuture                              : loaded 2 times (x 70B)
Class com.google.common.cache.ReferenceEntry                                          : loaded 2 times (x 70B)
Class com.google.common.base.Converter                                                : loaded 2 times (x 90B)
Class com.google.common.collect.ImmutableSet$CachingAsList                            : loaded 2 times (x 148B)
Class com.google.common.collect.AbstractMapBasedMultimap                              : loaded 2 times (x 139B)
Class com.google.common.util.concurrent.AbstractFuture                                : loaded 2 times (x 106B)
Class com.google.common.base.FunctionalEquivalence                                    : loaded 2 times (x 83B)
Class com.google.common.collect.Iterators$9                                           : loaded 2 times (x 81B)
Class com.google.common.collect.ImmutableAsList                                       : loaded 2 times (x 209B)
Class org.objectweb.asm.RecordComponentVisitor                                        : loaded 2 times (x 77B)
Class com.google.common.cache.CacheLoader$SupplierToCacheLoader                       : loaded 2 times (x 75B)
Class org.gradle.internal.service.ServiceLookupException                              : loaded 2 times (x 82B)
Class [Lcom.google.common.cache.LocalCache$EntryFactory;                              : loaded 2 times (x 69B)
Class org.gradle.internal.classloader.ClassLoaderFactory                              : loaded 2 times (x 70B)
Class com.google.common.base.CommonPattern                                            : loaded 2 times (x 74B)
Class com.google.common.cache.LocalCache$LocalManualCache                             : loaded 2 times (x 99B)
Class com.google.common.base.CharMatcher$IsNot                                        : loaded 2 times (x 111B)
Class org.gradle.internal.service.CachingServiceLocator                               : loaded 2 times (x 82B)
Class com.google.common.collect.AbstractMapBasedMultimap$KeySet                       : loaded 2 times (x 137B)
Class com.google.common.math.IntMath                                                  : loaded 2 times (x 71B)
Class com.google.common.collect.ImmutableMapEntry                                     : loaded 2 times (x 85B)
Class com.google.common.base.Equivalence                                              : loaded 2 times (x 82B)
Class com.google.common.base.Function                                                 : loaded 2 times (x 70B)
Class com.google.common.collect.ImmutableMapEntry$NonTerminalImmutableMapEntry        : loaded 2 times (x 85B)
Class com.google.common.cache.CacheBuilder$OneWeigher                                 : loaded 2 times (x 82B)
Class com.google.common.collect.RegularImmutableList                                  : loaded 2 times (x 213B)
Class org.gradle.internal.classloader.ClasspathUtil                                   : loaded 2 times (x 71B)
Class com.google.common.util.concurrent.Uninterruptibles                              : loaded 2 times (x 71B)
Class com.google.common.util.concurrent.LazyLogger                                    : loaded 2 times (x 72B)
Class com.google.common.collect.Maps                                                  : loaded 2 times (x 71B)
Class ijJvmDebugger1_2vo8nnuqe8yg4l9ak5kr516ns$_run_closure1                          : loaded 2 times (x 139B)
Class org.gradle.api.specs.Spec                                                       : loaded 2 times (x 70B)
Class [Lcom.google.common.collect.ImmutableEntry;                                     : loaded 2 times (x 69B)
Class com.google.common.cache.LocalCache$LoadingValueReference                        : loaded 2 times (x 96B)
Class ijKotlinCoroutineJvmDebugInit1_304z3prfvr8kmkv6gmy1lljlt$_run_closure1$_closure2: loaded 2 times (x 139B)
Class com.google.common.base.Platform                                                 : loaded 2 times (x 71B)
Class [Lorg.objectweb.asm.AnnotationWriter;                                           : loaded 2 times (x 69B)
Class com.google.common.collect.Maps$8                                                : loaded 2 times (x 82B)
Class com.google.common.collect.Sets$SetView                                          : loaded 2 times (x 138B)
Class com.google.common.cache.LocalCache$StrongValueReference                         : loaded 2 times (x 90B)
Class org.objectweb.asm.Type                                                          : loaded 2 times (x 72B)
Class org.gradle.internal.classloader.VisitableURLClassLoader$InstrumentingVisitableURLClassLoader: loaded 2 times (x 123B)
Class com.google.common.math.IntMath$1                                                : loaded 2 times (x 71B)
Class org.objectweb.asm.ByteVector                                                    : loaded 2 times (x 79B)
Class [Lcom.google.common.cache.CacheBuilder$NullListener;                            : loaded 2 times (x 69B)
Class org.gradle.internal.classloader.VisitableURLClassLoader$Spec                    : loaded 2 times (x 74B)
Class org.gradle.internal.classpath.DefaultClassPath                                  : loaded 2 times (x 90B)
Class org.objectweb.asm.Symbol                                                        : loaded 2 times (x 73B)
Class com.google.common.base.CharMatcher$BitSetMatcher                                : loaded 2 times (x 112B)
Class com.google.common.collect.RegularImmutableMap$Values                            : loaded 2 times (x 207B)
Class com.google.common.collect.ImmutableSet                                          : loaded 2 times (x 145B)
Class org.gradle.internal.classloader.ClassLoaderSpec                                 : loaded 2 times (x 71B)
Class org.objectweb.asm.AnnotationWriter                                              : loaded 2 times (x 79B)
Class com.google.common.cache.CacheStats                                              : loaded 2 times (x 71B)
Class org.objectweb.asm.RecordComponentWriter                                         : loaded 2 times (x 78B)
Class com.google.common.util.concurrent.AbstractFuture$Listener                       : loaded 2 times (x 72B)
Class com.google.common.base.CharMatcher$Or                                           : loaded 2 times (x 112B)
Class Settings_gradle$1$1                                                             : loaded 2 times (x 74B)
Class org.objectweb.asm.Attribute                                                     : loaded 2 times (x 77B)
Class com.google.common.base.Supplier                                                 : loaded 2 times (x 70B)
Class org.gradle.internal.classloader.VisitableURLClassLoader                         : loaded 2 times (x 117B)
Class Settings_gradle                                                                 : loaded 2 times (x 124B)
Class org.gradle.internal.Cast                                                        : loaded 2 times (x 71B)
Class org.gradle.api.Action                                                           : loaded 2 times (x 70B)
Class com.google.common.base.Strings                                                  : loaded 2 times (x 71B)
Class com.google.common.collect.Sets                                                  : loaded 2 times (x 71B)
Class org.objectweb.asm.Handler                                                       : loaded 2 times (x 72B)
Class com.google.common.base.Ticker                                                   : loaded 2 times (x 72B)
Class com.google.common.base.CharMatcher$FastMatcher                                  : loaded 2 times (x 111B)
Class [Lcom.google.common.cache.LocalCache$Segment;                                   : loaded 2 times (x 69B)
Class [Lcom.google.common.cache.LocalCache$Strength;                                  : loaded 2 times (x 69B)
Class com.google.common.cache.CacheBuilder$1                                          : loaded 2 times (x 85B)
Class com.google.common.base.Predicate                                                : loaded 2 times (x 70B)
Class com.google.common.collect.ImmutableMap                                          : loaded 2 times (x 120B)
Class org.gradle.internal.classpath.DefaultClassPath$ImmutableUniqueList$Builder      : loaded 2 times (x 75B)
Class com.google.common.cache.LocalCache                                              : loaded 2 times (x 187B)
Class com.google.common.cache.CacheBuilder$2                                          : loaded 2 times (x 79B)
Class com.google.common.base.CharMatcher$NegatedFastMatcher                           : loaded 2 times (x 113B)
Class com.google.common.collect.ArrayListMultimap                                     : loaded 2 times (x 172B)
Class com.google.common.cache.CacheBuilder$3                                          : loaded 2 times (x 72B)
Class [Lcom.google.common.collect.AbstractMapEntry;                                   : loaded 2 times (x 69B)
Class com.google.common.collect.ImmutableEntry                                        : loaded 2 times (x 82B)
Class org.gradle.api.GradleException                                                  : loaded 2 times (x 82B)
Class com.google.common.collect.CollectPreconditions                                  : loaded 2 times (x 71B)
Class com.google.common.collect.SortedMapDifference                                   : loaded 2 times (x 70B)
Class com.google.common.cache.LocalCache$EntryFactory                                 : loaded 2 times (x 83B)
Class com.google.common.cache.LocalCache$AbstractReferenceEntry                       : loaded 2 times (x 107B)
Class org.gradle.internal.IoActions                                                   : loaded 2 times (x 71B)
Class org.objectweb.asm.SymbolTable                                                   : loaded 2 times (x 72B)
Class com.google.common.cache.CacheLoader$InvalidCacheLoadException                   : loaded 2 times (x 82B)
Class com.google.common.collect.ImmutableSet$RegularSetBuilderImpl                    : loaded 2 times (x 77B)
Class org.gradle.internal.classloader.SystemClassLoaderSpec                           : loaded 2 times (x 71B)
Class com.google.common.cache.LocalCache$StrongEntry                                  : loaded 2 times (x 108B)
Class com.google.common.util.concurrent.AbstractFuture$TrustedFuture                  : loaded 2 times (x 114B)
Class com.google.common.cache.LoadingCache                                            : loaded 2 times (x 70B)
Class ijKotlinCoroutineJvmDebugInit1_304z3prfvr8kmkv6gmy1lljlt                        : loaded 2 times (x 171B)
Class org.objectweb.asm.MethodWriter                                                  : loaded 2 times (x 106B)
Class [Lcom.google.common.cache.Weigher;                                              : loaded 2 times (x 69B)
Class com.google.common.collect.RegularImmutableMap$BucketOverflowException           : loaded 2 times (x 82B)
Class com.google.common.collect.RegularImmutableBiMap                                 : loaded 2 times (x 149B)
Class com.google.common.cache.LocalCache$ValueReference                               : loaded 2 times (x 70B)
Class com.google.common.base.CharMatcher$Negated                                      : loaded 2 times (x 113B)
Class com.google.common.base.CharMatcher$Is                                           : loaded 2 times (x 111B)
Class com.google.common.base.PatternCompiler                                          : loaded 2 times (x 70B)
Class com.google.common.util.concurrent.AbstractFuture$Failure                        : loaded 2 times (x 72B)
Class com.google.common.base.Equivalence$Equals                                       : loaded 2 times (x 82B)
Class com.google.common.collect.Hashing                                               : loaded 2 times (x 71B)
Class com.google.common.base.Preconditions                                            : loaded 2 times (x 71B)
Class com.google.common.base.Joiner$1                                                 : loaded 2 times (x 80B)
Class org.objectweb.asm.Label                                                         : loaded 2 times (x 73B)
Class org.objectweb.asm.CurrentFrame                                                  : loaded 2 times (x 73B)
Class org.objectweb.asm.ClassTooLargeException                                        : loaded 2 times (x 83B)
Class com.google.common.base.CharMatcher                                              : loaded 2 times (x 111B)
Class com.google.common.collect.PeekingIterator                                       : loaded 2 times (x 70B)
Class com.google.common.base.Joiner$2                                                 : loaded 2 times (x 79B)
Class org.objectweb.asm.Frame                                                         : loaded 2 times (x 73B)
Class org.objectweb.asm.MethodVisitor                                                 : loaded 2 times (x 105B)
Class com.google.common.cache.LocalCache$EntryFactory$1                               : loaded 2 times (x 83B)
Class [Lcom.google.common.cache.RemovalListener;                                      : loaded 2 times (x 69B)
Class com.google.common.base.CharMatcher$NamedFastMatcher                             : loaded 2 times (x 112B)
Class com.google.common.base.CharMatcher$1                                            : loaded 2 times (x 113B)
Class com.google.common.cache.LocalCache$EntryFactory$2                               : loaded 2 times (x 83B)
Class org.gradle.api.internal.classpath.GlobalCacheRootsProvider                      : loaded 2 times (x 70B)
Class org.objectweb.asm.ModuleWriter                                                  : loaded 2 times (x 82B)
Class com.google.common.cache.LocalCache$EntryFactory$3                               : loaded 2 times (x 83B)
Class com.google.common.base.Ticker$1                                                 : loaded 2 times (x 72B)
Class com.google.common.collect.Maps$BiMapConverter                                   : loaded 2 times (x 90B)
Class com.google.common.collect.ImmutableMapEntrySet$RegularEntrySet                  : loaded 2 times (x 152B)
Class com.google.common.collect.ImmutableSet$Builder                                  : loaded 2 times (x 85B)
Class com.google.common.cache.LocalCache$EntryFactory$4                               : loaded 2 times (x 83B)
Class com.google.common.base.CharMatcher$InRange                                      : loaded 2 times (x 111B)
Class com.google.common.cache.LocalCache$EntryFactory$5                               : loaded 2 times (x 83B)
Class com.google.common.base.PairwiseEquivalence                                      : loaded 2 times (x 83B)
Class com.google.common.cache.LocalCache$EntryFactory$6                               : loaded 2 times (x 83B)
Class org.gradle.internal.installation.CurrentGradleInstallationLocator               : loaded 2 times (x 71B)
Class com.google.common.collect.Maps$KeySet                                           : loaded 2 times (x 137B)
Class com.google.common.collect.ImmutableSet$EmptySetBuilderImpl                      : loaded 2 times (x 76B)
Class com.google.common.cache.LocalCache$EntryFactory$7                               : loaded 2 times (x 83B)
Class com.google.common.collect.ImmutableList                                         : loaded 2 times (x 206B)
Class org.gradle.internal.service.DefaultServiceLocator                               : loaded 2 times (x 83B)
Class com.google.common.cache.LocalCache$EntryFactory$8                               : loaded 2 times (x 83B)
Class com.google.common.collect.ImmutableSet$SetBuilderImpl                           : loaded 2 times (x 76B)
Class org.gradle.internal.installation.CurrentGradleInstallation                      : loaded 2 times (x 73B)
Class com.google.common.cache.CacheLoader$1                                           : loaded 2 times (x 75B)
Class com.google.common.collect.ForwardingObject                                      : loaded 2 times (x 72B)
Class com.google.common.collect.ImmutableList$SubList                                 : loaded 2 times (x 209B)
Class org.gradle.util.internal.GUtil                                                  : loaded 2 times (x 71B)
Class com.google.common.cache.AbstractCache$StatsCounter                              : loaded 2 times (x 70B)
Class com.google.common.collect.Iterators$MergingIterator                             : loaded 2 times (x 81B)
Class com.google.common.collect.RegularImmutableSet                                   : loaded 2 times (x 149B)
Class org.gradle.internal.installation.GradleInstallation                             : loaded 2 times (x 75B)
Class com.google.common.collect.Iterables                                             : loaded 2 times (x 71B)

---------------  S Y S T E M  ---------------

OS:
 Windows 11 , 64 bit Build 26100 (10.0.26100.8328)
OS uptime: 12 days 3:55 hours
Hyper-V role detected

CPU: total 12 (initial active 12) (12 cores per cpu, 2 threads per core) family 23 model 104 stepping 1 microcode 0x8608107, cx8, cmov, fxsr, ht, mmx, 3dnowpref, sse, sse2, sse3, ssse3, sse4a, sse4.1, sse4.2, popcnt, lzcnt, tsc, tscinvbit, avx, avx2, aes, clmul, bmi1, bmi2, adx, sha, fma, vzeroupper, clflush, clflushopt, hv, rdtscp, rdpid, f16c
Processor Information for the first 12 processors :
  Max Mhz: 2100, Current Mhz: 2100, Mhz Limit: 2100

Memory: 4k page, system-wide physical 7501M (535M free)
TotalPageFile size 21837M (AvailPageFile size 68M)
current process WorkingSet (physical memory assigned to process): 585M, peak: 606M
current process commit charge ("private bytes"): 694M, peak: 831M

vm_info: OpenJDK 64-Bit Server VM (21.0.10+-14961533-b1163.108) for windows-amd64 JRE (21.0.10+-14961533-b1163.108), built on 2026-03-02T19:58:50Z by "builder" with MS VC++ 16.10 / 16.11 (VS2019)

END.
